mode: set
github.com/muety/wakapi/utils/auth.go:19.2,20.54 2 0
github.com/muety/wakapi/utils/auth.go:21.3,22.1 1 0
github.com/muety/wakapi/utils/auth.go:24.2,26.16 3 0
github.com/muety/wakapi/utils/auth.go:27.3,28.1 1 0
github.com/muety/wakapi/utils/auth.go:30.2,32.45 3 0
github.com/muety/wakapi/utils/auth.go:33.3,34.1 1 0
github.com/muety/wakapi/utils/auth.go:35.2,36.32 2 0
github.com/muety/wakapi/utils/auth.go:40.2,41.85 2 0
github.com/muety/wakapi/utils/auth.go:42.3,43.1 1 0
github.com/muety/wakapi/utils/auth.go:45.2,46.30 2 0
github.com/muety/wakapi/utils/auth.go:52.2,52.34 1 0
github.com/muety/wakapi/utils/auth.go:53.3,54.1 1 0
github.com/muety/wakapi/utils/auth.go:55.2,55.45 1 0
github.com/muety/wakapi/utils/auth.go:59.2,60.1 1 0
github.com/muety/wakapi/utils/auth.go:63.2,66.1 3 0
github.com/muety/wakapi/utils/auth.go:69.2,71.16 3 0
github.com/muety/wakapi/utils/auth.go:72.3,73.1 1 0
github.com/muety/wakapi/utils/auth.go:74.2,74.16 1 0
github.com/muety/wakapi/utils/auth.go:78.2,81.1 3 0
github.com/muety/wakapi/utils/auth.go:84.2,86.29 3 0
github.com/muety/wakapi/utils/auth.go:87.3,88.1 1 0
github.com/muety/wakapi/utils/auth.go:89.2,90.16 2 0
github.com/muety/wakapi/utils/auth.go:91.3,92.1 1 0
github.com/muety/wakapi/utils/auth.go:93.2,93.16 1 0
github.com/muety/wakapi/utils/collection.go:8.2,8.28 1 0
github.com/muety/wakapi/utils/collection.go:9.3,10.1 1 0
github.com/muety/wakapi/utils/collection.go:11.2,11.26 1 0
github.com/muety/wakapi/utils/collection.go:12.3,13.1 1 0
github.com/muety/wakapi/utils/collection.go:14.2,14.28 1 0
github.com/muety/wakapi/utils/collection.go:18.2,19.22 2 0
github.com/muety/wakapi/utils/collection.go:20.3,20.18 1 0
github.com/muety/wakapi/utils/collection.go:21.4,22.1 1 0
github.com/muety/wakapi/utils/collection.go:23.3,23.12 1 0
github.com/muety/wakapi/utils/collection.go:25.2,25.11 1 0
github.com/muety/wakapi/utils/color.go:10.2,11.16 2 0
github.com/muety/wakapi/utils/color.go:13.3,13.51 1 0
github.com/muety/wakapi/utils/color.go:15.3,18.12 4 0
github.com/muety/wakapi/utils/color.go:20.2,20.8 1 0
github.com/muety/wakapi/utils/color.go:24.2,25.1 1 0
github.com/muety/wakapi/utils/color.go:28.2,28.15 1 0
github.com/muety/wakapi/utils/color.go:29.3,30.1 1 0
github.com/muety/wakapi/utils/color.go:30.9,30.22 1 0
github.com/muety/wakapi/utils/color.go:31.3,32.1 1 0
github.com/muety/wakapi/utils/color.go:34.2,38.1 5 0
github.com/muety/wakapi/utils/color.go:39.2,39.43 5 0
github.com/muety/wakapi/utils/cron.go:6.2,7.21 2 0
github.com/muety/wakapi/utils/cron.go:8.3,9.1 1 0
github.com/muety/wakapi/utils/cron.go:10.2,10.20 1 0
github.com/muety/wakapi/utils/date.go:12.2,13.1 1 0
github.com/muety/wakapi/utils/date.go:16.2,18.1 2 0
github.com/muety/wakapi/utils/date.go:21.2,22.1 1 0
github.com/muety/wakapi/utils/date.go:25.2,26.1 1 0
github.com/muety/wakapi/utils/date.go:29.2,30.1 1 0
github.com/muety/wakapi/utils/date.go:33.2,34.1 1 0
github.com/muety/wakapi/utils/date.go:38.2,39.21 2 0
github.com/muety/wakapi/utils/date.go:40.3,41.1 1 0
github.com/muety/wakapi/utils/date.go:42.2,42.33 1 0
github.com/muety/wakapi/utils/date.go:47.2,48.1 2 1
github.com/muety/wakapi/utils/date.go:49.2,49.33 2 1
github.com/muety/wakapi/utils/date.go:50.3,51.1 2 1
github.com/muety/wakapi/utils/date.go:52.3,52.15 2 1
github.com/muety/wakapi/utils/date.go:53.4,54.12 2 1
github.com/muety/wakapi/utils/date.go:56.3,56.19 1 1
github.com/muety/wakapi/utils/date.go:57.4,58.1 1 1
github.com/muety/wakapi/utils/date.go:59.3,60.10 2 1
github.com/muety/wakapi/utils/date.go:63.2,63.18 1 1
github.com/muety/wakapi/utils/date.go:68.2,70.1 2 0
github.com/muety/wakapi/utils/date.go:74.2,75.1 1 0
github.com/muety/wakapi/utils/date.go:78.2,78.28 1 0
github.com/muety/wakapi/utils/date.go:79.3,80.17 2 0
github.com/muety/wakapi/utils/date.go:81.4,81.65 1 0
github.com/muety/wakapi/utils/date.go:82.5,83.1 1 0
github.com/muety/wakapi/utils/date.go:86.2,86.20 1 0
github.com/muety/wakapi/utils/date.go:90.2,90.28 1 0
github.com/muety/wakapi/utils/date.go:92.3,92.21 1 0
github.com/muety/wakapi/utils/date.go:94.3,94.22 1 0
github.com/muety/wakapi/utils/date.go:96.3,96.24 1 0
github.com/muety/wakapi/utils/date.go:98.3,98.23 1 0
github.com/muety/wakapi/utils/date.go:100.3,100.21 1 0
github.com/muety/wakapi/utils/date.go:102.3,102.23 1 0
github.com/muety/wakapi/utils/date.go:104.3,104.21 1 0
github.com/muety/wakapi/utils/date.go:106.2,106.20 1 0
github.com/muety/wakapi/utils/db.go:13.2,13.37 1 0
github.com/muety/wakapi/utils/db.go:14.3,15.110 2 0
github.com/muety/wakapi/utils/db.go:16.4,18.1 2 0
github.com/muety/wakapi/utils/db.go:19.3,19.20 1 0
github.com/muety/wakapi/utils/db.go:21.2,22.14 2 0
github.com/muety/wakapi/utils/db.go:26.2,26.37 1 0
github.com/muety/wakapi/utils/db.go:27.3,28.119 2 0
github.com/muety/wakapi/utils/db.go:29.4,31.1 2 0
github.com/muety/wakapi/utils/db.go:32.3,32.20 1 0
github.com/muety/wakapi/utils/db.go:34.2,35.14 2 0
github.com/muety/wakapi/utils/db.go:39.2,39.48 1 0
github.com/muety/wakapi/utils/db.go:40.3,41.1 1 0
github.com/muety/wakapi/utils/db.go:42.2,42.53 1 0
github.com/muety/wakapi/utils/db.go:46.2,46.16 1 0
github.com/muety/wakapi/utils/db.go:47.3,48.1 1 0
github.com/muety/wakapi/utils/db.go:49.2,49.15 1 0
github.com/muety/wakapi/utils/db.go:50.3,51.1 1 0
github.com/muety/wakapi/utils/db.go:52.2,52.14 1 0
github.com/muety/wakapi/utils/db.go:60.2,61.1 1 0
github.com/muety/wakapi/utils/db.go:64.2,65.1 1 0
github.com/muety/wakapi/utils/db.go:69.2,72.1 3 0
github.com/muety/wakapi/utils/db.go:76.2,77.41 2 0
github.com/muety/wakapi/utils/db.go:78.3,79.1 1 0
github.com/muety/wakapi/utils/db.go:80.2,80.57 1 0
github.com/muety/wakapi/utils/dns.go:10.2,11.21 2 0
github.com/muety/wakapi/utils/dns.go:12.3,13.1 1 0
github.com/muety/wakapi/utils/dns.go:14.2,15.39 2 0
github.com/muety/wakapi/utils/func.go:11.2,11.15 1 0
github.com/muety/wakapi/utils/func.go:12.3,12.31 1 0
github.com/muety/wakapi/utils/func.go:13.4,16.1 3 0
github.com/muety/wakapi/utils/func.go:18.2,19.12 2 0
github.com/muety/wakapi/utils/func.go:24.2,24.48 1 0
github.com/muety/wakapi/utils/func.go:25.3,26.1 1 0
github.com/muety/wakapi/utils/http.go:80.2,81.1 1 1
github.com/muety/wakapi/utils/http.go:89.2,89.20 1 0
github.com/muety/wakapi/utils/http.go:90.3,91.1 1 0
github.com/muety/wakapi/utils/http.go:92.2,92.19 1 0
github.com/muety/wakapi/utils/http.go:96.2,96.21 1 0
github.com/muety/wakapi/utils/http.go:97.3,98.1 1 0
github.com/muety/wakapi/utils/http.go:99.2,99.34 1 0
github.com/muety/wakapi/utils/http.go:104.2,105.48 2 0
github.com/muety/wakapi/utils/http.go:106.3,107.1 1 0
github.com/muety/wakapi/utils/http.go:108.2,108.93 1 0
github.com/muety/wakapi/utils/http.go:109.3,109.89 1 0
github.com/muety/wakapi/utils/http.go:110.4,111.1 1 0
github.com/muety/wakapi/utils/http.go:113.2,113.14 1 0
github.com/muety/wakapi/utils/http.go:117.2,120.46 4 0
github.com/muety/wakapi/utils/http.go:121.3,122.1 1 0
github.com/muety/wakapi/utils/http.go:123.2,123.73 1 0
github.com/muety/wakapi/utils/http.go:124.3,125.1 1 0
github.com/muety/wakapi/utils/http.go:126.2,126.19 1 0
github.com/muety/wakapi/utils/http.go:130.2,131.26 2 0
github.com/muety/wakapi/utils/http.go:132.3,133.1 1 0
github.com/muety/wakapi/utils/http.go:134.2,134.30 1 0
github.com/muety/wakapi/utils/http.go:135.3,136.1 1 0
github.com/muety/wakapi/utils/http.go:137.2,137.19 1 0
github.com/muety/wakapi/utils/http.go:150.2,151.14 2 1
github.com/muety/wakapi/utils/http.go:152.3,153.1 1 1
github.com/muety/wakapi/utils/http.go:156.2,156.50 1 1
github.com/muety/wakapi/utils/http.go:157.3,158.1 2 1
github.com/muety/wakapi/utils/http.go:159.3,162.38 2 1
github.com/muety/wakapi/utils/http.go:164.4,166.31 3 1
github.com/muety/wakapi/utils/http.go:167.5,168.1 1 1
github.com/muety/wakapi/utils/http.go:169.4,169.31 1 1
github.com/muety/wakapi/utils/http.go:170.5,171.1 1 1
github.com/muety/wakapi/utils/http.go:173.4,174.57 2 1
github.com/muety/wakapi/utils/http.go:175.5,176.1 1 1
github.com/muety/wakapi/utils/http.go:177.4,177.19 1 1
github.com/muety/wakapi/utils/http.go:178.5,179.1 1 1
github.com/muety/wakapi/utils/http.go:179.11,179.29 1 1
github.com/muety/wakapi/utils/http.go:180.5,181.1 1 1
github.com/muety/wakapi/utils/http.go:183.4,184.38 2 1
github.com/muety/wakapi/utils/http.go:185.5,187.1 2 1
github.com/muety/wakapi/utils/http.go:188.4,189.1 2 1
github.com/muety/wakapi/utils/http.go:190.4,194.10 2 1
github.com/muety/wakapi/utils/http.go:199.2,199.61 1 1
github.com/muety/wakapi/utils/http.go:200.3,200.27 1 1
github.com/muety/wakapi/utils/http.go:201.4,205.1 1 1
github.com/muety/wakapi/utils/http.go:205.10,205.62 1 1
github.com/muety/wakapi/utils/http.go:206.4,210.1 1 1
github.com/muety/wakapi/utils/http.go:212.2,212.75 1 0
github.com/muety/wakapi/utils/http.go:216.2,216.16 1 0
github.com/muety/wakapi/utils/http.go:217.3,218.1 1 0
github.com/muety/wakapi/utils/http.go:219.2,219.27 1 0
github.com/muety/wakapi/utils/http.go:220.3,222.100 3 0
github.com/muety/wakapi/utils/http.go:223.4,227.1 4 0
github.com/muety/wakapi/utils/http.go:228.3,228.139 1 0
github.com/muety/wakapi/utils/http.go:230.2,230.17 1 0
github.com/muety/wakapi/utils/http.go:235.2,235.20 1 1
github.com/muety/wakapi/utils/http.go:236.3,237.1 1 0
github.com/muety/wakapi/utils/http.go:239.2,240.1 2 1
github.com/muety/wakapi/utils/http.go:241.2,241.36 2 1
github.com/muety/wakapi/utils/http.go:242.3,247.1 5 1
github.com/muety/wakapi/utils/http.go:249.2,249.68 1 1
github.com/muety/wakapi/utils/http.go:250.3,252.50 3 1
github.com/muety/wakapi/utils/http.go:253.4,254.1 1 1
github.com/muety/wakapi/utils/http.go:257.2,257.11 1 1
github.com/muety/wakapi/utils/http.go:263.2,266.42 1 1
github.com/muety/wakapi/utils/http.go:267.3,268.1 1 1
github.com/muety/wakapi/utils/http.go:269.2,269.35 1 1
github.com/muety/wakapi/utils/http.go:275.2,278.1 4 1
github.com/muety/wakapi/utils/http.go:280.2,280.34 4 1
github.com/muety/wakapi/utils/http.go:281.3,282.32 2 1
github.com/muety/wakapi/utils/http.go:283.4,283.12 1 1
github.com/muety/wakapi/utils/http.go:286.3,288.1 3 1
github.com/muety/wakapi/utils/http.go:289.3,289.70 3 1
github.com/muety/wakapi/utils/http.go:290.4,290.12 1 1
github.com/muety/wakapi/utils/http.go:292.3,292.27 1 1
github.com/muety/wakapi/utils/http.go:293.4,293.12 1 0
github.com/muety/wakapi/utils/http.go:297.3,297.68 1 1
github.com/muety/wakapi/utils/http.go:298.4,298.26 1 1
github.com/muety/wakapi/utils/http.go:299.5,300.1 1 1
github.com/muety/wakapi/utils/http.go:301.4,301.12 1 1
github.com/muety/wakapi/utils/http.go:304.3,304.61 1 1
github.com/muety/wakapi/utils/http.go:305.4,305.12 1 1
github.com/muety/wakapi/utils/http.go:309.3,309.29 1 1
github.com/muety/wakapi/utils/http.go:310.4,310.23 1 1
github.com/muety/wakapi/utils/http.go:311.5,312.1 1 1
github.com/muety/wakapi/utils/http.go:313.4,313.12 1 1
github.com/muety/wakapi/utils/http.go:316.3,316.26 1 1
github.com/muety/wakapi/utils/http.go:317.4,318.1 1 1
github.com/muety/wakapi/utils/http.go:322.2,325.3 1 1
github.com/muety/wakapi/utils/http.go:337.2,338.1 2 1
github.com/muety/wakapi/utils/http.go:339.2,339.34 2 1
github.com/muety/wakapi/utils/http.go:340.3,341.32 2 1
github.com/muety/wakapi/utils/http.go:342.4,342.12 1 1
github.com/muety/wakapi/utils/http.go:345.3,346.60 2 1
github.com/muety/wakapi/utils/http.go:347.4,347.12 1 1
github.com/muety/wakapi/utils/http.go:349.3,349.22 1 1
github.com/muety/wakapi/utils/http.go:350.4,350.12 1 0
github.com/muety/wakapi/utils/http.go:352.3,352.57 1 1
github.com/muety/wakapi/utils/http.go:355.4,355.12 1 1
github.com/muety/wakapi/utils/http.go:357.3,357.37 1 1
github.com/muety/wakapi/utils/http.go:362.2,362.25 1 1
github.com/muety/wakapi/utils/http.go:363.3,364.1 1 1
github.com/muety/wakapi/utils/http.go:366.2,367.42 2 1
github.com/muety/wakapi/utils/http.go:368.3,369.1 1 1
github.com/muety/wakapi/utils/http.go:371.2,371.15 1 1
github.com/muety/wakapi/utils/http.go:377.2,378.43 2 1
github.com/muety/wakapi/utils/http.go:379.3,380.51 2 1
github.com/muety/wakapi/utils/http.go:381.4,382.1 1 1
github.com/muety/wakapi/utils/http.go:383.3,383.18 1 1
github.com/muety/wakapi/utils/http.go:386.2,386.30 1 1
github.com/muety/wakapi/utils/http.go:387.3,388.1 1 1
github.com/muety/wakapi/utils/http.go:389.2,389.18 1 1
github.com/muety/wakapi/utils/http.go:394.2,394.48 1 1
github.com/muety/wakapi/utils/http.go:395.3,396.1 1 0
github.com/muety/wakapi/utils/http.go:397.2,397.91 1 1
github.com/muety/wakapi/utils/http.go:398.3,399.1 1 0
github.com/muety/wakapi/utils/http.go:400.2,400.87 1 1
github.com/muety/wakapi/utils/http.go:401.3,402.1 1 0
github.com/muety/wakapi/utils/http.go:403.2,403.14 1 1
github.com/muety/wakapi/utils/http.go:407.2,408.1 1 1
github.com/muety/wakapi/utils/json.go:13.2,18.62 2 0
github.com/muety/wakapi/utils/json.go:19.3,20.1 1 0
github.com/muety/wakapi/utils/json.go:22.2,22.29 1 0
github.com/muety/wakapi/utils/json.go:23.3,24.1 1 0
github.com/muety/wakapi/utils/json.go:26.2,26.72 1 0
github.com/muety/wakapi/utils/json.go:27.3,28.1 1 0
github.com/muety/wakapi/utils/json.go:29.2,29.70 1 0
github.com/muety/wakapi/utils/json.go:30.3,31.1 1 0
github.com/muety/wakapi/utils/json.go:33.2,33.20 1 0
github.com/muety/wakapi/utils/net.go:9.2,10.1 1 0
github.com/muety/wakapi/utils/net.go:13.2,14.1 1 0
github.com/muety/wakapi/utils/random.go:11.2,12.54 2 0
github.com/muety/wakapi/utils/random.go:13.3,14.1 1 0
github.com/muety/wakapi/utils/random.go:15.2,15.59 1 0
github.com/muety/wakapi/utils/random.go:19.2,20.16 2 0
github.com/muety/wakapi/utils/random.go:21.3,22.1 1 0
github.com/muety/wakapi/utils/random.go:23.2,24.51 2 0
github.com/muety/wakapi/utils/random.go:25.3,26.1 1 0
github.com/muety/wakapi/utils/random.go:27.2,29.25 3 0
github.com/muety/wakapi/utils/strings.go:8.2,8.49 1 0
github.com/muety/wakapi/utils/strings.go:9.3,9.32 1 0
github.com/muety/wakapi/utils/strings.go:10.4,10.22 1 0
github.com/muety/wakapi/utils/strings.go:11.5,12.1 1 0
github.com/muety/wakapi/utils/strings.go:14.3,14.15 1 0
github.com/muety/wakapi/utils/strings.go:19.2,19.29 1 0
github.com/muety/wakapi/utils/strings.go:20.3,20.18 1 0
github.com/muety/wakapi/utils/strings.go:21.4,22.1 1 0
github.com/muety/wakapi/utils/strings.go:24.2,24.19 1 0
github.com/muety/wakapi/utils/sync.go:12.2,13.12 2 0
github.com/muety/wakapi/utils/sync.go:14.3,16.1 2 0
github.com/muety/wakapi/utils/sync.go:17.2,17.9 1 0
github.com/muety/wakapi/utils/sync.go:19.3,19.15 1 0
github.com/muety/wakapi/utils/sync.go:21.3,21.14 1 0
github.com/muety/wakapi/utils/system.go:9.2,10.1 1 0
github.com/muety/wakapi/utils/system.go:13.2,14.1 1 0
github.com/muety/wakapi/utils/template.go:14.2,15.16 2 0
github.com/muety/wakapi/utils/template.go:16.3,17.1 1 0
github.com/muety/wakapi/utils/template.go:18.2,18.23 1 0
github.com/muety/wakapi/utils/template.go:22.2,22.30 1 0
github.com/muety/wakapi/utils/template.go:23.3,24.1 1 0
github.com/muety/wakapi/utils/template.go:25.2,25.10 1 0
github.com/muety/wakapi/utils/template.go:29.2,31.1 4 0
github.com/muety/wakapi/utils/template.go:32.2,33.16 4 0
github.com/muety/wakapi/utils/template.go:34.3,35.1 1 0
github.com/muety/wakapi/utils/template.go:37.2,37.29 1 0
github.com/muety/wakapi/utils/template.go:38.3,39.51 2 0
github.com/muety/wakapi/utils/template.go:40.4,40.12 1 0
github.com/muety/wakapi/utils/template.go:43.3,44.17 2 0
github.com/muety/wakapi/utils/template.go:45.4,46.1 1 0
github.com/muety/wakapi/utils/template.go:47.3,48.17 2 0
github.com/muety/wakapi/utils/template.go:49.4,50.1 1 0
github.com/muety/wakapi/utils/template.go:52.3,53.1 3 0
github.com/muety/wakapi/utils/template.go:54.3,55.17 3 0
github.com/muety/wakapi/utils/template.go:56.4,57.1 1 0
github.com/muety/wakapi/utils/template.go:59.3,59.27 1 0
github.com/muety/wakapi/utils/template.go:62.2,62.23 1 0
github.com/muety/wakapi/models/alias.go:21.2,25.1 1 0
github.com/muety/wakapi/models/alias.go:28.2,28.35 1 0
github.com/muety/wakapi/models/alias.go:29.3,29.18 1 0
github.com/muety/wakapi/models/alias.go:30.4,31.1 1 0
github.com/muety/wakapi/models/alias.go:33.2,33.14 1 0
github.com/muety/wakapi/models/alias.go:37.2,37.72 1 0
github.com/muety/wakapi/models/alias.go:38.3,39.1 1 0
github.com/muety/wakapi/models/alias.go:40.2,43.20 4 0
github.com/muety/wakapi/models/api_key.go:12.2,13.1 1 0
github.com/muety/wakapi/models/canonical_names.go:18.2,24.1 2 0
github.com/muety/wakapi/models/canonical_names.go:28.2,28.27 1 0
github.com/muety/wakapi/models/canonical_names.go:29.3,30.1 1 0
github.com/muety/wakapi/models/canonical_names.go:32.2,32.46 1 0
github.com/muety/wakapi/models/canonical_names.go:33.3,34.1 1 0
github.com/muety/wakapi/models/canonical_names.go:36.2,37.64 2 0
github.com/muety/wakapi/models/canonical_names.go:38.3,39.1 1 0
github.com/muety/wakapi/models/canonical_names.go:41.2,41.34 1 0
github.com/muety/wakapi/models/duration.go:40.2,41.1 1 0
github.com/muety/wakapi/models/duration.go:44.2,44.23 1 0
github.com/muety/wakapi/models/duration.go:45.3,46.1 1 0
github.com/muety/wakapi/models/duration.go:47.2,53.35 1 0
github.com/muety/wakapi/models/duration.go:54.3,55.1 1 0
github.com/muety/wakapi/models/duration.go:56.2,56.18 1 0
github.com/muety/wakapi/models/duration.go:60.2,61.53 2 0
github.com/muety/wakapi/models/duration.go:62.3,63.1 1 0
github.com/muety/wakapi/models/duration.go:65.2,66.57 2 0
github.com/muety/wakapi/models/duration.go:67.3,68.1 1 0
github.com/muety/wakapi/models/duration.go:70.2,72.26 3 0
github.com/muety/wakapi/models/duration.go:75.3,77.1 2 0
github.com/muety/wakapi/models/duration.go:79.2,95.1 2 0
github.com/muety/wakapi/models/duration.go:96.2,96.10 2 0
github.com/muety/wakapi/models/duration.go:100.2,102.1 2 0
github.com/muety/wakapi/models/duration.go:105.2,107.1 2 0
github.com/muety/wakapi/models/duration.go:110.2,111.16 2 0
github.com/muety/wakapi/models/duration.go:112.3,113.1 1 0
github.com/muety/wakapi/models/duration.go:114.2,115.10 2 0
github.com/muety/wakapi/models/duration.go:119.2,120.48 2 0
github.com/muety/wakapi/models/duration.go:124.3,124.109 1 0
github.com/muety/wakapi/models/duration.go:125.4,127.1 2 0
github.com/muety/wakapi/models/duration.go:129.2,129.10 1 0
github.com/muety/wakapi/models/duration.go:133.2,133.11 1 0
github.com/muety/wakapi/models/duration.go:135.3,135.18 1 0
github.com/muety/wakapi/models/duration.go:137.3,137.17 1 0
github.com/muety/wakapi/models/duration.go:139.3,139.19 1 0
github.com/muety/wakapi/models/duration.go:141.3,141.26 1 0
github.com/muety/wakapi/models/duration.go:143.3,143.18 1 0
github.com/muety/wakapi/models/duration.go:145.3,145.17 1 0
github.com/muety/wakapi/models/duration.go:147.3,147.17 1 0
github.com/muety/wakapi/models/duration.go:149.3,149.19 1 0
github.com/muety/wakapi/models/duration.go:151.3,151.18 1 0
github.com/muety/wakapi/models/duration.go:154.2,154.15 1 0
github.com/muety/wakapi/models/duration.go:155.3,156.1 1 0
github.com/muety/wakapi/models/duration.go:158.2,158.12 1 0
github.com/muety/wakapi/models/durations.go:8.2,9.1 1 0
github.com/muety/wakapi/models/durations.go:12.2,13.1 1 0
github.com/muety/wakapi/models/durations.go:16.2,17.1 1 0
github.com/muety/wakapi/models/durations.go:20.2,21.22 2 0
github.com/muety/wakapi/models/durations.go:22.3,23.1 1 0
github.com/muety/wakapi/models/durations.go:24.2,24.14 1 0
github.com/muety/wakapi/models/durations.go:28.2,30.1 2 0
github.com/muety/wakapi/models/durations.go:34.2,34.18 1 0
github.com/muety/wakapi/models/durations.go:35.3,36.1 1 0
github.com/muety/wakapi/models/durations.go:37.2,37.16 1 0
github.com/muety/wakapi/models/durations.go:42.2,42.18 1 0
github.com/muety/wakapi/models/durations.go:43.3,44.1 1 0
github.com/muety/wakapi/models/durations.go:45.2,45.24 1 0
github.com/muety/wakapi/models/durations.go:49.2,49.25 1 0
github.com/muety/wakapi/models/durations.go:50.3,51.1 1 0
github.com/muety/wakapi/models/durations.go:52.2,52.10 1 0
github.com/muety/wakapi/models/filters.go:31.2,32.1 1 1
github.com/muety/wakapi/models/filters.go:35.2,35.22 1 1
github.com/muety/wakapi/models/filters.go:36.3,36.48 1 1
github.com/muety/wakapi/models/filters.go:37.4,38.1 1 1
github.com/muety/wakapi/models/filters.go:40.2,40.14 1 1
github.com/muety/wakapi/models/filters.go:49.2,50.1 1 1
github.com/muety/wakapi/models/filters.go:53.2,55.1 2 1
github.com/muety/wakapi/models/filters.go:58.2,59.1 1 1
github.com/muety/wakapi/models/filters.go:64.2,64.33 1 0
github.com/muety/wakapi/models/filters.go:65.3,66.1 1 0
github.com/muety/wakapi/models/filters.go:67.2,67.10 1 0
github.com/muety/wakapi/models/filters.go:71.2,71.16 1 1
github.com/muety/wakapi/models/filters.go:73.3,73.41 1 1
github.com/muety/wakapi/models/filters.go:75.3,75.31 1 0
github.com/muety/wakapi/models/filters.go:77.3,77.43 1 1
github.com/muety/wakapi/models/filters.go:79.3,79.39 1 0
github.com/muety/wakapi/models/filters.go:81.3,81.41 1 0
github.com/muety/wakapi/models/filters.go:83.3,83.37 1 1
github.com/muety/wakapi/models/filters.go:85.3,85.39 1 0
github.com/muety/wakapi/models/filters.go:87.3,87.39 1 0
github.com/muety/wakapi/models/filters.go:89.3,89.43 1 0
github.com/muety/wakapi/models/filters.go:91.3,91.41 1 1
github.com/muety/wakapi/models/filters.go:93.2,93.10 1 1
github.com/muety/wakapi/models/filters.go:97.2,97.44 1 1
github.com/muety/wakapi/models/filters.go:98.3,99.1 1 1
github.com/muety/wakapi/models/filters.go:99.9,99.41 1 1
github.com/muety/wakapi/models/filters.go:100.3,101.1 1 0
github.com/muety/wakapi/models/filters.go:101.9,101.53 1 1
github.com/muety/wakapi/models/filters.go:102.3,103.1 1 1
github.com/muety/wakapi/models/filters.go:103.9,103.49 1 1
github.com/muety/wakapi/models/filters.go:104.3,105.1 1 0
github.com/muety/wakapi/models/filters.go:105.9,105.51 1 1
github.com/muety/wakapi/models/filters.go:106.3,107.1 1 0
github.com/muety/wakapi/models/filters.go:107.9,107.47 1 1
github.com/muety/wakapi/models/filters.go:108.3,109.1 1 0
github.com/muety/wakapi/models/filters.go:109.9,109.49 1 1
github.com/muety/wakapi/models/filters.go:110.3,111.1 1 0
github.com/muety/wakapi/models/filters.go:111.9,111.49 1 1
github.com/muety/wakapi/models/filters.go:112.3,113.1 1 0
github.com/muety/wakapi/models/filters.go:113.9,113.53 1 1
github.com/muety/wakapi/models/filters.go:114.3,115.1 1 0
github.com/muety/wakapi/models/filters.go:115.9,115.51 1 1
github.com/muety/wakapi/models/filters.go:116.3,117.1 1 1
github.com/muety/wakapi/models/filters.go:118.2,118.29 1 1
github.com/muety/wakapi/models/filters.go:122.2,122.30 1 1
github.com/muety/wakapi/models/filters.go:123.3,124.1 1 1
github.com/muety/wakapi/models/filters.go:125.2,125.66 1 0
github.com/muety/wakapi/models/filters.go:129.2,131.1 2 1
github.com/muety/wakapi/models/filters.go:134.2,135.35 2 0
github.com/muety/wakapi/models/filters.go:136.3,137.1 1 0
github.com/muety/wakapi/models/filters.go:138.2,138.14 1 0
github.com/muety/wakapi/models/filters.go:142.2,143.35 2 0
github.com/muety/wakapi/models/filters.go:144.3,144.27 1 0
github.com/muety/wakapi/models/filters.go:145.4,146.1 1 0
github.com/muety/wakapi/models/filters.go:148.2,148.14 1 0
github.com/muety/wakapi/models/filters.go:152.2,153.1 1 1
github.com/muety/wakapi/models/filters.go:156.2,156.25 1 1
github.com/muety/wakapi/models/filters.go:157.3,158.1 1 1
github.com/muety/wakapi/models/filters.go:159.2,159.29 1 1
github.com/muety/wakapi/models/filters.go:163.2,164.35 2 1
github.com/muety/wakapi/models/filters.go:165.3,165.35 1 1
github.com/muety/wakapi/models/filters.go:166.4,167.1 1 1
github.com/muety/wakapi/models/filters.go:169.2,169.14 1 1
github.com/muety/wakapi/models/filters.go:173.2,173.18 1 1
github.com/muety/wakapi/models/filters.go:175.3,175.20 1 1
github.com/muety/wakapi/models/filters.go:177.3,177.21 1 1
github.com/muety/wakapi/models/filters.go:179.3,179.19 1 1
github.com/muety/wakapi/models/filters.go:181.3,181.15 1 1
github.com/muety/wakapi/models/filters.go:183.3,183.20 1 1
github.com/muety/wakapi/models/filters.go:185.3,185.18 1 1
github.com/muety/wakapi/models/filters.go:187.3,187.19 1 1
github.com/muety/wakapi/models/filters.go:189.3,189.19 1 1
github.com/muety/wakapi/models/filters.go:191.3,191.21 1 1
github.com/muety/wakapi/models/filters.go:193.3,193.20 1 0
github.com/muety/wakapi/models/filters.go:195.3,195.21 1 0
github.com/muety/wakapi/models/filters.go:200.2,201.16 2 0
github.com/muety/wakapi/models/filters.go:202.3,203.1 1 0
github.com/muety/wakapi/models/filters.go:204.2,204.32 1 0
github.com/muety/wakapi/models/filters.go:208.2,215.1 1 1
github.com/muety/wakapi/models/filters.go:218.2,225.1 1 0
github.com/muety/wakapi/models/filters.go:229.2,229.26 1 1
github.com/muety/wakapi/models/filters.go:230.3,231.1 1 0
github.com/muety/wakapi/models/filters.go:233.2,233.25 1 1
github.com/muety/wakapi/models/filters.go:234.3,235.1 1 1
github.com/muety/wakapi/models/filters.go:237.2,237.22 1 1
github.com/muety/wakapi/models/filters.go:238.3,239.31 2 1
github.com/muety/wakapi/models/filters.go:240.4,242.1 2 1
github.com/muety/wakapi/models/filters.go:243.3,244.22 2 1
github.com/muety/wakapi/models/filters.go:246.2,246.17 1 1
github.com/muety/wakapi/models/filters.go:247.3,248.26 2 0
github.com/muety/wakapi/models/filters.go:249.4,251.1 2 0
github.com/muety/wakapi/models/filters.go:252.3,253.17 2 0
github.com/muety/wakapi/models/filters.go:255.2,255.23 1 1
github.com/muety/wakapi/models/filters.go:256.3,257.32 2 1
github.com/muety/wakapi/models/filters.go:258.4,260.1 2 1
github.com/muety/wakapi/models/filters.go:261.3,262.23 2 1
github.com/muety/wakapi/models/filters.go:264.2,264.21 1 1
github.com/muety/wakapi/models/filters.go:265.3,266.30 2 0
github.com/muety/wakapi/models/filters.go:267.4,269.1 2 0
github.com/muety/wakapi/models/filters.go:270.3,271.21 2 0
github.com/muety/wakapi/models/filters.go:273.2,273.22 1 1
github.com/muety/wakapi/models/filters.go:274.3,275.31 2 0
github.com/muety/wakapi/models/filters.go:276.4,278.1 2 0
github.com/muety/wakapi/models/filters.go:279.3,280.22 2 0
github.com/muety/wakapi/models/filters.go:282.2,282.21 1 1
github.com/muety/wakapi/models/filters.go:283.3,284.30 2 0
github.com/muety/wakapi/models/filters.go:285.4,287.1 2 0
github.com/muety/wakapi/models/filters.go:288.3,289.21 2 0
github.com/muety/wakapi/models/filters.go:291.2,291.23 1 1
github.com/muety/wakapi/models/filters.go:292.3,293.32 2 0
github.com/muety/wakapi/models/filters.go:294.4,296.1 2 0
github.com/muety/wakapi/models/filters.go:297.3,298.23 2 0
github.com/muety/wakapi/models/filters.go:300.2,300.22 1 1
github.com/muety/wakapi/models/filters.go:301.3,302.31 2 1
github.com/muety/wakapi/models/filters.go:303.4,305.1 2 1
github.com/muety/wakapi/models/filters.go:306.3,307.22 2 1
github.com/muety/wakapi/models/filters.go:311.2,312.10 2 1
github.com/muety/wakapi/models/filters.go:316.2,316.71 1 1
github.com/muety/wakapi/models/filters.go:317.3,318.1 1 0
github.com/muety/wakapi/models/filters.go:319.2,319.28 1 1
github.com/muety/wakapi/models/filters.go:320.3,321.1 1 1
github.com/muety/wakapi/models/filters.go:322.2,323.10 2 1
github.com/muety/wakapi/models/filters.go:327.2,328.1 1 0
github.com/muety/wakapi/models/heartbeat.go:78.2,79.1 1 1
github.com/muety/wakapi/models/heartbeat.go:82.2,84.1 2 0
github.com/muety/wakapi/models/heartbeat.go:87.2,91.22 5 0
github.com/muety/wakapi/models/heartbeat.go:92.3,92.44 1 0
github.com/muety/wakapi/models/heartbeat.go:93.4,94.1 1 0
github.com/muety/wakapi/models/heartbeat.go:94.10,94.50 1 0
github.com/muety/wakapi/models/heartbeat.go:95.4,96.1 1 0
github.com/muety/wakapi/models/heartbeat.go:99.2,99.10 1 0
github.com/muety/wakapi/models/heartbeat.go:103.2,104.46 2 1
github.com/muety/wakapi/models/heartbeat.go:105.3,105.108 1 1
github.com/muety/wakapi/models/heartbeat.go:106.4,108.1 2 1
github.com/muety/wakapi/models/heartbeat.go:113.2,113.11 1 1
github.com/muety/wakapi/models/heartbeat.go:115.3,115.18 1 1
github.com/muety/wakapi/models/heartbeat.go:117.3,117.17 1 1
github.com/muety/wakapi/models/heartbeat.go:119.3,119.19 1 1
github.com/muety/wakapi/models/heartbeat.go:121.3,121.26 1 1
github.com/muety/wakapi/models/heartbeat.go:123.3,123.18 1 1
github.com/muety/wakapi/models/heartbeat.go:125.3,125.17 1 0
github.com/muety/wakapi/models/heartbeat.go:127.3,127.17 1 0
github.com/muety/wakapi/models/heartbeat.go:129.3,129.19 1 1
github.com/muety/wakapi/models/heartbeat.go:131.3,131.18 1 1
github.com/muety/wakapi/models/heartbeat.go:134.2,134.15 1 1
github.com/muety/wakapi/models/heartbeat.go:135.3,136.1 1 1
github.com/muety/wakapi/models/heartbeat.go:138.2,138.12 1 1
github.com/muety/wakapi/models/heartbeat.go:142.2,143.1 1 0
github.com/muety/wakapi/models/heartbeat.go:146.2,147.1 1 0
github.com/muety/wakapi/models/heartbeat.go:150.2,151.1 1 0
github.com/muety/wakapi/models/heartbeat.go:154.2,155.1 1 0
github.com/muety/wakapi/models/heartbeat.go:158.2,158.29 1 0
github.com/muety/wakapi/models/heartbeat.go:159.3,160.1 1 0
github.com/muety/wakapi/models/heartbeat.go:161.2,161.30 1 0
github.com/muety/wakapi/models/heartbeat.go:162.3,163.1 1 0
github.com/muety/wakapi/models/heartbeat.go:164.2,164.31 1 0
github.com/muety/wakapi/models/heartbeat.go:165.3,166.1 1 0
github.com/muety/wakapi/models/heartbeat.go:170.2,186.1 1 0
github.com/muety/wakapi/models/heartbeat.go:195.2,196.16 2 1
github.com/muety/wakapi/models/heartbeat.go:197.3,198.1 1 0
github.com/muety/wakapi/models/heartbeat.go:199.2,200.10 2 1
github.com/muety/wakapi/models/heartbeat.go:204.2,216.1 1 0
github.com/muety/wakapi/models/heartbeats.go:8.2,9.1 1 0
github.com/muety/wakapi/models/heartbeats.go:12.2,13.1 1 0
github.com/muety/wakapi/models/heartbeats.go:16.2,17.1 1 0
github.com/muety/wakapi/models/heartbeats.go:20.2,22.1 2 0
github.com/muety/wakapi/models/heartbeats.go:26.2,26.18 1 0
github.com/muety/wakapi/models/heartbeats.go:27.3,28.1 1 0
github.com/muety/wakapi/models/heartbeats.go:29.2,29.16 1 0
github.com/muety/wakapi/models/heartbeats.go:34.2,34.18 1 0
github.com/muety/wakapi/models/heartbeats.go:35.3,36.1 1 0
github.com/muety/wakapi/models/heartbeats.go:37.2,37.24 1 0
github.com/muety/wakapi/models/interval.go:48.2,48.23 1 0
github.com/muety/wakapi/models/interval.go:49.3,49.13 1 0
github.com/muety/wakapi/models/interval.go:50.4,51.1 1 0
github.com/muety/wakapi/models/interval.go:53.2,53.14 1 0
github.com/muety/wakapi/models/interval.go:57.2,57.23 1 0
github.com/muety/wakapi/models/interval.go:58.3,58.34 1 0
github.com/muety/wakapi/models/interval.go:59.4,60.1 1 0
github.com/muety/wakapi/models/interval.go:62.2,62.11 1 0
github.com/muety/wakapi/models/language_mapping.go:12.2,13.1 1 0
github.com/muety/wakapi/models/language_mapping.go:16.2,17.1 1 0
github.com/muety/wakapi/models/language_mapping.go:20.2,21.1 1 0
github.com/muety/wakapi/models/leaderboard.go:29.2,30.1 1 0
github.com/muety/wakapi/models/leaderboard.go:40.2,40.103 1 0
github.com/muety/wakapi/models/leaderboard.go:41.3,42.1 1 0
github.com/muety/wakapi/models/leaderboard.go:43.3,44.1 1 0
github.com/muety/wakapi/models/leaderboard.go:48.2,48.29 1 0
github.com/muety/wakapi/models/leaderboard.go:49.3,50.1 1 0
github.com/muety/wakapi/models/leaderboard.go:55.2,55.94 1 0
github.com/muety/wakapi/models/leaderboard.go:56.3,57.1 1 0
github.com/muety/wakapi/models/leaderboard.go:61.2,61.123 1 0
github.com/muety/wakapi/models/leaderboard.go:62.3,63.1 1 0
github.com/muety/wakapi/models/leaderboard.go:67.2,68.1 1 0
github.com/muety/wakapi/models/leaderboard.go:72.2,72.109 1 0
github.com/muety/wakapi/models/leaderboard.go:73.3,74.1 1 0
github.com/muety/wakapi/models/leaderboard.go:75.2,75.15 1 0
github.com/muety/wakapi/models/leaderboard.go:79.2,79.95 1 0
github.com/muety/wakapi/models/leaderboard.go:80.3,81.1 1 0
github.com/muety/wakapi/models/leaderboard.go:85.2,85.114 1 0
github.com/muety/wakapi/models/leaderboard.go:86.3,87.1 1 0
github.com/muety/wakapi/models/leaderboard.go:91.2,92.1 2 0
github.com/muety/wakapi/models/leaderboard.go:93.2,93.25 2 0
github.com/muety/wakapi/models/leaderboard.go:94.3,94.58 1 0
github.com/muety/wakapi/models/leaderboard.go:95.4,95.12 1 0
github.com/muety/wakapi/models/leaderboard.go:97.3,98.38 2 0
github.com/muety/wakapi/models/leaderboard.go:99.4,100.1 1 0
github.com/muety/wakapi/models/leaderboard.go:101.3,101.40 1 0
github.com/muety/wakapi/models/leaderboard.go:104.2,104.184 1 0
github.com/muety/wakapi/models/leaderboard.go:105.3,106.1 1 0
github.com/muety/wakapi/models/leaderboard.go:107.2,107.67 1 0
github.com/muety/wakapi/models/leaderboard.go:108.3,109.1 1 0
github.com/muety/wakapi/models/leaderboard.go:111.2,111.15 1 0
github.com/muety/wakapi/models/leaderboard.go:115.2,115.128 1 0
github.com/muety/wakapi/models/leaderboard.go:116.3,117.1 1 0
github.com/muety/wakapi/models/leaderboard.go:121.2,121.107 1 0
github.com/muety/wakapi/models/leaderboard.go:122.3,123.1 1 0
github.com/muety/wakapi/models/leaderboard.go:127.2,128.25 2 0
github.com/muety/wakapi/models/leaderboard.go:129.3,129.43 1 0
github.com/muety/wakapi/models/leaderboard.go:130.4,131.1 1 0
github.com/muety/wakapi/models/leaderboard.go:133.2,133.19 1 0
github.com/muety/wakapi/models/mail.go:25.2,28.1 3 0
github.com/muety/wakapi/models/mail.go:31.2,34.1 3 0
github.com/muety/wakapi/models/mail.go:37.2,37.18 1 0
github.com/muety/wakapi/models/mail.go:38.3,39.1 1 0
github.com/muety/wakapi/models/mail.go:40.2,40.21 1 0
github.com/muety/wakapi/models/mail.go:41.3,42.1 1 0
github.com/muety/wakapi/models/mail.go:43.2,43.23 1 0
github.com/muety/wakapi/models/mail.go:44.3,45.1 1 0
github.com/muety/wakapi/models/mail.go:46.2,46.10 1 0
github.com/muety/wakapi/models/mail.go:50.2,65.1 2 0
github.com/muety/wakapi/models/mail.go:66.2,66.29 2 0
github.com/muety/wakapi/models/mail.go:67.3,68.1 1 0
github.com/muety/wakapi/models/mail.go:70.2,70.56 1 0
github.com/muety/wakapi/models/mail.go:74.2,75.1 1 0
github.com/muety/wakapi/models/mail_address.go:19.2,21.1 2 1
github.com/muety/wakapi/models/mail_address.go:28.2,29.1 1 0
github.com/muety/wakapi/models/mail_address.go:32.2,33.21 2 1
github.com/muety/wakapi/models/mail_address.go:34.3,34.21 1 1
github.com/muety/wakapi/models/mail_address.go:35.4,36.1 1 1
github.com/muety/wakapi/models/mail_address.go:37.3,37.18 1 1
github.com/muety/wakapi/models/mail_address.go:39.2,39.11 1 1
github.com/muety/wakapi/models/mail_address.go:43.2,44.21 2 0
github.com/muety/wakapi/models/mail_address.go:45.3,46.1 1 0
github.com/muety/wakapi/models/mail_address.go:47.2,47.17 1 0
github.com/muety/wakapi/models/mail_address.go:51.2,52.1 1 1
github.com/muety/wakapi/models/mail_address.go:55.2,56.22 2 0
github.com/muety/wakapi/models/mail_address.go:57.3,58.1 1 0
github.com/muety/wakapi/models/mail_address.go:59.2,59.12 1 0
github.com/muety/wakapi/models/mail_address.go:63.2,64.22 2 1
github.com/muety/wakapi/models/mail_address.go:65.3,66.1 1 1
github.com/muety/wakapi/models/mail_address.go:67.2,67.12 1 1
github.com/muety/wakapi/models/mail_address.go:71.2,71.22 1 1
github.com/muety/wakapi/models/mail_address.go:72.3,72.17 1 1
github.com/muety/wakapi/models/mail_address.go:73.4,74.1 1 1
github.com/muety/wakapi/models/mail_address.go:76.2,76.13 1 1
github.com/muety/wakapi/models/models.go:3.14,3.14 0 1
github.com/muety/wakapi/models/project_label.go:15.2,16.1 1 0
github.com/muety/wakapi/models/shared.go:50.2,50.56 1 0
github.com/muety/wakapi/models/shared.go:51.3,52.1 1 0
github.com/muety/wakapi/models/shared.go:54.2,55.1 2 0
github.com/muety/wakapi/models/shared.go:56.2,56.65 2 0
github.com/muety/wakapi/models/shared.go:56.66,56.66 0 0
github.com/muety/wakapi/models/shared.go:60.2,60.53 1 0
github.com/muety/wakapi/models/shared.go:61.3,62.1 1 0
github.com/muety/wakapi/models/shared.go:64.2,64.10 1 0
github.com/muety/wakapi/models/shared.go:68.2,69.1 1 0
github.com/muety/wakapi/models/shared.go:72.2,74.16 3 1
github.com/muety/wakapi/models/shared.go:75.3,76.1 1 0
github.com/muety/wakapi/models/shared.go:77.2,79.12 3 1
github.com/muety/wakapi/models/shared.go:83.2,87.1 2 1
github.com/muety/wakapi/models/shared.go:88.2,88.27 2 1
github.com/muety/wakapi/models/shared.go:90.3,90.24 1 1
github.com/muety/wakapi/models/shared.go:92.3,92.31 1 1
github.com/muety/wakapi/models/shared.go:96.3,97.17 2 1
github.com/muety/wakapi/models/shared.go:98.4,99.1 1 1
github.com/muety/wakapi/models/shared.go:100.3,100.17 1 1
github.com/muety/wakapi/models/shared.go:101.4,102.1 1 0
github.com/muety/wakapi/models/shared.go:103.3,103.17 1 1
github.com/muety/wakapi/models/shared.go:104.4,105.1 1 0
github.com/muety/wakapi/models/shared.go:107.3,108.1 2 1
github.com/muety/wakapi/models/shared.go:113.3,113.31 2 1
github.com/muety/wakapi/models/shared.go:114.4,115.1 1 1
github.com/muety/wakapi/models/shared.go:117.3,117.64 1 0
github.com/muety/wakapi/models/shared.go:120.2,122.1 3 1
github.com/muety/wakapi/models/shared.go:123.2,123.12 3 1
github.com/muety/wakapi/models/shared.go:127.2,128.32 2 1
github.com/muety/wakapi/models/shared.go:129.3,130.1 1 1
github.com/muety/wakapi/models/shared.go:131.2,131.34 1 1
github.com/muety/wakapi/models/shared.go:135.3,136.1 1 1
github.com/muety/wakapi/models/shared.go:137.2,137.15 1 1
github.com/muety/wakapi/models/shared.go:141.2,142.1 1 1
github.com/muety/wakapi/models/shared.go:145.2,146.1 1 0
github.com/muety/wakapi/models/shared.go:149.2,150.1 1 1
github.com/muety/wakapi/models/shared.go:153.2,154.1 1 0
github.com/muety/wakapi/models/summary.go:86.2,87.1 1 1
github.com/muety/wakapi/models/summary.go:90.2,91.1 1 0
github.com/muety/wakapi/models/summary.go:94.2,95.1 1 0
github.com/muety/wakapi/models/summary.go:98.2,108.1 1 0
github.com/muety/wakapi/models/summary.go:112.2,122.1 10 1
github.com/muety/wakapi/models/summary.go:125.2,126.1 1 1
github.com/muety/wakapi/models/summary.go:129.2,139.1 1 1
github.com/muety/wakapi/models/summary.go:143.2,143.21 1 1
github.com/muety/wakapi/models/summary.go:145.3,145.21 1 1
github.com/muety/wakapi/models/summary.go:147.3,147.22 1 1
github.com/muety/wakapi/models/summary.go:149.3,149.20 1 1
github.com/muety/wakapi/models/summary.go:151.3,151.29 1 1
github.com/muety/wakapi/models/summary.go:153.3,153.21 1 1
github.com/muety/wakapi/models/summary.go:155.3,155.19 1 1
github.com/muety/wakapi/models/summary.go:157.3,157.21 1 1
github.com/muety/wakapi/models/summary.go:159.3,159.21 1 1
github.com/muety/wakapi/models/summary.go:161.3,161.23 1 1
github.com/muety/wakapi/models/summary.go:163.2,163.12 1 0
github.com/muety/wakapi/models/summary.go:167.2,167.21 1 1
github.com/muety/wakapi/models/summary.go:169.3,170.8 2 1
github.com/muety/wakapi/models/summary.go:172.3,173.8 2 0
github.com/muety/wakapi/models/summary.go:175.3,176.8 2 0
github.com/muety/wakapi/models/summary.go:178.3,179.8 2 0
github.com/muety/wakapi/models/summary.go:181.3,182.8 2 0
github.com/muety/wakapi/models/summary.go:184.3,185.8 2 0
github.com/muety/wakapi/models/summary.go:187.3,188.8 2 0
github.com/muety/wakapi/models/summary.go:190.3,191.8 2 0
github.com/muety/wakapi/models/summary.go:193.3,194.8 2 0
github.com/muety/wakapi/models/summary.go:199.2,199.21 1 1
github.com/muety/wakapi/models/summary.go:200.3,201.1 1 1
github.com/muety/wakapi/models/summary.go:203.2,203.35 1 1
github.com/muety/wakapi/models/summary.go:204.3,204.41 1 1
github.com/muety/wakapi/models/summary.go:205.4,206.1 1 1
github.com/muety/wakapi/models/summary.go:209.2,209.10 1 1
github.com/muety/wakapi/models/summary.go:217.2,217.116 1 1
github.com/muety/wakapi/models/summary.go:218.3,219.1 1 1
github.com/muety/wakapi/models/summary.go:220.2,221.10 2 1
github.com/muety/wakapi/models/summary.go:238.2,241.1 4 1
github.com/muety/wakapi/models/summary.go:242.2,242.26 4 1
github.com/muety/wakapi/models/summary.go:243.3,243.30 1 1
github.com/muety/wakapi/models/summary.go:244.4,245.1 1 1
github.com/muety/wakapi/models/summary.go:249.2,249.37 1 1
github.com/muety/wakapi/models/summary.go:250.3,251.1 1 0
github.com/muety/wakapi/models/summary.go:254.2,255.16 2 1
github.com/muety/wakapi/models/summary.go:256.3,257.1 1 0
github.com/muety/wakapi/models/summary.go:258.2,258.33 1 1
github.com/muety/wakapi/models/summary.go:259.3,260.1 1 1
github.com/muety/wakapi/models/summary.go:265.2,268.1 5 1
github.com/muety/wakapi/models/summary.go:269.2,270.28 5 1
github.com/muety/wakapi/models/summary.go:271.3,272.1 1 1
github.com/muety/wakapi/models/summary.go:274.2,275.42 2 1
github.com/muety/wakapi/models/summary.go:276.3,276.22 1 0
github.com/muety/wakapi/models/summary.go:277.4,278.9 2 0
github.com/muety/wakapi/models/summary.go:282.2,283.15 2 1
github.com/muety/wakapi/models/summary.go:284.3,284.28 1 1
github.com/muety/wakapi/models/summary.go:285.4,286.1 1 0
github.com/muety/wakapi/models/summary.go:287.4,292.1 1 1
github.com/muety/wakapi/models/summary.go:297.2,298.73 2 0
github.com/muety/wakapi/models/summary.go:299.3,300.1 1 0
github.com/muety/wakapi/models/summary.go:301.2,301.86 1 0
github.com/muety/wakapi/models/summary.go:305.2,306.1 4 1
github.com/muety/wakapi/models/summary.go:307.2,309.16 4 1
github.com/muety/wakapi/models/summary.go:310.3,311.1 1 0
github.com/muety/wakapi/models/summary.go:312.2,312.39 1 1
github.com/muety/wakapi/models/summary.go:313.3,314.1 1 1
github.com/muety/wakapi/models/summary.go:316.2,316.30 1 1
github.com/muety/wakapi/models/summary.go:320.2,321.55 2 1
github.com/muety/wakapi/models/summary.go:322.3,322.31 1 1
github.com/muety/wakapi/models/summary.go:323.4,324.1 1 1
github.com/muety/wakapi/models/summary.go:326.2,326.16 1 1
github.com/muety/wakapi/models/summary.go:330.2,331.55 2 1
github.com/muety/wakapi/models/summary.go:332.3,332.31 1 1
github.com/muety/wakapi/models/summary.go:333.4,333.23 1 1
github.com/muety/wakapi/models/summary.go:334.5,334.13 1 1
github.com/muety/wakapi/models/summary.go:336.4,336.46 1 1
github.com/muety/wakapi/models/summary.go:339.2,339.16 1 1
github.com/muety/wakapi/models/summary.go:343.2,344.34 2 1
github.com/muety/wakapi/models/summary.go:345.3,346.1 1 1
github.com/muety/wakapi/models/summary.go:347.2,347.14 1 1
github.com/muety/wakapi/models/summary.go:351.2,353.55 3 0
github.com/muety/wakapi/models/summary.go:354.3,354.31 1 0
github.com/muety/wakapi/models/summary.go:355.4,355.44 1 0
github.com/muety/wakapi/models/summary.go:356.5,357.1 1 0
github.com/muety/wakapi/models/summary.go:360.2,360.12 1 0
github.com/muety/wakapi/models/summary.go:364.2,365.16 2 0
github.com/muety/wakapi/models/summary.go:366.3,367.1 1 0
github.com/muety/wakapi/models/summary.go:368.2,368.16 1 0
github.com/muety/wakapi/models/summary.go:372.2,372.62 1 1
github.com/muety/wakapi/models/summary.go:373.3,373.19 1 1
github.com/muety/wakapi/models/summary.go:374.4,375.1 1 1
github.com/muety/wakapi/models/summary.go:376.3,377.1 2 1
github.com/muety/wakapi/models/summary.go:378.3,378.45 2 1
github.com/muety/wakapi/models/summary.go:379.4,379.38 1 1
github.com/muety/wakapi/models/summary.go:380.5,380.24 1 1
github.com/muety/wakapi/models/summary.go:381.6,382.1 1 1
github.com/muety/wakapi/models/summary.go:384.4,384.14 1 1
github.com/muety/wakapi/models/summary.go:387.3,387.30 1 1
github.com/muety/wakapi/models/summary.go:389.4,389.60 1 1
github.com/muety/wakapi/models/summary.go:390.5,391.1 1 1
github.com/muety/wakapi/models/summary.go:394.3,394.30 1 1
github.com/muety/wakapi/models/summary.go:396.4,396.60 1 1
github.com/muety/wakapi/models/summary.go:397.5,397.55 1 1
github.com/muety/wakapi/models/summary.go:398.6,399.1 1 1
github.com/muety/wakapi/models/summary.go:400.6,407.1 1 1
github.com/muety/wakapi/models/summary.go:411.3,411.22 1 1
github.com/muety/wakapi/models/summary.go:415.2,423.1 9 1
github.com/muety/wakapi/models/summary.go:425.2,425.10 9 1
github.com/muety/wakapi/models/summary.go:431.2,434.1 3 0
github.com/muety/wakapi/models/summary.go:437.2,437.30 1 1
github.com/muety/wakapi/models/summary.go:438.3,438.28 1 1
github.com/muety/wakapi/models/summary.go:439.4,440.1 1 1
github.com/muety/wakapi/models/summary.go:442.2,442.43 1 0
github.com/muety/wakapi/models/summary.go:446.2,447.1 1 1
github.com/muety/wakapi/models/summary.go:450.2,450.52 1 1
github.com/muety/wakapi/models/summary.go:451.3,452.1 1 1
github.com/muety/wakapi/models/summary.go:453.2,454.99 2 1
github.com/muety/wakapi/models/summary.go:458.2,458.27 1 0
github.com/muety/wakapi/models/summary.go:459.3,460.1 1 0
github.com/muety/wakapi/models/summary.go:461.2,462.19 2 0
github.com/muety/wakapi/models/summary.go:466.2,467.1 1 0
github.com/muety/wakapi/models/summary.go:472.2,473.1 1 1
github.com/muety/wakapi/models/summary.go:476.2,476.101 1 0
github.com/muety/wakapi/models/summary.go:477.3,478.1 1 0
github.com/muety/wakapi/models/summary.go:482.2,483.1 1 0
github.com/muety/wakapi/models/summary.go:486.2,487.1 1 0
github.com/muety/wakapi/models/summary.go:490.2,491.1 1 0
github.com/muety/wakapi/models/summary.go:494.2,495.1 1 1
github.com/muety/wakapi/models/summary.go:498.2,499.1 1 1
github.com/muety/wakapi/models/summary.go:502.2,503.1 1 1
github.com/muety/wakapi/models/user.go:26.2,27.1 1 1
github.com/muety/wakapi/models/user.go:127.2,128.1 2 0
github.com/muety/wakapi/models/user.go:129.2,136.1 2 0
github.com/muety/wakapi/models/user.go:140.2,141.1 1 0
github.com/muety/wakapi/models/user.go:144.2,144.22 1 1
github.com/muety/wakapi/models/user.go:145.3,146.1 1 1
github.com/muety/wakapi/models/user.go:147.2,148.16 2 1
github.com/muety/wakapi/models/user.go:149.3,150.1 1 0
github.com/muety/wakapi/models/user.go:151.2,151.11 1 1
github.com/muety/wakapi/models/user.go:157.2,159.1 2 1
github.com/muety/wakapi/models/user.go:163.2,163.44 1 0
github.com/muety/wakapi/models/user.go:164.3,165.1 1 0
github.com/muety/wakapi/models/user.go:166.2,166.36 1 0
github.com/muety/wakapi/models/user.go:170.2,172.54 3 0
github.com/muety/wakapi/models/user.go:173.3,174.1 1 0
github.com/muety/wakapi/models/user.go:175.2,175.51 1 0
github.com/muety/wakapi/models/user.go:176.3,177.1 1 0
github.com/muety/wakapi/models/user.go:178.2,178.20 1 0
github.com/muety/wakapi/models/user.go:182.2,182.32 1 0
github.com/muety/wakapi/models/user.go:183.3,184.1 1 0
github.com/muety/wakapi/models/user.go:185.2,185.33 1 0
github.com/muety/wakapi/models/user.go:189.2,190.1 1 0
github.com/muety/wakapi/models/user.go:194.2,194.28 1 0
github.com/muety/wakapi/models/user.go:195.3,196.1 1 0
github.com/muety/wakapi/models/user.go:197.2,197.17 1 0
github.com/muety/wakapi/models/user.go:202.2,203.1 1 1
github.com/muety/wakapi/models/user.go:206.2,207.1 1 1
github.com/muety/wakapi/models/user.go:214.2,215.32 2 0
github.com/muety/wakapi/models/user.go:216.3,217.1 1 0
github.com/muety/wakapi/models/user.go:218.2,218.30 1 0
github.com/muety/wakapi/models/user.go:219.3,220.1 1 0
github.com/muety/wakapi/models/user.go:221.2,222.24 2 0
github.com/muety/wakapi/models/user.go:226.2,227.55 2 1
github.com/muety/wakapi/models/user.go:228.3,229.1 1 1
github.com/muety/wakapi/models/user.go:231.2,231.51 1 1
github.com/muety/wakapi/models/user.go:235.2,236.1 1 0
github.com/muety/wakapi/models/user.go:239.2,240.1 1 0
github.com/muety/wakapi/models/user.go:243.2,245.1 1 0
github.com/muety/wakapi/models/user.go:248.2,250.1 1 0
github.com/muety/wakapi/models/user.go:253.2,254.1 3 0
github.com/muety/wakapi/models/user.go:255.2,256.52 3 0
github.com/muety/wakapi/models/user.go:257.3,258.1 1 0
github.com/muety/wakapi/models/user.go:260.2,264.15 1 0
github.com/muety/wakapi/models/user.go:268.2,269.1 1 0
github.com/muety/wakapi/models/user.go:272.2,273.1 1 0
github.com/muety/wakapi/models/user.go:276.2,277.1 1 0
github.com/muety/wakapi/models/user.go:280.2,281.1 1 0
github.com/muety/wakapi/models/user.go:285.2,288.1 3 0
github.com/muety/wakapi/models/user.go:291.2,293.1 2 0
github.com/muety/wakapi/models/user.go:296.2,297.1 1 0
github.com/muety/wakapi/models/user.go:301.2,302.1 1 0
github.com/muety/wakapi/models/user.go:306.2,307.1 1 0
github.com/muety/wakapi/models/user.go:311.2,312.1 1 0
github.com/muety/wakapi/models/user.go:316.2,316.89 1 0
github.com/muety/wakapi/models/user.go:317.3,318.1 1 0
github.com/muety/wakapi/models/user_agent.go:20.2,22.1 2 0
github.com/muety/wakapi/models/webauthn.go:22.2,23.1 1 0
github.com/muety/wakapi/models/webauthn.go:30.2,31.1 1 0
github.com/muety/wakapi/models/webauthn.go:39.2,39.18 1 0
github.com/muety/wakapi/models/webauthn.go:40.3,42.1 2 0
github.com/muety/wakapi/models/webauthn.go:44.2,45.27 2 0
github.com/muety/wakapi/models/webauthn.go:47.3,47.8 1 0
github.com/muety/wakapi/models/webauthn.go:49.3,49.15 1 0
github.com/muety/wakapi/models/webauthn.go:51.3,51.15 1 0
github.com/muety/wakapi/models/webauthn.go:53.3,53.70 1 0
github.com/muety/wakapi/models/webauthn.go:57.2,57.23 1 0
github.com/muety/wakapi/models/webauthn.go:58.3,59.1 1 0
github.com/muety/wakapi/models/webauthn.go:61.2,63.12 3 0
github.com/muety/wakapi/models/webauthn.go:81.2,82.1 1 0
github.com/muety/wakapi/models/webauthn.go:85.2,93.1 1 0
github.com/muety/wakapi/models/webauthn.go:97.2,107.1 1 0
github.com/muety/wakapi/models/webauthn.go:111.2,119.1 1 0
github.com/muety/wakapi/config/config.go:254.2,254.25 1 1
github.com/muety/wakapi/config/config.go:255.3,256.1 1 1
github.com/muety/wakapi/config/config.go:257.2,257.35 1 1
github.com/muety/wakapi/config/config.go:261.2,263.1 3 1
github.com/muety/wakapi/config/config.go:264.2,264.38 3 1
github.com/muety/wakapi/config/config.go:265.3,266.1 1 1
github.com/muety/wakapi/config/config.go:267.2,267.22 1 1
github.com/muety/wakapi/config/config.go:268.3,269.1 1 1
github.com/muety/wakapi/config/config.go:270.2,270.26 1 1
github.com/muety/wakapi/config/config.go:271.3,272.1 1 1
github.com/muety/wakapi/config/config.go:273.2,273.46 1 1
github.com/muety/wakapi/config/config.go:274.3,275.1 1 1
github.com/muety/wakapi/config/config.go:276.2,276.12 1 1
github.com/muety/wakapi/config/config.go:280.2,281.1 1 0
github.com/muety/wakapi/config/config.go:284.2,285.1 1 0
github.com/muety/wakapi/config/config.go:288.2,289.1 1 0
github.com/muety/wakapi/config/config.go:292.2,292.16 1 0
github.com/muety/wakapi/config/config.go:293.3,294.1 1 0
github.com/muety/wakapi/config/config.go:296.2,304.1 1 0
github.com/muety/wakapi/config/config.go:308.2,309.1 1 0
github.com/muety/wakapi/config/config.go:312.2,313.1 1 0
github.com/muety/wakapi/config/config.go:316.2,317.1 1 0
github.com/muety/wakapi/config/config.go:320.2,320.37 1 0
github.com/muety/wakapi/config/config.go:321.3,322.1 1 0
github.com/muety/wakapi/config/config.go:323.2,323.62 1 0
github.com/muety/wakapi/config/config.go:327.2,328.1 1 0
github.com/muety/wakapi/config/config.go:331.2,332.1 1 0
github.com/muety/wakapi/config/config.go:335.2,336.1 1 0
github.com/muety/wakapi/config/config.go:339.2,339.46 1 1
github.com/muety/wakapi/config/config.go:341.3,343.17 3 0
github.com/muety/wakapi/config/config.go:344.4,345.1 1 0
github.com/muety/wakapi/config/config.go:347.3,348.17 2 0
github.com/muety/wakapi/config/config.go:349.4,350.1 1 0
github.com/muety/wakapi/config/config.go:352.3,352.44 1 0
github.com/muety/wakapi/config/config.go:355.2,355.51 1 1
github.com/muety/wakapi/config/config.go:359.2,359.47 1 1
github.com/muety/wakapi/config/config.go:361.3,364.1 5 0
github.com/muety/wakapi/config/config.go:365.3,366.17 5 0
github.com/muety/wakapi/config/config.go:367.4,368.1 1 0
github.com/muety/wakapi/config/config.go:370.3,371.17 2 0
github.com/muety/wakapi/config/config.go:372.4,373.1 1 0
github.com/muety/wakapi/config/config.go:375.3,375.54 1 0
github.com/muety/wakapi/config/config.go:378.2,378.52 1 1
github.com/muety/wakapi/config/config.go:382.2,383.1 3 1
github.com/muety/wakapi/config/config.go:384.2,385.1 3 1
github.com/muety/wakapi/config/config.go:386.2,386.56 3 1
github.com/muety/wakapi/config/config.go:388.3,388.33 1 0
github.com/muety/wakapi/config/config.go:389.4,391.18 3 0
github.com/muety/wakapi/config/config.go:392.5,393.1 1 0
github.com/muety/wakapi/config/config.go:395.4,396.18 2 0
github.com/muety/wakapi/config/config.go:397.5,398.1 1 0
github.com/muety/wakapi/config/config.go:400.4,400.45 1 0
github.com/muety/wakapi/config/config.go:403.3,403.33 1 1
github.com/muety/wakapi/config/config.go:404.4,405.1 1 1
github.com/muety/wakapi/config/config.go:408.2,408.76 1 1
github.com/muety/wakapi/config/config.go:409.3,410.1 1 1
github.com/muety/wakapi/config/config.go:412.2,412.14 1 1
github.com/muety/wakapi/config/config.go:416.2,418.1 2 0
github.com/muety/wakapi/config/config.go:421.2,421.38 1 1
github.com/muety/wakapi/config/config.go:422.3,423.1 1 1
github.com/muety/wakapi/config/config.go:424.2,424.43 1 1
github.com/muety/wakapi/config/config.go:425.3,425.46 1 1
github.com/muety/wakapi/config/config.go:426.4,427.1 1 1
github.com/muety/wakapi/config/config.go:429.2,429.14 1 1
github.com/muety/wakapi/config/config.go:433.2,434.1 2 1
github.com/muety/wakapi/config/config.go:435.2,435.64 2 1
github.com/muety/wakapi/config/config.go:437.3,437.15 1 1
github.com/muety/wakapi/config/config.go:438.4,438.12 1 1
github.com/muety/wakapi/config/config.go:442.3,443.17 2 0
github.com/muety/wakapi/config/config.go:444.4,445.12 2 0
github.com/muety/wakapi/config/config.go:449.3,450.22 2 0
github.com/muety/wakapi/config/config.go:451.4,452.29 2 0
github.com/muety/wakapi/config/config.go:453.5,454.1 1 0
github.com/muety/wakapi/config/config.go:455.4,457.12 3 0
github.com/muety/wakapi/config/config.go:460.3,460.55 1 0
github.com/muety/wakapi/config/config.go:465.2,466.1 1 0
github.com/muety/wakapi/config/config.go:469.2,470.1 1 0
github.com/muety/wakapi/config/config.go:473.2,474.1 1 0
github.com/muety/wakapi/config/config.go:477.2,478.1 1 0
github.com/muety/wakapi/config/config.go:481.2,482.1 1 0
github.com/muety/wakapi/config/config.go:485.2,485.112 1 1
github.com/muety/wakapi/config/config.go:486.3,487.1 1 1
github.com/muety/wakapi/config/config.go:491.2,493.23 3 0
github.com/muety/wakapi/config/config.go:494.3,495.1 1 0
github.com/muety/wakapi/config/config.go:497.2,499.1 4 0
github.com/muety/wakapi/config/config.go:500.2,501.20 4 0
github.com/muety/wakapi/config/config.go:503.3,503.28 1 0
github.com/muety/wakapi/config/config.go:505.3,505.28 1 0
github.com/muety/wakapi/config/config.go:507.3,507.26 1 0
github.com/muety/wakapi/config/config.go:510.2,510.51 1 0
github.com/muety/wakapi/config/config.go:514.2,515.1 1 1
github.com/muety/wakapi/config/config.go:518.2,519.1 1 0
github.com/muety/wakapi/config/config.go:522.2,523.1 1 0
github.com/muety/wakapi/config/config.go:526.2,527.1 1 1
github.com/muety/wakapi/config/config.go:530.2,531.1 1 1
github.com/muety/wakapi/config/config.go:534.2,535.1 1 0
github.com/muety/wakapi/config/config.go:538.2,539.1 1 1
github.com/muety/wakapi/config/config.go:543.2,544.16 2 1
github.com/muety/wakapi/config/config.go:545.3,545.48 1 1
github.com/muety/wakapi/config/config.go:546.4,547.1 1 0
github.com/muety/wakapi/config/config.go:548.4,549.1 1 1
github.com/muety/wakapi/config/config.go:552.2,553.53 2 1
github.com/muety/wakapi/config/config.go:554.3,555.1 1 0
github.com/muety/wakapi/config/config.go:557.2,557.15 1 1
github.com/muety/wakapi/config/config.go:561.2,561.27 1 1
github.com/muety/wakapi/config/config.go:562.3,563.1 1 0
github.com/muety/wakapi/config/config.go:564.2,564.24 1 1
github.com/muety/wakapi/config/config.go:565.3,566.1 1 0
github.com/muety/wakapi/config/config.go:567.2,567.25 1 1
github.com/muety/wakapi/config/config.go:568.3,569.1 1 0
github.com/muety/wakapi/config/config.go:570.2,570.15 1 1
github.com/muety/wakapi/config/config.go:574.2,575.1 1 1
github.com/muety/wakapi/config/config.go:578.2,578.16 1 1
github.com/muety/wakapi/config/config.go:579.3,580.1 1 0
github.com/muety/wakapi/config/config.go:581.2,581.12 1 1
github.com/muety/wakapi/config/config.go:585.2,587.1 4 1
github.com/muety/wakapi/config/config.go:588.2,589.101 4 1
github.com/muety/wakapi/config/config.go:590.3,591.1 1 0
github.com/muety/wakapi/config/config.go:593.2,594.1 5 1
github.com/muety/wakapi/config/config.go:595.2,596.1 5 1
github.com/muety/wakapi/config/config.go:597.2,599.21 5 1
github.com/muety/wakapi/config/config.go:600.3,601.1 1 0
github.com/muety/wakapi/config/config.go:603.2,606.35 4 1
github.com/muety/wakapi/config/config.go:607.3,608.1 1 0
github.com/muety/wakapi/config/config.go:609.2,609.25 1 1
github.com/muety/wakapi/config/config.go:610.3,612.1 2 0
github.com/muety/wakapi/config/config.go:614.2,615.16 2 1
github.com/muety/wakapi/config/config.go:616.3,618.1 2 0
github.com/muety/wakapi/config/config.go:619.2,619.25 1 1
github.com/muety/wakapi/config/config.go:621.3,622.1 1 1
github.com/muety/wakapi/config/config.go:623.2,623.25 1 1
github.com/muety/wakapi/config/config.go:624.3,625.1 1 0
github.com/muety/wakapi/config/config.go:626.2,627.1 4 1
github.com/muety/wakapi/config/config.go:628.2,629.1 4 1
github.com/muety/wakapi/config/config.go:630.2,631.81 4 1
github.com/muety/wakapi/config/config.go:632.3,633.1 1 1
github.com/muety/wakapi/config/config.go:634.3,635.1 1 0
github.com/muety/wakapi/config/config.go:637.2,637.47 1 1
github.com/muety/wakapi/config/config.go:638.3,638.14 1 0
github.com/muety/wakapi/config/config.go:639.4,640.1 1 0
github.com/muety/wakapi/config/config.go:643.2,643.29 1 1
github.com/muety/wakapi/config/config.go:644.3,644.38 1 0
github.com/muety/wakapi/config/config.go:645.4,646.1 1 0
github.com/muety/wakapi/config/config.go:647.3,648.60 2 0
github.com/muety/wakapi/config/config.go:651.2,651.70 1 1
github.com/muety/wakapi/config/config.go:652.3,653.50 2 1
github.com/muety/wakapi/config/config.go:654.4,655.1 1 1
github.com/muety/wakapi/config/config.go:658.2,658.41 1 1
github.com/muety/wakapi/config/config.go:659.3,660.1 1 1
github.com/muety/wakapi/config/config.go:661.3,662.35 2 0
github.com/muety/wakapi/config/config.go:663.4,664.1 1 0
github.com/muety/wakapi/config/config.go:665.3,665.34 1 0
github.com/muety/wakapi/config/config.go:669.2,669.108 1 1
github.com/muety/wakapi/config/config.go:670.3,671.1 1 0
github.com/muety/wakapi/config/config.go:672.2,672.52 1 1
github.com/muety/wakapi/config/config.go:673.3,674.1 1 0
github.com/muety/wakapi/config/config.go:675.2,675.51 1 1
github.com/muety/wakapi/config/config.go:676.3,678.1 2 1
github.com/muety/wakapi/config/config.go:679.2,679.100 1 1
github.com/muety/wakapi/config/config.go:680.3,681.1 1 0
github.com/muety/wakapi/config/config.go:682.2,682.53 1 1
github.com/muety/wakapi/config/config.go:683.3,684.1 1 0
github.com/muety/wakapi/config/config.go:685.2,685.74 1 1
github.com/muety/wakapi/config/config.go:686.3,687.1 1 0
github.com/muety/wakapi/config/config.go:688.2,688.95 1 1
github.com/muety/wakapi/config/config.go:689.3,690.1 1 0
github.com/muety/wakapi/config/config.go:691.2,691.156 1 1
github.com/muety/wakapi/config/config.go:692.3,693.1 1 0
github.com/muety/wakapi/config/config.go:694.2,694.165 1 1
github.com/muety/wakapi/config/config.go:695.3,696.1 1 0
github.com/muety/wakapi/config/config.go:697.2,697.57 1 1
github.com/muety/wakapi/config/config.go:698.3,698.45 1 1
github.com/muety/wakapi/config/config.go:699.4,700.1 1 0
github.com/muety/wakapi/config/config.go:703.2,704.1 2 1
github.com/muety/wakapi/config/config.go:705.2,705.78 2 1
github.com/muety/wakapi/config/config.go:706.3,707.1 1 0
github.com/muety/wakapi/config/config.go:708.2,708.81 1 1
github.com/muety/wakapi/config/config.go:709.3,710.1 1 0
github.com/muety/wakapi/config/config.go:711.2,711.66 1 1
github.com/muety/wakapi/config/config.go:712.3,712.48 1 1
github.com/muety/wakapi/config/config.go:713.4,714.1 1 0
github.com/muety/wakapi/config/config.go:718.2,718.76 1 1
github.com/muety/wakapi/config/config.go:719.3,720.1 1 0
github.com/muety/wakapi/config/config.go:723.2,723.55 1 1
github.com/muety/wakapi/config/config.go:724.3,725.1 1 0
github.com/muety/wakapi/config/config.go:726.2,726.56 1 1
github.com/muety/wakapi/config/config.go:727.3,728.1 1 0
github.com/muety/wakapi/config/config.go:729.2,729.65 1 1
github.com/muety/wakapi/config/config.go:730.3,731.1 1 0
github.com/muety/wakapi/config/config.go:733.2,734.1 5 1
github.com/muety/wakapi/config/config.go:736.2,739.1 5 1
github.com/muety/wakapi/config/config.go:740.2,740.14 5 1
github.com/muety/wakapi/config/config.go:744.2,752.1 1 1
github.com/muety/wakapi/config/config.go:756.2,758.1 2 0
github.com/muety/wakapi/config/config.go:762.2,762.47 1 1
github.com/muety/wakapi/config/config.go:763.3,763.116 1 1
github.com/muety/wakapi/config/config.go:764.4,766.1 2 1
github.com/muety/wakapi/config/config.go:768.2,768.50 1 1
github.com/muety/wakapi/config/config.go:769.3,771.1 2 1
github.com/muety/wakapi/config/config.go:775.2,776.1 3 1
github.com/muety/wakapi/config/config.go:777.2,778.16 3 1
github.com/muety/wakapi/config/config.go:779.3,780.1 1 0
github.com/muety/wakapi/config/config.go:782.2,786.1 3 1
github.com/muety/wakapi/config/config.go:788.2,789.16 3 1
github.com/muety/wakapi/config/config.go:790.3,791.1 1 0
github.com/muety/wakapi/config/config.go:804.2,805.1 2 1
github.com/muety/wakapi/config/config.go:806.2,806.33 2 1
github.com/muety/wakapi/config/config.go:807.3,809.1 3 1
github.com/muety/wakapi/config/config.go:811.3,811.69 3 1
github.com/muety/wakapi/config/config.go:812.4,814.1 3 1
github.com/muety/wakapi/config/config.go:815.4,815.135 3 1
github.com/muety/wakapi/config/config.go:816.5,818.1 2 0
github.com/muety/wakapi/config/config.go:819.4,819.18 1 1
github.com/muety/wakapi/config/config.go:831.2,831.33 1 1
github.com/muety/wakapi/config/config.go:832.3,833.22 2 1
github.com/muety/wakapi/config/config.go:834.4,834.12 1 0
github.com/muety/wakapi/config/config.go:836.3,837.1 2 1
github.com/muety/wakapi/config/config.go:838.3,838.36 2 1
github.com/muety/wakapi/config/config.go:839.4,840.28 2 1
github.com/muety/wakapi/config/config.go:841.5,843.1 2 0
github.com/muety/wakapi/config/config.go:845.4,846.18 2 1
github.com/muety/wakapi/config/config.go:847.5,849.1 2 0
github.com/muety/wakapi/config/config.go:851.4,852.18 2 1
github.com/muety/wakapi/config/cookie.go:16.2,17.1 1 1
github.com/muety/wakapi/config/cookie.go:30.2,31.16 2 1
github.com/muety/wakapi/config/cookie.go:32.3,33.1 1 0
github.com/muety/wakapi/config/cookie.go:35.2,38.1 4 1
github.com/muety/wakapi/config/cookie.go:39.2,39.36 4 1
github.com/muety/wakapi/config/cookie.go:40.3,41.1 1 0
github.com/muety/wakapi/config/cookie.go:43.2,43.29 1 1
github.com/muety/wakapi/config/cookie.go:47.2,48.16 2 1
github.com/muety/wakapi/config/cookie.go:49.3,50.1 1 0
github.com/muety/wakapi/config/cookie.go:52.2,53.61 2 1
github.com/muety/wakapi/config/cookie.go:57.2,59.1 2 1
github.com/muety/wakapi/config/cookie.go:62.2,63.1 1 1
github.com/muety/wakapi/config/cookie.go:66.2,66.46 1 0
github.com/muety/wakapi/config/cookie.go:67.3,68.1 1 0
github.com/muety/wakapi/config/cookie.go:69.2,69.42 1 0
github.com/muety/wakapi/config/cookie.go:73.2,73.44 1 0
github.com/muety/wakapi/config/cookie.go:74.3,75.1 1 0
github.com/muety/wakapi/config/cookie.go:76.2,76.40 1 0
github.com/muety/wakapi/config/db.go:54.2,54.19 1 0
github.com/muety/wakapi/config/db.go:56.3,59.5 1 0
github.com/muety/wakapi/config/db.go:61.3,63.5 1 0
github.com/muety/wakapi/config/db.go:65.3,65.48 1 0
github.com/muety/wakapi/config/db.go:68.2,68.12 1 0
github.com/muety/wakapi/config/db.go:72.2,72.25 1 1
github.com/muety/wakapi/config/db.go:73.3,74.1 1 0
github.com/muety/wakapi/config/db.go:76.2,77.1 2 1
github.com/muety/wakapi/config/db.go:78.2,78.25 2 1
github.com/muety/wakapi/config/db.go:79.3,80.1 1 1
github.com/muety/wakapi/config/db.go:82.2,90.3 1 1
github.com/muety/wakapi/config/db.go:94.2,94.25 1 1
github.com/muety/wakapi/config/db.go:95.3,96.1 1 0
github.com/muety/wakapi/config/db.go:98.2,99.16 2 1
github.com/muety/wakapi/config/db.go:100.3,101.1 1 0
github.com/muety/wakapi/config/db.go:106.2,113.3 1 1
github.com/muety/wakapi/config/db.go:117.2,118.1 1 1
github.com/muety/wakapi/config/db_opts.go:12.2,13.1 1 0
github.com/muety/wakapi/config/db_opts.go:16.2,17.1 1 0
github.com/muety/wakapi/config/db_opts.go:21.2,21.39 1 0
github.com/muety/wakapi/config/db_opts.go:23.3,23.100 1 0
github.com/muety/wakapi/config/db_opts.go:24.4,25.1 1 0
github.com/muety/wakapi/config/db_opts.go:28.2,28.30 1 0
github.com/muety/wakapi/config/db_opts.go:29.3,29.68 1 0
github.com/muety/wakapi/config/db_opts.go:30.4,31.1 1 0
github.com/muety/wakapi/config/db_opts.go:34.2,34.12 1 0
github.com/muety/wakapi/config/eventbus.go:34.2,35.1 1 1
github.com/muety/wakapi/config/eventbus.go:38.2,39.1 1 0
github.com/muety/wakapi/config/eventbus.go:42.2,43.1 1 0
github.com/muety/wakapi/config/fs.go:10.2,10.19 1 0
github.com/muety/wakapi/config/fs.go:11.3,11.46 1 0
github.com/muety/wakapi/config/fs.go:12.4,13.1 1 0
github.com/muety/wakapi/config/fs.go:14.3,14.98 1 0
github.com/muety/wakapi/config/fs.go:16.2,16.19 1 0
github.com/muety/wakapi/config/jobqueue.go:30.2,31.1 1 1
github.com/muety/wakapi/config/jobqueue.go:34.2,41.1 7 0
github.com/muety/wakapi/config/jobqueue.go:44.2,44.34 1 0
github.com/muety/wakapi/config/jobqueue.go:45.3,46.1 1 0
github.com/muety/wakapi/config/jobqueue.go:47.2,50.12 4 0
github.com/muety/wakapi/config/jobqueue.go:54.2,55.1 1 0
github.com/muety/wakapi/config/jobqueue.go:58.2,58.35 1 0
github.com/muety/wakapi/config/jobqueue.go:59.3,60.1 1 0
github.com/muety/wakapi/config/jobqueue.go:61.2,61.24 1 0
github.com/muety/wakapi/config/jobqueue.go:65.2,66.37 2 0
github.com/muety/wakapi/config/jobqueue.go:67.3,72.1 1 0
github.com/muety/wakapi/config/jobqueue.go:73.2,73.16 1 0
github.com/muety/wakapi/config/jobqueue.go:77.2,77.30 1 0
github.com/muety/wakapi/config/jobqueue.go:78.3,79.1 1 0
github.com/muety/wakapi/config/logging.go:12.2,13.25 2 1
github.com/muety/wakapi/config/logging.go:14.3,16.62 1 0
github.com/muety/wakapi/config/logging.go:17.5,17.44 1 0
github.com/muety/wakapi/config/logging.go:20.6,21.1 1 0
github.com/muety/wakapi/config/logging.go:22.5,22.13 1 0
github.com/muety/wakapi/config/logging.go:25.3,29.1 1 1
github.com/muety/wakapi/config/logging.go:30.2,30.36 1 1
github.com/muety/wakapi/config/oidc.go:39.2,39.31 1 1
github.com/muety/wakapi/config/oidc.go:40.3,40.65 1 1
github.com/muety/wakapi/config/oidc.go:41.4,42.1 1 1
github.com/muety/wakapi/config/oidc.go:46.2,46.62 1 1
github.com/muety/wakapi/config/oidc.go:47.3,48.1 1 1
github.com/muety/wakapi/config/oidc.go:49.2,49.53 1 1
github.com/muety/wakapi/config/oidc.go:50.3,51.1 1 1
github.com/muety/wakapi/config/oidc.go:52.2,52.52 1 1
github.com/muety/wakapi/config/oidc.go:53.3,54.1 1 1
github.com/muety/wakapi/config/oidc.go:55.2,55.11 1 1
github.com/muety/wakapi/config/oidc.go:59.2,59.28 1 1
github.com/muety/wakapi/config/oidc.go:60.3,60.48 1 1
github.com/muety/wakapi/config/oidc.go:61.4,61.38 1 1
github.com/muety/wakapi/config/oidc.go:62.5,63.1 1 1
github.com/muety/wakapi/config/oidc.go:66.2,66.11 1 1
github.com/muety/wakapi/config/oidc.go:72.2,76.1 4 1
github.com/muety/wakapi/config/oidc.go:77.2,80.1 4 1
github.com/muety/wakapi/config/oidc.go:83.2,84.1 3 1
github.com/muety/wakapi/config/oidc.go:85.2,86.16 3 1
github.com/muety/wakapi/config/oidc.go:87.3,89.1 2 0
github.com/muety/wakapi/config/oidc.go:91.2,92.38 2 1
github.com/muety/wakapi/config/oidc.go:93.3,94.1 1 1
github.com/muety/wakapi/config/oidc.go:96.2,97.39 2 1
github.com/muety/wakapi/config/oidc.go:98.3,98.78 1 0
github.com/muety/wakapi/config/oidc.go:99.4,100.1 1 0
github.com/muety/wakapi/config/oidc.go:103.2,109.1 2 1
github.com/muety/wakapi/config/oidc.go:111.2,117.1 2 1
github.com/muety/wakapi/config/oidc.go:121.2,122.9 2 1
github.com/muety/wakapi/config/oidc.go:123.3,124.1 1 1
github.com/muety/wakapi/config/oidc.go:125.2,125.22 1 1
github.com/muety/wakapi/config/oidc.go:129.2,131.1 2 0
github.com/muety/wakapi/config/sentry.go:28.2,29.16 2 1
github.com/muety/wakapi/config/sentry.go:30.3,31.1 1 1
github.com/muety/wakapi/config/sentry.go:33.2,33.136 1 1
github.com/muety/wakapi/config/sentry.go:34.3,35.30 2 0
github.com/muety/wakapi/config/sentry.go:36.4,36.29 1 0
github.com/muety/wakapi/config/sentry.go:37.5,38.1 1 0
github.com/muety/wakapi/config/sentry.go:40.3,40.24 1 0
github.com/muety/wakapi/config/sentry.go:43.2,48.4 1 1
github.com/muety/wakapi/config/sentry.go:53.2,53.25 1 1
github.com/muety/wakapi/config/sentry.go:54.3,55.1 1 1
github.com/muety/wakapi/config/sentry.go:56.2,57.21 2 1
github.com/muety/wakapi/config/sentry.go:61.2,64.1 3 0
github.com/muety/wakapi/config/sentry.go:67.2,69.39 3 0
github.com/muety/wakapi/config/sentry.go:70.3,71.1 1 0
github.com/muety/wakapi/config/sentry.go:72.2,72.11 1 0
github.com/muety/wakapi/config/sentry.go:84.2,91.59 1 0
github.com/muety/wakapi/config/sentry.go:92.4,93.38 2 0
github.com/muety/wakapi/config/sentry.go:94.5,94.38 1 0
github.com/muety/wakapi/config/sentry.go:95.6,96.1 1 0
github.com/muety/wakapi/config/sentry.go:98.4,98.50 1 0
github.com/muety/wakapi/config/sentry.go:99.5,100.1 1 0
github.com/muety/wakapi/config/sentry.go:101.4,101.37 1 0
github.com/muety/wakapi/config/sentry.go:105.4,106.1 1 0
github.com/muety/wakapi/config/sentry.go:108.3,109.1 1 0
github.com/muety/wakapi/config/sentry.go:114.2,115.23 2 0
github.com/muety/wakapi/config/sentry.go:116.3,118.1 2 0
github.com/muety/wakapi/config/sentry.go:119.2,120.16 2 0
github.com/muety/wakapi/config/sentry.go:121.3,122.1 1 0
github.com/muety/wakapi/config/sentry.go:123.2,123.21 1 0
github.com/muety/wakapi/config/shared_data.go:19.2,20.1 1 0
github.com/muety/wakapi/config/testutils.go:4.2,5.1 1 1
github.com/muety/wakapi/config/testutils.go:8.2,15.1 4 1
github.com/muety/wakapi/config/testutils.go:17.2,20.1 4 1
github.com/muety/wakapi/repositories/alias.go:14.2,15.1 1 0
github.com/muety/wakapi/repositories/alias.go:18.2,19.50 2 0
github.com/muety/wakapi/repositories/alias.go:20.3,21.1 1 0
github.com/muety/wakapi/repositories/alias.go:22.2,22.21 1 0
github.com/muety/wakapi/repositories/alias.go:26.2,27.18 2 0
github.com/muety/wakapi/repositories/alias.go:28.3,29.1 1 0
github.com/muety/wakapi/repositories/alias.go:30.2,32.36 1 0
github.com/muety/wakapi/repositories/alias.go:33.3,34.1 1 0
github.com/muety/wakapi/repositories/alias.go:35.2,35.21 1 0
github.com/muety/wakapi/repositories/alias.go:39.2,40.18 2 0
github.com/muety/wakapi/repositories/alias.go:41.3,42.1 1 0
github.com/muety/wakapi/repositories/alias.go:43.2,48.36 1 0
github.com/muety/wakapi/repositories/alias.go:49.3,50.1 1 0
github.com/muety/wakapi/repositories/alias.go:51.2,51.21 1 0
github.com/muety/wakapi/repositories/alias.go:55.2,56.18 2 0
github.com/muety/wakapi/repositories/alias.go:57.3,58.1 1 0
github.com/muety/wakapi/repositories/alias.go:59.2,65.36 1 0
github.com/muety/wakapi/repositories/alias.go:66.3,67.1 1 0
github.com/muety/wakapi/repositories/alias.go:68.2,68.21 1 0
github.com/muety/wakapi/repositories/alias.go:72.2,73.18 2 0
github.com/muety/wakapi/repositories/alias.go:74.3,75.1 1 0
github.com/muety/wakapi/repositories/alias.go:76.2,82.34 1 0
github.com/muety/wakapi/repositories/alias.go:83.3,84.1 1 0
github.com/muety/wakapi/repositories/alias.go:85.2,85.19 1 0
github.com/muety/wakapi/repositories/alias.go:89.2,90.37 2 0
github.com/muety/wakapi/repositories/alias.go:91.3,92.1 1 0
github.com/muety/wakapi/repositories/alias.go:93.2,93.19 1 0
github.com/muety/wakapi/repositories/alias.go:97.2,100.1 1 0
github.com/muety/wakapi/repositories/alias.go:103.2,106.1 1 0
github.com/muety/wakapi/repositories/api_key.go:18.2,19.1 1 0
github.com/muety/wakapi/repositories/api_key.go:22.2,23.47 2 0
github.com/muety/wakapi/repositories/api_key.go:24.3,25.1 1 0
github.com/muety/wakapi/repositories/api_key.go:26.2,26.18 1 0
github.com/muety/wakapi/repositories/api_key.go:30.2,31.1 3 0
github.com/muety/wakapi/repositories/api_key.go:32.2,33.26 3 0
github.com/muety/wakapi/repositories/api_key.go:34.3,35.1 1 0
github.com/muety/wakapi/repositories/api_key.go:37.2,37.47 1 0
github.com/muety/wakapi/repositories/api_key.go:38.3,39.1 1 0
github.com/muety/wakapi/repositories/api_key.go:40.2,40.17 1 0
github.com/muety/wakapi/repositories/api_key.go:44.2,44.18 1 0
github.com/muety/wakapi/repositories/api_key.go:45.3,46.1 1 0
github.com/muety/wakapi/repositories/api_key.go:47.2,50.33 2 0
github.com/muety/wakapi/repositories/api_key.go:51.3,52.1 1 0
github.com/muety/wakapi/repositories/api_key.go:53.2,53.18 1 0
github.com/muety/wakapi/repositories/api_key.go:57.2,57.20 1 0
github.com/muety/wakapi/repositories/api_key.go:58.3,59.1 1 0
github.com/muety/wakapi/repositories/api_key.go:60.2,61.37 2 0
github.com/muety/wakapi/repositories/api_key.go:62.3,63.1 1 0
github.com/muety/wakapi/repositories/api_key.go:64.2,64.17 1 0
github.com/muety/wakapi/repositories/api_key.go:68.2,71.1 1 0
github.com/muety/wakapi/repositories/base.go:22.2,23.1 1 1
github.com/muety/wakapi/repositories/base.go:26.2,27.1 1 1
github.com/muety/wakapi/repositories/base.go:30.2,30.57 1 0
github.com/muety/wakapi/repositories/base.go:31.3,32.1 1 0
github.com/muety/wakapi/repositories/base.go:33.3,34.1 1 0
github.com/muety/wakapi/repositories/base.go:35.2,35.20 1 0
github.com/muety/wakapi/repositories/base.go:39.2,39.84 1 0
github.com/muety/wakapi/repositories/base.go:40.3,45.1 1 0
github.com/muety/wakapi/repositories/base.go:46.3,47.1 1 0
github.com/muety/wakapi/repositories/base.go:48.2,48.20 1 0
github.com/muety/wakapi/repositories/base.go:52.2,53.1 1 0
github.com/muety/wakapi/repositories/base.go:61.2,62.1 2 0
github.com/muety/wakapi/repositories/base.go:63.2,63.95 2 0
github.com/muety/wakapi/repositories/base.go:64.3,64.51 1 0
github.com/muety/wakapi/repositories/base.go:65.4,67.1 2 0
github.com/muety/wakapi/repositories/base.go:68.3,69.9 2 0
github.com/muety/wakapi/repositories/base.go:72.2,72.38 1 0
github.com/muety/wakapi/repositories/base.go:73.3,74.17 2 0
github.com/muety/wakapi/repositories/base.go:75.4,77.1 2 0
github.com/muety/wakapi/repositories/base.go:79.3,79.29 1 0
github.com/muety/wakapi/repositories/base.go:80.4,81.69 2 0
github.com/muety/wakapi/repositories/base.go:82.5,83.13 2 0
github.com/muety/wakapi/repositories/base.go:87.3,88.9 2 0
github.com/muety/wakapi/repositories/base.go:91.2,91.115 1 0
github.com/muety/wakapi/repositories/base.go:96.2,97.1 2 0
github.com/muety/wakapi/repositories/base.go:98.2,98.16 2 0
github.com/muety/wakapi/repositories/base.go:99.3,99.32 1 0
github.com/muety/wakapi/repositories/base.go:100.4,100.53 1 0
github.com/muety/wakapi/repositories/base.go:101.5,102.1 1 0
github.com/muety/wakapi/repositories/base.go:103.5,104.1 1 0
github.com/muety/wakapi/repositories/base.go:106.3,106.13 1 0
github.com/muety/wakapi/repositories/base.go:109.2,109.48 1 0
github.com/muety/wakapi/repositories/base.go:110.3,110.32 1 0
github.com/muety/wakapi/repositories/base.go:111.4,111.59 1 0
github.com/muety/wakapi/repositories/base.go:112.5,113.1 1 0
github.com/muety/wakapi/repositories/base.go:115.3,115.13 1 0
github.com/muety/wakapi/repositories/base.go:120.2,125.35 1 0
github.com/muety/wakapi/repositories/base.go:126.3,127.1 1 0
github.com/muety/wakapi/repositories/base.go:128.2,128.12 1 0
github.com/muety/wakapi/repositories/base.go:132.2,134.18 3 1
github.com/muety/wakapi/repositories/base.go:135.3,136.50 2 1
github.com/muety/wakapi/repositories/base.go:137.4,138.12 2 0
github.com/muety/wakapi/repositories/base.go:140.3,140.19 1 1
github.com/muety/wakapi/repositories/base.go:145.2,147.1 4 0
github.com/muety/wakapi/repositories/base.go:148.2,149.1 4 0
github.com/muety/wakapi/repositories/base.go:150.2,150.18 4 0
github.com/muety/wakapi/repositories/base.go:151.3,152.50 2 0
github.com/muety/wakapi/repositories/base.go:153.4,154.12 2 0
github.com/muety/wakapi/repositories/base.go:157.3,158.1 2 0
github.com/muety/wakapi/repositories/base.go:159.3,159.31 2 0
github.com/muety/wakapi/repositories/base.go:160.4,162.1 2 0
github.com/muety/wakapi/repositories/base.go:165.2,165.21 1 0
github.com/muety/wakapi/repositories/base.go:166.3,167.1 1 0
github.com/muety/wakapi/repositories/base.go:171.2,171.35 1 0
github.com/muety/wakapi/repositories/base.go:172.3,172.91 1 0
github.com/muety/wakapi/repositories/base.go:174.4,174.18 1 0
github.com/muety/wakapi/repositories/base.go:175.5,176.1 1 0
github.com/muety/wakapi/repositories/base.go:177.4,177.14 1 0
github.com/muety/wakapi/repositories/base.go:180.2,180.10 1 0
github.com/muety/wakapi/repositories/diagnostics.go:13.2,14.1 1 0
github.com/muety/wakapi/repositories/diagnostics.go:17.2,18.1 1 0
github.com/muety/wakapi/repositories/duration.go:18.2,19.1 1 1
github.com/muety/wakapi/repositories/duration.go:22.2,25.49 4 1
github.com/muety/wakapi/repositories/duration.go:26.3,27.1 1 0
github.com/muety/wakapi/repositories/duration.go:28.2,28.23 1 1
github.com/muety/wakapi/repositories/duration.go:32.2,33.1 5 0
github.com/muety/wakapi/repositories/duration.go:34.2,37.16 5 0
github.com/muety/wakapi/repositories/duration.go:38.3,39.1 1 0
github.com/muety/wakapi/repositories/duration.go:41.2,41.84 1 0
github.com/muety/wakapi/repositories/duration.go:42.3,43.1 1 0
github.com/muety/wakapi/repositories/duration.go:44.2,44.17 1 0
github.com/muety/wakapi/repositories/duration.go:48.2,49.1 5 0
github.com/muety/wakapi/repositories/duration.go:50.2,53.16 5 0
github.com/muety/wakapi/repositories/duration.go:54.3,55.1 1 0
github.com/muety/wakapi/repositories/duration.go:57.2,57.84 1 0
github.com/muety/wakapi/repositories/duration.go:58.3,59.1 1 0
github.com/muety/wakapi/repositories/duration.go:60.2,60.17 1 0
github.com/muety/wakapi/repositories/duration.go:64.2,65.1 1 0
github.com/muety/wakapi/repositories/duration.go:68.2,69.1 5 0
github.com/muety/wakapi/repositories/duration.go:70.2,73.1 5 0
github.com/muety/wakapi/repositories/duration.go:74.2,74.24 5 0
github.com/muety/wakapi/repositories/duration.go:75.3,76.1 1 0
github.com/muety/wakapi/repositories/duration.go:78.2,78.49 1 0
github.com/muety/wakapi/repositories/duration.go:79.3,80.1 1 0
github.com/muety/wakapi/repositories/duration.go:81.2,81.23 1 0
github.com/muety/wakapi/repositories/duration.go:85.2,90.1 5 0
github.com/muety/wakapi/repositories/duration.go:93.2,94.1 1 0
github.com/muety/wakapi/repositories/duration.go:97.2,99.47 1 0
github.com/muety/wakapi/repositories/duration.go:100.3,101.1 1 0
github.com/muety/wakapi/repositories/duration.go:102.2,102.12 1 0
github.com/muety/wakapi/repositories/duration.go:106.2,108.58 3 0
github.com/muety/wakapi/repositories/duration.go:109.3,110.1 1 0
github.com/muety/wakapi/repositories/duration.go:111.2,111.12 1 0
github.com/muety/wakapi/repositories/duration.go:115.2,121.58 3 1
github.com/muety/wakapi/repositories/duration.go:122.3,123.1 1 0
github.com/muety/wakapi/repositories/duration.go:124.2,124.12 1 1
github.com/muety/wakapi/repositories/duration.go:128.2,131.1 1 0
github.com/muety/wakapi/repositories/duration.go:134.2,135.1 1 0
github.com/muety/wakapi/repositories/duration.go:138.2,138.26 1 1
github.com/muety/wakapi/repositories/duration.go:140.3,140.116 1 0
github.com/muety/wakapi/repositories/duration.go:142.3,142.110 1 0
github.com/muety/wakapi/repositories/duration.go:144.3,144.76 1 1
github.com/muety/wakapi/repositories/duration.go:149.2,151.1 2 1
github.com/muety/wakapi/repositories/heartbeat.go:21.2,22.1 1 1
github.com/muety/wakapi/repositories/heartbeat.go:26.2,27.53 2 0
github.com/muety/wakapi/repositories/heartbeat.go:28.3,29.1 1 0
github.com/muety/wakapi/repositories/heartbeat.go:30.2,30.24 1 0
github.com/muety/wakapi/repositories/heartbeat.go:34.2,35.1 1 0
github.com/muety/wakapi/repositories/heartbeat.go:38.2,44.49 4 0
github.com/muety/wakapi/repositories/heartbeat.go:45.3,46.1 1 0
github.com/muety/wakapi/repositories/heartbeat.go:47.2,47.24 1 0
github.com/muety/wakapi/repositories/heartbeat.go:51.2,60.49 4 0
github.com/muety/wakapi/repositories/heartbeat.go:61.3,62.1 1 0
github.com/muety/wakapi/repositories/heartbeat.go:63.2,63.24 1 0
github.com/muety/wakapi/repositories/heartbeat.go:68.2,69.108 2 0
github.com/muety/wakapi/repositories/heartbeat.go:70.3,71.1 1 0
github.com/muety/wakapi/repositories/heartbeat.go:72.2,72.24 1 0
github.com/muety/wakapi/repositories/heartbeat.go:76.2,77.1 3 0
github.com/muety/wakapi/repositories/heartbeat.go:78.2,79.16 3 0
github.com/muety/wakapi/repositories/heartbeat.go:80.3,81.1 1 0
github.com/muety/wakapi/repositories/heartbeat.go:83.2,83.67 1 0
github.com/muety/wakapi/repositories/heartbeat.go:84.3,85.1 1 0
github.com/muety/wakapi/repositories/heartbeat.go:86.2,86.17 1 0
github.com/muety/wakapi/repositories/heartbeat.go:90.2,91.1 3 1
github.com/muety/wakapi/repositories/heartbeat.go:92.2,93.39 3 1
github.com/muety/wakapi/repositories/heartbeat.go:95.3,97.1 3 1
github.com/muety/wakapi/repositories/heartbeat.go:100.3,100.27 3 1
github.com/muety/wakapi/repositories/heartbeat.go:101.4,103.1 2 1
github.com/muety/wakapi/repositories/heartbeat.go:104.3,104.31 1 1
github.com/muety/wakapi/repositories/heartbeat.go:105.4,107.1 2 1
github.com/muety/wakapi/repositories/heartbeat.go:109.3,109.26 1 1
github.com/muety/wakapi/repositories/heartbeat.go:112.4,113.1 1 1
github.com/muety/wakapi/repositories/heartbeat.go:116.2,117.16 2 1
github.com/muety/wakapi/repositories/heartbeat.go:118.3,119.1 1 0
github.com/muety/wakapi/repositories/heartbeat.go:121.2,121.67 1 1
github.com/muety/wakapi/repositories/heartbeat.go:122.3,123.1 1 0
github.com/muety/wakapi/repositories/heartbeat.go:124.2,124.17 1 1
github.com/muety/wakapi/repositories/heartbeat.go:128.2,129.1 3 0
github.com/muety/wakapi/repositories/heartbeat.go:130.2,131.16 3 0
github.com/muety/wakapi/repositories/heartbeat.go:132.3,133.1 1 0
github.com/muety/wakapi/repositories/heartbeat.go:135.2,135.85 1 0
github.com/muety/wakapi/repositories/heartbeat.go:136.3,137.1 1 0
github.com/muety/wakapi/repositories/heartbeat.go:138.2,138.17 1 0
github.com/muety/wakapi/repositories/heartbeat.go:142.2,143.1 5 0
github.com/muety/wakapi/repositories/heartbeat.go:144.2,147.16 5 0
github.com/muety/wakapi/repositories/heartbeat.go:148.3,149.1 1 0
github.com/muety/wakapi/repositories/heartbeat.go:151.2,151.85 1 0
github.com/muety/wakapi/repositories/heartbeat.go:152.3,153.1 1 0
github.com/muety/wakapi/repositories/heartbeat.go:154.2,154.17 1 0
github.com/muety/wakapi/repositories/heartbeat.go:159.2,160.1 4 0
github.com/muety/wakapi/repositories/heartbeat.go:161.2,163.1 4 0
github.com/muety/wakapi/repositories/heartbeat.go:164.2,164.50 4 0
github.com/muety/wakapi/repositories/heartbeat.go:165.3,166.1 1 0
github.com/muety/wakapi/repositories/heartbeat.go:167.2,167.24 1 0
github.com/muety/wakapi/repositories/heartbeat.go:171.2,172.1 5 0
github.com/muety/wakapi/repositories/heartbeat.go:173.2,175.1 5 0
github.com/muety/wakapi/repositories/heartbeat.go:176.2,177.16 5 0
github.com/muety/wakapi/repositories/heartbeat.go:178.3,179.1 1 0
github.com/muety/wakapi/repositories/heartbeat.go:181.2,181.67 1 0
github.com/muety/wakapi/repositories/heartbeat.go:182.3,183.1 1 0
github.com/muety/wakapi/repositories/heartbeat.go:185.2,185.17 1 0
github.com/muety/wakapi/repositories/heartbeat.go:189.2,190.1 5 0
github.com/muety/wakapi/repositories/heartbeat.go:191.2,194.1 5 0
github.com/muety/wakapi/repositories/heartbeat.go:195.2,195.58 5 0
github.com/muety/wakapi/repositories/heartbeat.go:196.3,197.1 1 0
github.com/muety/wakapi/repositories/heartbeat.go:198.2,198.23 1 0
github.com/muety/wakapi/repositories/heartbeat.go:202.2,205.1 3 0
github.com/muety/wakapi/repositories/heartbeat.go:208.2,211.1 3 0
github.com/muety/wakapi/repositories/heartbeat.go:214.2,217.1 3 0
github.com/muety/wakapi/repositories/heartbeat.go:220.2,220.42 1 0
github.com/muety/wakapi/repositories/heartbeat.go:221.3,226.1 1 0
github.com/muety/wakapi/repositories/heartbeat.go:228.2,228.16 1 0
github.com/muety/wakapi/repositories/heartbeat.go:229.3,232.1 1 0
github.com/muety/wakapi/repositories/heartbeat.go:233.2,233.19 1 0
github.com/muety/wakapi/repositories/heartbeat.go:237.2,241.35 2 0
github.com/muety/wakapi/repositories/heartbeat.go:242.3,243.1 1 0
github.com/muety/wakapi/repositories/heartbeat.go:244.2,244.19 1 0
github.com/muety/wakapi/repositories/heartbeat.go:248.2,249.1 3 0
github.com/muety/wakapi/repositories/heartbeat.go:250.2,251.26 3 0
github.com/muety/wakapi/repositories/heartbeat.go:252.3,253.1 1 0
github.com/muety/wakapi/repositories/heartbeat.go:255.2,255.23 1 0
github.com/muety/wakapi/repositories/heartbeat.go:256.3,257.1 1 0
github.com/muety/wakapi/repositories/heartbeat.go:259.2,264.35 1 0
github.com/muety/wakapi/repositories/heartbeat.go:265.3,266.1 1 0
github.com/muety/wakapi/repositories/heartbeat.go:268.2,268.20 1 0
github.com/muety/wakapi/repositories/heartbeat.go:272.2,277.36 2 0
github.com/muety/wakapi/repositories/heartbeat.go:278.3,279.1 1 0
github.com/muety/wakapi/repositories/heartbeat.go:280.2,280.21 1 0
github.com/muety/wakapi/repositories/heartbeat.go:284.2,285.59 2 0
github.com/muety/wakapi/repositories/heartbeat.go:286.3,287.1 1 0
github.com/muety/wakapi/repositories/heartbeat.go:288.2,288.12 1 0
github.com/muety/wakapi/repositories/heartbeat.go:292.2,294.48 1 0
github.com/muety/wakapi/repositories/heartbeat.go:295.3,296.1 1 0
github.com/muety/wakapi/repositories/heartbeat.go:297.2,297.12 1 0
github.com/muety/wakapi/repositories/heartbeat.go:301.2,304.48 2 0
github.com/muety/wakapi/repositories/heartbeat.go:305.3,306.1 1 0
github.com/muety/wakapi/repositories/heartbeat.go:307.2,307.12 1 0
github.com/muety/wakapi/repositories/heartbeat.go:311.2,312.1 4 0
github.com/muety/wakapi/repositories/heartbeat.go:319.2,323.1 4 0
github.com/muety/wakapi/repositories/heartbeat.go:325.2,345.1 4 0
github.com/muety/wakapi/repositories/heartbeat.go:346.2,348.41 4 0
github.com/muety/wakapi/repositories/heartbeat.go:349.3,350.1 1 0
github.com/muety/wakapi/repositories/heartbeat.go:352.2,352.26 1 0
github.com/muety/wakapi/repositories/heartbeat.go:356.2,363.36 2 0
github.com/muety/wakapi/repositories/heartbeat.go:364.3,365.1 1 0
github.com/muety/wakapi/repositories/heartbeat.go:366.2,366.21 1 0
github.com/muety/wakapi/repositories/heartbeat.go:370.2,374.1 4 1
github.com/muety/wakapi/repositories/heartbeat.go:377.2,380.1 1 1
github.com/muety/wakapi/repositories/heartbeat.go:383.2,384.1 1 0
github.com/muety/wakapi/repositories/heartbeat.go:387.2,389.1 2 1
github.com/muety/wakapi/repositories/key_value.go:19.2,20.1 1 0
github.com/muety/wakapi/repositories/key_value.go:23.2,24.52 2 0
github.com/muety/wakapi/repositories/key_value.go:25.3,26.1 1 0
github.com/muety/wakapi/repositories/key_value.go:27.2,27.23 1 0
github.com/muety/wakapi/repositories/key_value.go:31.2,34.32 2 0
github.com/muety/wakapi/repositories/key_value.go:35.3,36.1 1 0
github.com/muety/wakapi/repositories/key_value.go:38.2,38.16 1 0
github.com/muety/wakapi/repositories/key_value.go:42.2,46.21 2 0
github.com/muety/wakapi/repositories/key_value.go:47.3,48.1 1 0
github.com/muety/wakapi/repositories/key_value.go:49.2,49.23 1 0
github.com/muety/wakapi/repositories/key_value.go:53.2,60.1 2 0
github.com/muety/wakapi/repositories/key_value.go:61.2,61.37 2 0
github.com/muety/wakapi/repositories/key_value.go:62.3,63.1 1 0
github.com/muety/wakapi/repositories/key_value.go:65.2,65.12 1 0
github.com/muety/wakapi/repositories/key_value.go:69.2,70.1 1 0
github.com/muety/wakapi/repositories/key_value.go:73.2,74.1 2 0
github.com/muety/wakapi/repositories/key_value.go:75.2,75.37 2 0
github.com/muety/wakapi/repositories/key_value.go:76.3,77.1 1 0
github.com/muety/wakapi/repositories/key_value.go:78.2,78.30 1 0
github.com/muety/wakapi/repositories/key_value.go:79.3,80.1 1 0
github.com/muety/wakapi/repositories/key_value.go:82.2,82.12 1 0
github.com/muety/wakapi/repositories/key_value.go:86.2,87.1 1 0
github.com/muety/wakapi/repositories/key_value.go:90.2,93.1 1 0
github.com/muety/wakapi/repositories/key_value.go:97.2,97.89 1 0
github.com/muety/wakapi/repositories/key_value.go:98.3,100.30 3 0
github.com/muety/wakapi/repositories/key_value.go:101.4,102.1 1 0
github.com/muety/wakapi/repositories/key_value.go:104.3,110.12 1 0
github.com/muety/wakapi/repositories/key_value.go:113.3,116.1 1 0
github.com/muety/wakapi/repositories/language_mapping.go:16.2,17.1 1 0
github.com/muety/wakapi/repositories/language_mapping.go:20.2,21.51 2 0
github.com/muety/wakapi/repositories/language_mapping.go:22.3,23.1 1 0
github.com/muety/wakapi/repositories/language_mapping.go:24.2,24.22 1 0
github.com/muety/wakapi/repositories/language_mapping.go:28.2,29.89 2 0
github.com/muety/wakapi/repositories/language_mapping.go:30.3,31.1 1 0
github.com/muety/wakapi/repositories/language_mapping.go:32.2,32.21 1 0
github.com/muety/wakapi/repositories/language_mapping.go:36.2,37.18 2 0
github.com/muety/wakapi/repositories/language_mapping.go:38.3,39.1 1 0
github.com/muety/wakapi/repositories/language_mapping.go:40.2,42.37 1 0
github.com/muety/wakapi/repositories/language_mapping.go:43.3,44.1 1 0
github.com/muety/wakapi/repositories/language_mapping.go:45.2,45.22 1 0
github.com/muety/wakapi/repositories/language_mapping.go:49.2,49.24 1 0
github.com/muety/wakapi/repositories/language_mapping.go:50.3,51.1 1 0
github.com/muety/wakapi/repositories/language_mapping.go:52.2,53.37 2 0
github.com/muety/wakapi/repositories/language_mapping.go:54.3,55.1 1 0
github.com/muety/wakapi/repositories/language_mapping.go:56.2,56.21 1 0
github.com/muety/wakapi/repositories/language_mapping.go:60.2,63.1 1 0
github.com/muety/wakapi/repositories/leaderboard.go:15.2,16.1 1 0
github.com/muety/wakapi/repositories/leaderboard.go:19.2,21.36 1 0
github.com/muety/wakapi/repositories/leaderboard.go:22.3,23.1 1 0
github.com/muety/wakapi/repositories/leaderboard.go:24.2,24.12 1 0
github.com/muety/wakapi/repositories/leaderboard.go:28.2,34.1 3 0
github.com/muety/wakapi/repositories/leaderboard.go:37.2,39.17 3 0
github.com/muety/wakapi/repositories/leaderboard.go:40.3,41.1 1 0
github.com/muety/wakapi/repositories/leaderboard.go:42.2,43.19 2 0
github.com/muety/wakapi/repositories/leaderboard.go:47.2,50.34 2 0
github.com/muety/wakapi/repositories/leaderboard.go:51.3,52.1 1 0
github.com/muety/wakapi/repositories/leaderboard.go:53.2,53.19 1 0
github.com/muety/wakapi/repositories/leaderboard.go:59.2,65.1 6 0
github.com/muety/wakapi/repositories/leaderboard.go:66.2,68.1 6 0
github.com/muety/wakapi/repositories/leaderboard.go:69.2,69.45 6 0
github.com/muety/wakapi/repositories/leaderboard.go:70.3,71.1 1 0
github.com/muety/wakapi/repositories/leaderboard.go:72.2,72.19 1 0
github.com/muety/wakapi/repositories/leaderboard.go:76.2,82.1 6 0
github.com/muety/wakapi/repositories/leaderboard.go:83.2,85.1 6 0
github.com/muety/wakapi/repositories/leaderboard.go:86.2,86.45 6 0
github.com/muety/wakapi/repositories/leaderboard.go:87.3,88.1 1 0
github.com/muety/wakapi/repositories/leaderboard.go:89.2,89.19 1 0
github.com/muety/wakapi/repositories/leaderboard.go:93.2,95.54 1 0
github.com/muety/wakapi/repositories/leaderboard.go:96.3,97.1 1 0
github.com/muety/wakapi/repositories/leaderboard.go:98.2,98.12 1 0
github.com/muety/wakapi/repositories/leaderboard.go:102.2,105.54 1 0
github.com/muety/wakapi/repositories/leaderboard.go:106.3,107.1 1 0
github.com/muety/wakapi/repositories/leaderboard.go:108.2,108.12 1 0
github.com/muety/wakapi/repositories/leaderboard.go:112.2,112.15 1 0
github.com/muety/wakapi/repositories/leaderboard.go:113.3,114.1 1 0
github.com/muety/wakapi/repositories/leaderboard.go:115.2,115.14 1 0
github.com/muety/wakapi/repositories/leaderboard.go:116.3,117.1 1 0
github.com/muety/wakapi/repositories/leaderboard.go:118.2,118.10 1 0
github.com/muety/wakapi/repositories/metrics.go:26.2,27.1 1 0
github.com/muety/wakapi/repositories/metrics.go:30.2,31.1 3 0
github.com/muety/wakapi/repositories/metrics.go:32.2,33.19 3 0
github.com/muety/wakapi/repositories/metrics.go:34.3,35.1 1 0
github.com/muety/wakapi/repositories/metrics.go:35.9,35.29 1 0
github.com/muety/wakapi/repositories/metrics.go:36.3,37.1 1 0
github.com/muety/wakapi/repositories/metrics.go:37.9,37.27 1 0
github.com/muety/wakapi/repositories/metrics.go:38.3,39.1 1 0
github.com/muety/wakapi/repositories/metrics.go:41.2,42.18 2 0
github.com/muety/wakapi/repositories/project_label.go:16.2,17.1 1 0
github.com/muety/wakapi/repositories/project_label.go:20.2,21.49 2 0
github.com/muety/wakapi/repositories/project_label.go:22.3,23.1 1 0
github.com/muety/wakapi/repositories/project_label.go:24.2,24.20 1 0
github.com/muety/wakapi/repositories/project_label.go:28.2,29.84 2 0
github.com/muety/wakapi/repositories/project_label.go:30.3,31.1 1 0
github.com/muety/wakapi/repositories/project_label.go:32.2,32.19 1 0
github.com/muety/wakapi/repositories/project_label.go:36.2,36.18 1 0
github.com/muety/wakapi/repositories/project_label.go:37.3,38.1 1 0
github.com/muety/wakapi/repositories/project_label.go:39.2,42.35 2 0
github.com/muety/wakapi/repositories/project_label.go:43.3,44.1 1 0
github.com/muety/wakapi/repositories/project_label.go:45.2,45.20 1 0
github.com/muety/wakapi/repositories/project_label.go:49.2,49.22 1 0
github.com/muety/wakapi/repositories/project_label.go:50.3,51.1 1 0
github.com/muety/wakapi/repositories/project_label.go:52.2,53.37 2 0
github.com/muety/wakapi/repositories/project_label.go:54.3,55.1 1 0
github.com/muety/wakapi/repositories/project_label.go:56.2,56.19 1 0
github.com/muety/wakapi/repositories/project_label.go:60.2,63.1 1 0
github.com/muety/wakapi/repositories/summary.go:21.2,22.1 1 0
github.com/muety/wakapi/repositories/summary.go:25.2,29.38 2 0
github.com/muety/wakapi/repositories/summary.go:30.3,31.1 1 0
github.com/muety/wakapi/repositories/summary.go:33.2,33.73 1 0
github.com/muety/wakapi/repositories/summary.go:34.3,35.1 1 0
github.com/muety/wakapi/repositories/summary.go:37.2,37.23 1 0
github.com/muety/wakapi/repositories/summary.go:43.2,43.25 1 0
github.com/muety/wakapi/repositories/summary.go:44.3,45.59 2 0
github.com/muety/wakapi/repositories/summary.go:46.4,47.1 1 0
github.com/muety/wakapi/repositories/summary.go:48.3,49.30 2 0
github.com/muety/wakapi/repositories/summary.go:51.2,51.12 1 0
github.com/muety/wakapi/repositories/summary.go:55.2,55.53 1 0
github.com/muety/wakapi/repositories/summary.go:56.3,56.50 1 0
github.com/muety/wakapi/repositories/summary.go:57.4,58.1 1 0
github.com/muety/wakapi/repositories/summary.go:60.3,61.1 2 0
github.com/muety/wakapi/repositories/summary.go:65.3,65.41 2 0
github.com/muety/wakapi/repositories/summary.go:66.4,68.1 2 0
github.com/muety/wakapi/repositories/summary.go:70.3,70.42 1 0
github.com/muety/wakapi/repositories/summary.go:71.4,73.1 2 0
github.com/muety/wakapi/repositories/summary.go:75.3,75.49 1 0
github.com/muety/wakapi/repositories/summary.go:76.4,78.1 2 0
github.com/muety/wakapi/repositories/summary.go:80.3,80.40 1 0
github.com/muety/wakapi/repositories/summary.go:81.4,83.1 2 0
github.com/muety/wakapi/repositories/summary.go:85.3,85.43 1 0
github.com/muety/wakapi/repositories/summary.go:86.4,88.1 2 0
github.com/muety/wakapi/repositories/summary.go:90.3,90.29 1 0
github.com/muety/wakapi/repositories/summary.go:91.4,91.57 1 0
github.com/muety/wakapi/repositories/summary.go:92.5,93.1 1 0
github.com/muety/wakapi/repositories/summary.go:96.3,96.13 1 0
github.com/muety/wakapi/repositories/summary.go:98.3,99.1 1 0
github.com/muety/wakapi/repositories/summary.go:101.2,101.12 1 0
github.com/muety/wakapi/repositories/summary.go:105.2,106.1 4 0
github.com/muety/wakapi/repositories/summary.go:107.2,109.1 4 0
github.com/muety/wakapi/repositories/summary.go:111.2,112.36 4 0
github.com/muety/wakapi/repositories/summary.go:113.3,114.1 1 0
github.com/muety/wakapi/repositories/summary.go:116.2,116.49 1 0
github.com/muety/wakapi/repositories/summary.go:117.3,118.1 1 0
github.com/muety/wakapi/repositories/summary.go:120.2,120.68 1 0
github.com/muety/wakapi/repositories/summary.go:121.3,122.1 1 0
github.com/muety/wakapi/repositories/summary.go:124.2,124.23 1 0
github.com/muety/wakapi/repositories/summary.go:128.2,129.1 4 0
github.com/muety/wakapi/repositories/summary.go:130.2,134.1 4 0
github.com/muety/wakapi/repositories/summary.go:136.2,138.1 4 0
github.com/muety/wakapi/repositories/summary.go:139.2,139.36 4 0
github.com/muety/wakapi/repositories/summary.go:140.3,141.1 1 0
github.com/muety/wakapi/repositories/summary.go:144.2,144.49 1 0
github.com/muety/wakapi/repositories/summary.go:145.3,146.1 1 0
github.com/muety/wakapi/repositories/summary.go:148.2,148.68 1 0
github.com/muety/wakapi/repositories/summary.go:149.3,150.1 1 0
github.com/muety/wakapi/repositories/summary.go:152.2,152.23 1 0
github.com/muety/wakapi/repositories/summary.go:156.2,163.1 3 0
github.com/muety/wakapi/repositories/summary.go:166.2,170.35 2 0
github.com/muety/wakapi/repositories/summary.go:171.3,171.63 1 0
github.com/muety/wakapi/repositories/summary.go:172.4,173.1 1 0
github.com/muety/wakapi/repositories/summary.go:174.3,174.26 1 0
github.com/muety/wakapi/repositories/summary.go:176.2,176.19 1 0
github.com/muety/wakapi/repositories/summary.go:177.3,178.1 1 0
github.com/muety/wakapi/repositories/summary.go:179.2,179.24 1 0
github.com/muety/wakapi/repositories/summary.go:183.2,185.46 1 0
github.com/muety/wakapi/repositories/summary.go:186.3,187.1 1 0
github.com/muety/wakapi/repositories/summary.go:188.2,188.12 1 0
github.com/muety/wakapi/repositories/summary.go:192.2,195.46 1 0
github.com/muety/wakapi/repositories/summary.go:196.3,197.1 1 0
github.com/muety/wakapi/repositories/summary.go:198.2,198.12 1 0
github.com/muety/wakapi/repositories/summary.go:202.2,205.46 1 0
github.com/muety/wakapi/repositories/summary.go:206.3,207.1 1 0
github.com/muety/wakapi/repositories/summary.go:208.2,208.12 1 0
github.com/muety/wakapi/repositories/summary.go:213.2,214.1 2 0
github.com/muety/wakapi/repositories/summary.go:215.2,215.95 2 0
github.com/muety/wakapi/repositories/summary.go:216.3,217.1 1 0
github.com/muety/wakapi/repositories/summary.go:219.2,226.1 2 0
github.com/muety/wakapi/repositories/summary.go:227.2,227.31 2 0
github.com/muety/wakapi/repositories/summary.go:228.3,229.1 1 0
github.com/muety/wakapi/repositories/summary.go:231.2,231.45 1 0
github.com/muety/wakapi/repositories/summary.go:232.3,233.1 1 0
github.com/muety/wakapi/repositories/summary.go:235.2,235.29 1 0
github.com/muety/wakapi/repositories/summary.go:236.3,236.47 1 0
github.com/muety/wakapi/repositories/summary.go:237.4,237.12 1 0
github.com/muety/wakapi/repositories/summary.go:239.3,240.24 2 0
github.com/muety/wakapi/repositories/summary.go:243.2,243.12 1 0
github.com/muety/wakapi/repositories/user.go:19.2,20.1 1 0
github.com/muety/wakapi/repositories/user.go:23.2,24.63 2 0
github.com/muety/wakapi/repositories/user.go:25.3,26.1 1 0
github.com/muety/wakapi/repositories/user.go:27.2,27.15 1 0
github.com/muety/wakapi/repositories/user.go:31.2,35.34 2 0
github.com/muety/wakapi/repositories/user.go:36.3,37.1 1 0
github.com/muety/wakapi/repositories/user.go:38.2,38.19 1 0
github.com/muety/wakapi/repositories/user.go:42.2,45.34 2 0
github.com/muety/wakapi/repositories/user.go:46.3,47.1 1 0
github.com/muety/wakapi/repositories/user.go:48.2,48.19 1 0
github.com/muety/wakapi/repositories/user.go:52.2,56.34 2 0
github.com/muety/wakapi/repositories/user.go:57.3,58.1 1 0
github.com/muety/wakapi/repositories/user.go:59.2,59.19 1 0
github.com/muety/wakapi/repositories/user.go:63.2,64.99 2 0
github.com/muety/wakapi/repositories/user.go:65.3,66.1 1 0
github.com/muety/wakapi/repositories/user.go:67.2,67.19 1 0
github.com/muety/wakapi/repositories/user.go:71.2,72.107 2 0
github.com/muety/wakapi/repositories/user.go:73.3,74.1 1 0
github.com/muety/wakapi/repositories/user.go:75.2,75.19 1 0
github.com/muety/wakapi/repositories/user.go:79.2,80.1 1 0
github.com/muety/wakapi/repositories/user.go:83.2,84.1 1 0
github.com/muety/wakapi/repositories/user.go:89.2,92.1 3 0
github.com/muety/wakapi/repositories/user.go:93.2,98.36 3 0
github.com/muety/wakapi/repositories/user.go:99.3,100.1 1 0
github.com/muety/wakapi/repositories/user.go:102.2,102.28 1 0
github.com/muety/wakapi/repositories/user.go:106.2,109.35 2 0
github.com/muety/wakapi/repositories/user.go:110.3,111.1 1 0
github.com/muety/wakapi/repositories/user.go:112.2,112.19 1 0
github.com/muety/wakapi/repositories/user.go:119.2,119.89 1 0
github.com/muety/wakapi/repositories/user.go:120.3,121.1 1 0
github.com/muety/wakapi/repositories/user.go:123.2,124.37 2 0
github.com/muety/wakapi/repositories/user.go:125.3,126.1 1 0
github.com/muety/wakapi/repositories/user.go:128.2,128.24 1 0
github.com/muety/wakapi/repositories/user.go:136.2,168.1 3 0
github.com/muety/wakapi/repositories/user.go:170.2,171.37 3 0
github.com/muety/wakapi/repositories/user.go:172.3,173.1 1 0
github.com/muety/wakapi/repositories/user.go:175.2,175.18 1 0
github.com/muety/wakapi/repositories/user.go:183.2,183.72 1 0
github.com/muety/wakapi/repositories/user.go:184.3,185.1 1 0
github.com/muety/wakapi/repositories/user.go:186.2,186.70 1 0
github.com/muety/wakapi/repositories/user.go:187.3,188.1 1 0
github.com/muety/wakapi/repositories/user.go:190.2,191.37 2 0
github.com/muety/wakapi/repositories/user.go:192.3,193.1 1 0
github.com/muety/wakapi/repositories/user.go:195.2,195.30 1 0
github.com/muety/wakapi/repositories/user.go:196.3,197.1 1 0
github.com/muety/wakapi/repositories/user.go:199.2,199.18 1 0
github.com/muety/wakapi/repositories/user.go:203.2,204.1 1 0
github.com/muety/wakapi/repositories/user.go:207.2,208.1 1 0
github.com/muety/wakapi/repositories/user.go:211.2,215.34 3 0
github.com/muety/wakapi/repositories/user.go:216.3,217.1 1 0
github.com/muety/wakapi/repositories/user.go:218.2,218.19 1 0
github.com/muety/wakapi/repositories/webauthn.go:16.2,17.1 1 0
github.com/muety/wakapi/repositories/webauthn.go:20.2,21.25 2 0
github.com/muety/wakapi/repositories/webauthn.go:22.3,23.1 1 0
github.com/muety/wakapi/repositories/webauthn.go:24.2,24.24 1 0
github.com/muety/wakapi/repositories/webauthn.go:28.2,30.25 3 0
github.com/muety/wakapi/repositories/webauthn.go:31.3,32.1 1 0
github.com/muety/wakapi/repositories/webauthn.go:33.2,33.25 1 0
github.com/muety/wakapi/repositories/webauthn.go:37.2,39.25 3 0
github.com/muety/wakapi/repositories/webauthn.go:40.3,41.1 1 0
github.com/muety/wakapi/repositories/webauthn.go:42.2,42.25 1 0
github.com/muety/wakapi/repositories/webauthn.go:46.2,47.1 1 0
github.com/muety/wakapi/repositories/webauthn.go:50.2,53.1 3 0
github.com/muety/wakapi/helpers/date.go:19.2,19.58 1 0
github.com/muety/wakapi/helpers/date.go:20.3,21.1 1 0
github.com/muety/wakapi/helpers/date.go:22.2,22.87 1 0
github.com/muety/wakapi/helpers/date.go:23.3,24.1 1 0
github.com/muety/wakapi/helpers/date.go:25.2,25.64 1 0
github.com/muety/wakapi/helpers/date.go:29.2,30.1 1 0
github.com/muety/wakapi/helpers/date.go:33.2,34.1 1 0
github.com/muety/wakapi/helpers/date.go:37.2,38.1 1 0
github.com/muety/wakapi/helpers/date.go:41.2,42.39 2 0
github.com/muety/wakapi/helpers/date.go:43.3,44.1 1 0
github.com/muety/wakapi/helpers/date.go:45.2,45.28 1 0
github.com/muety/wakapi/helpers/date.go:49.2,50.1 1 0
github.com/muety/wakapi/helpers/date.go:53.2,58.1 5 0
github.com/muety/wakapi/helpers/http.go:11.2,13.58 3 0
github.com/muety/wakapi/helpers/http.go:14.3,15.1 1 0
github.com/muety/wakapi/helpers/interval.go:12.2,12.40 1 0
github.com/muety/wakapi/helpers/interval.go:13.3,13.27 1 0
github.com/muety/wakapi/helpers/interval.go:14.4,15.1 1 0
github.com/muety/wakapi/helpers/interval.go:17.2,17.48 1 0
github.com/muety/wakapi/helpers/interval.go:21.2,23.1 2 0
github.com/muety/wakapi/helpers/interval.go:26.2,28.1 2 0
github.com/muety/wakapi/helpers/interval.go:31.2,32.16 2 0
github.com/muety/wakapi/helpers/interval.go:33.3,34.1 1 0
github.com/muety/wakapi/helpers/interval.go:35.2,35.51 1 0
github.com/muety/wakapi/helpers/interval.go:39.2,41.1 3 1
github.com/muety/wakapi/helpers/interval.go:42.2,42.18 3 1
github.com/muety/wakapi/helpers/interval.go:44.3,44.32 1 0
github.com/muety/wakapi/helpers/interval.go:46.3,47.30 2 0
github.com/muety/wakapi/helpers/interval.go:49.3,49.34 1 1
github.com/muety/wakapi/helpers/interval.go:51.3,51.48 1 0
github.com/muety/wakapi/helpers/interval.go:53.3,54.46 2 0
github.com/muety/wakapi/helpers/interval.go:56.3,56.36 1 0
github.com/muety/wakapi/helpers/interval.go:58.3,59.34 2 0
github.com/muety/wakapi/helpers/interval.go:61.3,61.35 1 0
github.com/muety/wakapi/helpers/interval.go:63.3,63.31 1 1
github.com/muety/wakapi/helpers/interval.go:65.3,66.48 2 0
github.com/muety/wakapi/helpers/interval.go:68.3,68.32 1 1
github.com/muety/wakapi/helpers/interval.go:70.3,70.32 1 1
github.com/muety/wakapi/helpers/interval.go:72.3,72.31 1 1
github.com/muety/wakapi/helpers/interval.go:74.3,74.32 1 1
github.com/muety/wakapi/helpers/interval.go:76.3,76.25 1 0
github.com/muety/wakapi/helpers/interval.go:78.3,78.39 1 0
github.com/muety/wakapi/helpers/interval.go:81.2,81.22 1 1
github.com/muety/wakapi/helpers/interval.go:86.2,86.15 1 1
github.com/muety/wakapi/helpers/interval.go:87.3,88.1 1 1
github.com/muety/wakapi/helpers/interval.go:89.2,89.14 1 1
github.com/muety/wakapi/helpers/interval.go:90.3,91.1 1 1
github.com/muety/wakapi/helpers/interval.go:92.2,92.14 1 1
github.com/muety/wakapi/helpers/interval.go:93.3,94.1 1 1
github.com/muety/wakapi/helpers/interval.go:95.2,95.15 1 1
github.com/muety/wakapi/helpers/interval.go:96.3,97.1 1 1
github.com/muety/wakapi/helpers/interval.go:98.2,98.15 1 1
github.com/muety/wakapi/helpers/interval.go:99.3,100.1 1 1
github.com/muety/wakapi/helpers/interval.go:101.2,101.16 1 1
github.com/muety/wakapi/helpers/interval.go:102.3,103.1 1 1
github.com/muety/wakapi/helpers/interval.go:104.2,104.16 1 1
github.com/muety/wakapi/helpers/interval.go:105.3,106.1 1 1
github.com/muety/wakapi/helpers/interval.go:107.2,107.41 1 1
github.com/muety/wakapi/helpers/summary.go:13.2,15.1 5 0
github.com/muety/wakapi/helpers/summary.go:16.2,18.1 5 0
github.com/muety/wakapi/helpers/summary.go:19.2,19.56 5 0
github.com/muety/wakapi/helpers/summary.go:20.3,21.1 1 0
github.com/muety/wakapi/helpers/summary.go:21.9,21.54 1 0
github.com/muety/wakapi/helpers/summary.go:22.3,23.1 1 0
github.com/muety/wakapi/helpers/summary.go:24.3,25.17 2 0
github.com/muety/wakapi/helpers/summary.go:26.4,27.1 1 0
github.com/muety/wakapi/helpers/summary.go:29.3,30.17 2 0
github.com/muety/wakapi/helpers/summary.go:31.4,32.1 1 0
github.com/muety/wakapi/helpers/summary.go:35.2,36.1 3 0
github.com/muety/wakapi/helpers/summary.go:37.2,38.1 3 0
github.com/muety/wakapi/helpers/summary.go:39.2,45.8 3 0
github.com/muety/wakapi/helpers/summary.go:49.2,50.48 2 0
github.com/muety/wakapi/helpers/summary.go:51.3,52.1 1 0
github.com/muety/wakapi/helpers/summary.go:53.2,53.49 1 0
github.com/muety/wakapi/helpers/summary.go:54.3,55.1 1 0
github.com/muety/wakapi/helpers/summary.go:56.2,56.47 1 0
github.com/muety/wakapi/helpers/summary.go:57.3,58.1 1 0
github.com/muety/wakapi/helpers/summary.go:59.2,59.48 1 0
github.com/muety/wakapi/helpers/summary.go:60.3,61.1 1 0
github.com/muety/wakapi/helpers/summary.go:62.2,62.57 1 0
github.com/muety/wakapi/helpers/summary.go:63.3,64.1 1 0
github.com/muety/wakapi/helpers/summary.go:65.2,65.46 1 0
github.com/muety/wakapi/helpers/summary.go:66.3,67.1 1 0
github.com/muety/wakapi/helpers/summary.go:68.2,68.47 1 0
github.com/muety/wakapi/helpers/summary.go:69.3,70.1 1 0
github.com/muety/wakapi/helpers/summary.go:71.2,71.47 1 0
github.com/muety/wakapi/helpers/summary.go:72.3,73.1 1 0
github.com/muety/wakapi/helpers/summary.go:74.2,74.49 1 0
github.com/muety/wakapi/helpers/summary.go:75.3,76.1 1 0
github.com/muety/wakapi/helpers/summary.go:77.2,77.16 1 0
github.com/muety/wakapi/helpers/summary.go:81.2,82.23 2 0
github.com/muety/wakapi/helpers/summary.go:83.3,85.1 2 0
github.com/muety/wakapi/helpers/summary.go:86.2,87.16 2 0
github.com/muety/wakapi/helpers/summary.go:88.3,89.1 1 0
github.com/muety/wakapi/helpers/summary.go:90.2,90.27 1 0
github.com/muety/wakapi/middlewares/authenticate.go:53.2,60.1 1 1
github.com/muety/wakapi/middlewares/authenticate.go:64.2,65.1 1 1
github.com/muety/wakapi/middlewares/authenticate.go:68.2,69.1 1 1
github.com/muety/wakapi/middlewares/authenticate.go:72.2,73.38 2 1
github.com/muety/wakapi/middlewares/authenticate.go:74.3,75.1 1 1
github.com/muety/wakapi/middlewares/authenticate.go:76.2,76.10 1 1
github.com/muety/wakapi/middlewares/authenticate.go:80.2,81.1 1 1
github.com/muety/wakapi/middlewares/authenticate.go:84.2,86.1 2 0
github.com/muety/wakapi/middlewares/authenticate.go:89.2,91.1 2 0
github.com/muety/wakapi/middlewares/authenticate.go:94.2,96.1 2 0
github.com/muety/wakapi/middlewares/authenticate.go:99.2,101.1 2 0
github.com/muety/wakapi/middlewares/authenticate.go:104.2,106.1 2 1
github.com/muety/wakapi/middlewares/authenticate.go:109.2,109.71 1 0
github.com/muety/wakapi/middlewares/authenticate.go:110.3,111.1 1 0
github.com/muety/wakapi/middlewares/authenticate.go:115.2,117.1 3 1
github.com/muety/wakapi/middlewares/authenticate.go:118.2,118.34 3 1
github.com/muety/wakapi/middlewares/authenticate.go:119.3,120.1 1 1
github.com/muety/wakapi/middlewares/authenticate.go:121.2,121.46 1 1
github.com/muety/wakapi/middlewares/authenticate.go:122.3,123.1 1 1
github.com/muety/wakapi/middlewares/authenticate.go:124.2,124.48 1 1
github.com/muety/wakapi/middlewares/authenticate.go:125.3,126.1 1 1
github.com/muety/wakapi/middlewares/authenticate.go:127.2,127.48 1 1
github.com/muety/wakapi/middlewares/authenticate.go:128.3,129.1 1 1
github.com/muety/wakapi/middlewares/authenticate.go:130.2,130.94 1 1
github.com/muety/wakapi/middlewares/authenticate.go:131.3,132.1 1 0
github.com/muety/wakapi/middlewares/authenticate.go:134.2,134.31 1 1
github.com/muety/wakapi/middlewares/authenticate.go:135.3,135.22 1 1
github.com/muety/wakapi/middlewares/authenticate.go:136.4,138.1 2 0
github.com/muety/wakapi/middlewares/authenticate.go:140.3,140.29 1 1
github.com/muety/wakapi/middlewares/authenticate.go:141.4,143.1 2 1
github.com/muety/wakapi/middlewares/authenticate.go:144.4,144.36 1 0
github.com/muety/wakapi/middlewares/authenticate.go:145.5,148.1 3 0
github.com/muety/wakapi/middlewares/authenticate.go:149.4,153.59 5 0
github.com/muety/wakapi/middlewares/authenticate.go:155.3,155.9 1 1
github.com/muety/wakapi/middlewares/authenticate.go:158.2,159.12 2 1
github.com/muety/wakapi/middlewares/authenticate.go:163.2,163.39 1 1
github.com/muety/wakapi/middlewares/authenticate.go:164.3,164.58 1 0
github.com/muety/wakapi/middlewares/authenticate.go:165.4,166.1 1 0
github.com/muety/wakapi/middlewares/authenticate.go:168.2,168.41 1 1
github.com/muety/wakapi/middlewares/authenticate.go:169.3,169.37 1 0
github.com/muety/wakapi/middlewares/authenticate.go:170.4,171.1 1 0
github.com/muety/wakapi/middlewares/authenticate.go:173.2,173.14 1 1
github.com/muety/wakapi/middlewares/authenticate.go:177.2,178.16 2 1
github.com/muety/wakapi/middlewares/authenticate.go:179.3,180.1 1 1
github.com/muety/wakapi/middlewares/authenticate.go:182.2,185.16 4 1
github.com/muety/wakapi/middlewares/authenticate.go:186.3,187.1 1 1
github.com/muety/wakapi/middlewares/authenticate.go:188.2,188.18 1 1
github.com/muety/wakapi/middlewares/authenticate.go:192.2,195.19 4 1
github.com/muety/wakapi/middlewares/authenticate.go:196.3,197.1 1 1
github.com/muety/wakapi/middlewares/authenticate.go:198.2,199.16 2 1
github.com/muety/wakapi/middlewares/authenticate.go:200.3,201.1 1 0
github.com/muety/wakapi/middlewares/authenticate.go:202.2,202.18 1 1
github.com/muety/wakapi/middlewares/authenticate.go:206.2,206.42 1 1
github.com/muety/wakapi/middlewares/authenticate.go:207.3,208.1 1 1
github.com/muety/wakapi/middlewares/authenticate.go:209.2,210.1 3 1
github.com/muety/wakapi/middlewares/authenticate.go:211.2,212.22 3 1
github.com/muety/wakapi/middlewares/authenticate.go:213.3,214.1 1 0
github.com/muety/wakapi/middlewares/authenticate.go:215.2,215.170 1 1
github.com/muety/wakapi/middlewares/authenticate.go:216.3,217.1 1 1
github.com/muety/wakapi/middlewares/authenticate.go:218.3,219.1 1 1
github.com/muety/wakapi/middlewares/authenticate.go:221.2,222.16 2 1
github.com/muety/wakapi/middlewares/authenticate.go:223.3,224.1 1 1
github.com/muety/wakapi/middlewares/authenticate.go:226.2,226.50 1 1
github.com/muety/wakapi/middlewares/authenticate.go:227.3,228.1 1 1
github.com/muety/wakapi/middlewares/authenticate.go:231.2,234.1 3 1
github.com/muety/wakapi/middlewares/authenticate.go:236.2,237.68 3 1
github.com/muety/wakapi/middlewares/authenticate.go:238.3,239.1 1 0
github.com/muety/wakapi/middlewares/authenticate.go:240.2,240.43 1 1
github.com/muety/wakapi/middlewares/authenticate.go:244.2,245.16 2 1
github.com/muety/wakapi/middlewares/authenticate.go:246.3,247.1 1 1
github.com/muety/wakapi/middlewares/authenticate.go:249.2,250.16 2 1
github.com/muety/wakapi/middlewares/authenticate.go:251.3,252.1 1 0
github.com/muety/wakapi/middlewares/authenticate.go:257.2,257.18 1 1
github.com/muety/wakapi/middlewares/authenticate.go:261.2,262.16 2 1
github.com/muety/wakapi/middlewares/authenticate.go:263.3,264.1 1 1
github.com/muety/wakapi/middlewares/authenticate.go:265.2,266.16 2 1
github.com/muety/wakapi/middlewares/authenticate.go:267.3,268.1 1 0
github.com/muety/wakapi/middlewares/authenticate.go:270.2,270.18 1 1
github.com/muety/wakapi/middlewares/filetype.go:14.2,14.43 1 0
github.com/muety/wakapi/middlewares/filetype.go:15.3,18.1 1 0
github.com/muety/wakapi/middlewares/filetype.go:23.2,24.34 2 0
github.com/muety/wakapi/middlewares/filetype.go:25.3,25.50 1 0
github.com/muety/wakapi/middlewares/filetype.go:26.4,29.1 3 0
github.com/muety/wakapi/middlewares/filetype.go:31.2,31.27 1 0
github.com/muety/wakapi/middlewares/logging.go:22.2,22.43 1 0
github.com/muety/wakapi/middlewares/logging.go:23.3,27.1 1 0
github.com/muety/wakapi/middlewares/logging.go:32.2,33.1 7 0
github.com/muety/wakapi/middlewares/logging.go:34.2,38.1 7 0
github.com/muety/wakapi/middlewares/logging.go:39.2,40.44 7 0
github.com/muety/wakapi/middlewares/logging.go:41.3,41.38 1 0
github.com/muety/wakapi/middlewares/logging.go:42.4,43.1 1 0
github.com/muety/wakapi/middlewares/logging.go:46.2,54.3 1 0
github.com/muety/wakapi/middlewares/logging.go:58.2,59.14 2 0
github.com/muety/wakapi/middlewares/logging.go:60.3,61.1 1 0
github.com/muety/wakapi/middlewares/logging.go:62.2,62.14 1 0
github.com/muety/wakapi/middlewares/logging.go:63.3,64.1 1 0
github.com/muety/wakapi/middlewares/logging.go:65.2,65.11 1 0
github.com/muety/wakapi/middlewares/logging.go:69.2,69.42 1 0
github.com/muety/wakapi/middlewares/logging.go:70.3,71.1 1 0
github.com/muety/wakapi/middlewares/logging.go:72.2,72.12 1 0
github.com/muety/wakapi/middlewares/logging.go:104.2,105.1 1 0
github.com/muety/wakapi/middlewares/logging.go:118.2,118.20 1 0
github.com/muety/wakapi/middlewares/logging.go:119.3,122.1 3 0
github.com/muety/wakapi/middlewares/logging.go:125.2,127.18 3 0
github.com/muety/wakapi/middlewares/logging.go:128.3,129.1 2 0
github.com/muety/wakapi/middlewares/logging.go:130.3,130.17 2 0
github.com/muety/wakapi/middlewares/logging.go:131.4,132.1 1 0
github.com/muety/wakapi/middlewares/logging.go:134.2,135.15 2 0
github.com/muety/wakapi/middlewares/logging.go:138.2,138.20 1 0
github.com/muety/wakapi/middlewares/logging.go:139.3,140.1 1 0
github.com/muety/wakapi/middlewares/logging.go:143.2,144.1 1 0
github.com/muety/wakapi/middlewares/logging.go:146.2,147.1 1 0
github.com/muety/wakapi/middlewares/logging.go:149.2,150.1 1 0
github.com/muety/wakapi/middlewares/logging.go:152.2,153.1 1 0
github.com/muety/wakapi/middlewares/principal.go:11.2,12.1 1 1
github.com/muety/wakapi/middlewares/principal.go:15.2,16.1 1 1
github.com/muety/wakapi/middlewares/security.go:20.2,20.43 1 0
github.com/muety/wakapi/middlewares/security.go:21.3,22.1 1 0
github.com/muety/wakapi/middlewares/security.go:26.2,26.36 1 0
github.com/muety/wakapi/middlewares/security.go:27.3,27.30 1 0
github.com/muety/wakapi/middlewares/security.go:28.4,29.1 1 0
github.com/muety/wakapi/middlewares/security.go:31.2,31.27 1 0
github.com/muety/wakapi/middlewares/sentry.go:16.2,16.43 1 0
github.com/muety/wakapi/middlewares/sentry.go:17.3,20.1 1 0
github.com/muety/wakapi/middlewares/sentry.go:24.2,26.54 3 0
github.com/muety/wakapi/middlewares/sentry.go:27.3,27.43 1 0
github.com/muety/wakapi/middlewares/sentry.go:28.4,29.1 1 0
github.com/muety/wakapi/middlewares/shared_data.go:33.2,33.43 1 0
github.com/muety/wakapi/middlewares/shared_data.go:34.3,35.1 1 0
github.com/muety/wakapi/middlewares/shared_data.go:39.2,42.1 3 0
github.com/muety/wakapi/middlewares/custom/wakatime.go:36.2,39.70 1 1
github.com/muety/wakapi/middlewares/custom/wakatime.go:40.5,41.1 1 1
github.com/muety/wakapi/middlewares/custom/wakatime.go:50.2,50.71 1 0
github.com/muety/wakapi/middlewares/custom/wakatime.go:51.3,52.1 1 0
github.com/muety/wakapi/middlewares/custom/wakatime.go:56.2,57.1 4 1
github.com/muety/wakapi/middlewares/custom/wakatime.go:58.2,60.1 4 1
github.com/muety/wakapi/middlewares/custom/wakatime.go:61.2,61.70 4 1
github.com/muety/wakapi/middlewares/custom/wakatime.go:62.3,63.1 1 1
github.com/muety/wakapi/middlewares/custom/wakatime.go:65.2,66.46 2 1
github.com/muety/wakapi/middlewares/custom/wakatime.go:67.3,68.1 1 1
github.com/muety/wakapi/middlewares/custom/wakatime.go:70.2,70.76 1 1
github.com/muety/wakapi/middlewares/custom/wakatime.go:71.3,73.1 2 1
github.com/muety/wakapi/middlewares/custom/wakatime.go:76.2,77.40 2 1
github.com/muety/wakapi/middlewares/custom/wakatime.go:78.3,79.1 1 0
github.com/muety/wakapi/middlewares/custom/wakatime.go:80.2,80.16 1 1
github.com/muety/wakapi/middlewares/custom/wakatime.go:81.3,83.1 2 0
github.com/muety/wakapi/middlewares/custom/wakatime.go:86.2,87.28 2 1
github.com/muety/wakapi/middlewares/custom/wakatime.go:88.3,89.1 1 0
github.com/muety/wakapi/middlewares/custom/wakatime.go:91.2,103.1 3 1
github.com/muety/wakapi/middlewares/custom/wakatime.go:105.2,106.1 3 1
github.com/muety/wakapi/middlewares/custom/wakatime.go:107.2,113.3 3 1
github.com/muety/wakapi/middlewares/custom/wakatime.go:117.2,118.16 2 1
github.com/muety/wakapi/middlewares/custom/wakatime.go:119.3,121.1 2 0
github.com/muety/wakapi/middlewares/custom/wakatime.go:123.2,123.28 1 1
github.com/muety/wakapi/middlewares/custom/wakatime.go:124.3,124.23 1 1
github.com/muety/wakapi/middlewares/custom/wakatime.go:125.4,126.1 1 1
github.com/muety/wakapi/middlewares/custom/wakatime.go:129.2,130.16 2 1
github.com/muety/wakapi/middlewares/custom/wakatime.go:131.3,133.1 2 0
github.com/muety/wakapi/middlewares/custom/wakatime.go:135.2,135.61 1 1
github.com/muety/wakapi/middlewares/custom/wakatime.go:136.3,137.1 2 0
github.com/muety/wakapi/middlewares/custom/wakatime.go:139.3,139.57 2 0
github.com/muety/wakapi/middlewares/custom/wakatime.go:140.4,141.1 1 0
github.com/muety/wakapi/middlewares/custom/wakatime.go:142.3,142.81 1 0
github.com/muety/wakapi/middlewares/custom/wakatime.go:143.4,147.1 1 0
github.com/muety/wakapi/middlewares/custom/wakatime.go:147.10,147.23 1 0
github.com/muety/wakapi/middlewares/custom/wakatime.go:148.4,149.1 1 0
github.com/muety/wakapi/middlewares/custom/wakatime.go:158.2,159.16 2 1
github.com/muety/wakapi/middlewares/custom/wakatime.go:160.3,161.1 1 0
github.com/muety/wakapi/middlewares/custom/wakatime.go:165.2,166.16 2 1
github.com/muety/wakapi/middlewares/custom/wakatime.go:167.3,168.1 1 0
github.com/muety/wakapi/middlewares/custom/wakatime.go:169.2,170.1 3 1
github.com/muety/wakapi/middlewares/custom/wakatime.go:171.2,172.80 3 1
github.com/muety/wakapi/middlewares/custom/wakatime.go:173.3,174.1 1 0
github.com/muety/wakapi/middlewares/custom/wakatime.go:176.2,177.1 2 1
github.com/muety/wakapi/middlewares/custom/wakatime.go:178.2,178.68 2 1
github.com/muety/wakapi/middlewares/custom/wakatime.go:179.3,179.23 1 1
github.com/muety/wakapi/middlewares/custom/wakatime.go:180.4,181.1 1 0
github.com/muety/wakapi/middlewares/custom/wakatime.go:182.3,183.1 2 1
github.com/muety/wakapi/middlewares/custom/wakatime.go:184.3,184.58 2 1
github.com/muety/wakapi/middlewares/custom/wakatime.go:185.4,187.1 2 1
github.com/muety/wakapi/middlewares/custom/wakatime.go:190.2,190.50 1 1
github.com/muety/wakapi/middlewares/custom/wakatime.go:191.3,191.33 1 1
github.com/muety/wakapi/middlewares/custom/wakatime.go:192.4,193.1 1 1
github.com/muety/wakapi/middlewares/custom/wakatime.go:194.9,194.32 1 1
github.com/muety/wakapi/middlewares/custom/wakatime.go:195.3,196.1 1 1
github.com/muety/wakapi/middlewares/custom/wakatime.go:198.2,198.23 1 1
github.com/muety/wakapi/middlewares/custom/wakatime.go:199.3,200.1 1 0
github.com/muety/wakapi/middlewares/custom/wakatime.go:202.2,202.37 1 1
github.com/muety/wakapi/middlewares/custom/wakatime.go:203.3,205.1 2 1
github.com/muety/wakapi/middlewares/custom/wakatime.go:207.2,208.62 2 1
github.com/muety/wakapi/middlewares/custom/wakatime.go:209.3,210.1 1 0
github.com/muety/wakapi/middlewares/custom/wakatime.go:212.2,212.25 1 1
github.com/muety/wakapi/main.go:118.2,121.1 4 0
github.com/muety/wakapi/main.go:122.2,122.18 4 0
github.com/muety/wakapi/main.go:123.3,125.1 2 0
github.com/muety/wakapi/main.go:126.2,127.1 8 0
github.com/muety/wakapi/main.go:129.2,130.1 8 0
github.com/muety/wakapi/main.go:131.2,132.1 8 0
github.com/muety/wakapi/main.go:134.2,142.1 8 0
github.com/muety/wakapi/main.go:144.2,151.16 8 0
github.com/muety/wakapi/main.go:152.3,153.1 1 0
github.com/muety/wakapi/main.go:155.2,155.20 1 0
github.com/muety/wakapi/main.go:156.3,157.1 1 0
github.com/muety/wakapi/main.go:158.2,159.16 2 0
github.com/muety/wakapi/main.go:160.3,161.1 1 0
github.com/muety/wakapi/main.go:162.2,165.1 4 0
github.com/muety/wakapi/main.go:167.2,167.28 4 0
github.com/muety/wakapi/main.go:168.3,169.1 1 0
github.com/muety/wakapi/main.go:172.2,185.1 32 0
github.com/muety/wakapi/main.go:187.2,205.1 32 0
github.com/muety/wakapi/main.go:206.2,206.35 32 0
github.com/muety/wakapi/main.go:207.3,208.1 1 0
github.com/muety/wakapi/main.go:211.2,216.1 6 0
github.com/muety/wakapi/main.go:217.2,217.35 6 0
github.com/muety/wakapi/main.go:218.3,219.1 1 0
github.com/muety/wakapi/main.go:221.2,222.1 34 0
github.com/muety/wakapi/main.go:224.2,234.1 34 0
github.com/muety/wakapi/main.go:236.2,246.1 34 0
github.com/muety/wakapi/main.go:248.2,258.1 34 0
github.com/muety/wakapi/main.go:260.2,261.1 34 0
github.com/muety/wakapi/main.go:262.2,263.29 34 0
github.com/muety/wakapi/main.go:264.3,264.93 1 0
github.com/muety/wakapi/main.go:265.4,266.1 1 0
github.com/muety/wakapi/main.go:267.3,267.51 1 0
github.com/muety/wakapi/main.go:269.3,270.1 1 0
github.com/muety/wakapi/main.go:272.2,286.29 2 0
github.com/muety/wakapi/main.go:287.3,288.1 1 0
github.com/muety/wakapi/main.go:291.2,293.1 40 0
github.com/muety/wakapi/main.go:294.2,295.1 40 0
github.com/muety/wakapi/main.go:297.2,299.1 40 0
github.com/muety/wakapi/main.go:301.2,311.1 40 0
github.com/muety/wakapi/main.go:313.2,333.1 40 0
github.com/muety/wakapi/main.go:336.2,338.1 40 0
github.com/muety/wakapi/main.go:339.2,341.21 40 0
github.com/muety/wakapi/main.go:342.3,343.1 1 0
github.com/muety/wakapi/main.go:344.2,345.1 6 0
github.com/muety/wakapi/main.go:346.2,350.1 6 0
github.com/muety/wakapi/main.go:351.2,351.24 6 0
github.com/muety/wakapi/main.go:352.3,353.13 2 0
github.com/muety/wakapi/main.go:354.4,355.1 1 0
github.com/muety/wakapi/main.go:359.2,359.16 1 0
github.com/muety/wakapi/main.go:363.2,364.1 2 0
github.com/muety/wakapi/main.go:366.2,366.71 2 0
github.com/muety/wakapi/main.go:367.3,373.1 2 0
github.com/muety/wakapi/main.go:377.2,377.71 1 0
github.com/muety/wakapi/main.go:378.3,384.1 2 0
github.com/muety/wakapi/main.go:388.2,388.75 1 0
github.com/muety/wakapi/main.go:390.3,390.64 1 0
github.com/muety/wakapi/main.go:391.4,392.64 2 0
github.com/muety/wakapi/main.go:393.5,394.1 1 0
github.com/muety/wakapi/main.go:396.3,400.1 1 0
github.com/muety/wakapi/main.go:403.2,403.21 1 0
github.com/muety/wakapi/main.go:404.3,404.61 1 0
github.com/muety/wakapi/main.go:405.4,406.14 2 0
github.com/muety/wakapi/main.go:407.5,407.101 1 0
github.com/muety/wakapi/main.go:408.6,409.19 2 0
github.com/muety/wakapi/main.go:410.7,411.1 1 0
github.com/muety/wakapi/main.go:412.6,412.27 1 0
github.com/muety/wakapi/main.go:416.3,416.16 1 0
github.com/muety/wakapi/main.go:417.4,418.14 2 0
github.com/muety/wakapi/main.go:419.5,419.101 1 0
github.com/muety/wakapi/main.go:420.6,421.1 1 0
github.com/muety/wakapi/main.go:424.3,424.21 1 0
github.com/muety/wakapi/main.go:425.4,426.14 2 0
github.com/muety/wakapi/main.go:427.5,428.19 2 0
github.com/muety/wakapi/main.go:429.6,430.1 1 0
github.com/muety/wakapi/main.go:431.5,431.109 1 0
github.com/muety/wakapi/main.go:432.6,433.1 1 0
github.com/muety/wakapi/main.go:434.5,434.111 1 0
github.com/muety/wakapi/main.go:435.6,436.1 1 0
github.com/muety/wakapi/main.go:440.3,440.61 1 0
github.com/muety/wakapi/main.go:441.4,442.14 2 0
github.com/muety/wakapi/main.go:443.5,443.47 1 0
github.com/muety/wakapi/main.go:444.6,445.19 2 0
github.com/muety/wakapi/main.go:446.7,447.1 1 0
github.com/muety/wakapi/main.go:448.6,448.27 1 0
github.com/muety/wakapi/main.go:452.3,452.16 1 0
github.com/muety/wakapi/main.go:453.4,454.14 2 0
github.com/muety/wakapi/main.go:455.5,455.47 1 0
github.com/muety/wakapi/main.go:456.6,457.1 1 0
github.com/muety/wakapi/main.go:460.3,460.21 1 0
github.com/muety/wakapi/main.go:461.4,462.14 2 0
github.com/muety/wakapi/main.go:463.5,464.19 2 0
github.com/muety/wakapi/main.go:465.6,466.1 1 0
github.com/muety/wakapi/main.go:467.5,467.109 1 0
github.com/muety/wakapi/main.go:468.6,469.1 1 0
github.com/muety/wakapi/main.go:470.5,470.55 1 0
github.com/muety/wakapi/main.go:471.6,472.1 1 0
github.com/muety/wakapi/main.go:477.2,477.29 1 0
github.com/muety/wakapi/lib/concurrent_map.go:11.2,13.1 1 0
github.com/muety/wakapi/lib/concurrent_map.go:17.2,20.1 3 0
github.com/muety/wakapi/lib/concurrent_map.go:23.2,27.1 4 0
github.com/muety/wakapi/lib/concurrent_map.go:30.2,32.1 2 0
github.com/muety/wakapi/lib/concurrent_map.go:35.2,38.1 3 0
github.com/muety/wakapi/lib/concurrent_map.go:41.2,44.1 3 0
github.com/muety/wakapi/migrations/20201103_rename_language_mappings_table.go:11.2,13.50 1 0
github.com/muety/wakapi/migrations/20201103_rename_language_mappings_table.go:14.4,17.1 4 0
github.com/muety/wakapi/migrations/20201103_rename_language_mappings_table.go:18.4,18.39 4 0
github.com/muety/wakapi/migrations/20201103_rename_language_mappings_table.go:19.5,20.89 2 0
github.com/muety/wakapi/migrations/20201103_rename_language_mappings_table.go:21.6,22.1 1 0
github.com/muety/wakapi/migrations/20201103_rename_language_mappings_table.go:24.5,25.87 2 0
github.com/muety/wakapi/migrations/20201103_rename_language_mappings_table.go:27.4,27.14 1 0
github.com/muety/wakapi/migrations/20201103_rename_language_mappings_table.go:31.2,31.25 1 0
github.com/muety/wakapi/migrations/20201106_migration_cascade_constraints.go:11.2,12.1 2 0
github.com/muety/wakapi/migrations/20201106_migration_cascade_constraints.go:13.2,15.50 2 0
github.com/muety/wakapi/migrations/20201106_migration_cascade_constraints.go:19.4,20.1 2 0
github.com/muety/wakapi/migrations/20201106_migration_cascade_constraints.go:21.4,21.49 2 0
github.com/muety/wakapi/migrations/20201106_migration_cascade_constraints.go:25.5,27.1 2 0
github.com/muety/wakapi/migrations/20201106_migration_cascade_constraints.go:29.4,29.52 1 0
github.com/muety/wakapi/migrations/20201106_migration_cascade_constraints.go:30.5,32.1 2 0
github.com/muety/wakapi/migrations/20201106_migration_cascade_constraints.go:34.4,34.24 1 0
github.com/muety/wakapi/migrations/20201106_migration_cascade_constraints.go:35.5,36.1 1 0
github.com/muety/wakapi/migrations/20201106_migration_cascade_constraints.go:39.4,50.1 2 0
github.com/muety/wakapi/migrations/20201106_migration_cascade_constraints.go:52.4,52.41 2 0
github.com/muety/wakapi/migrations/20201106_migration_cascade_constraints.go:53.5,53.44 1 0
github.com/muety/wakapi/migrations/20201106_migration_cascade_constraints.go:54.6,55.65 2 0
github.com/muety/wakapi/migrations/20201106_migration_cascade_constraints.go:56.7,57.1 1 0
github.com/muety/wakapi/migrations/20201106_migration_cascade_constraints.go:61.4,62.14 2 0
github.com/muety/wakapi/migrations/20201106_migration_cascade_constraints.go:66.2,66.25 1 0
github.com/muety/wakapi/migrations/20210202_fix_cascade_for_alias_user_constraint.go:11.2,12.1 2 0
github.com/muety/wakapi/migrations/20210202_fix_cascade_for_alias_user_constraint.go:13.2,15.50 2 0
github.com/muety/wakapi/migrations/20210202_fix_cascade_for_alias_user_constraint.go:16.4,17.1 2 0
github.com/muety/wakapi/migrations/20210202_fix_cascade_for_alias_user_constraint.go:18.4,18.49 2 0
github.com/muety/wakapi/migrations/20210202_fix_cascade_for_alias_user_constraint.go:20.5,22.1 2 0
github.com/muety/wakapi/migrations/20210202_fix_cascade_for_alias_user_constraint.go:24.4,24.52 1 0
github.com/muety/wakapi/migrations/20210202_fix_cascade_for_alias_user_constraint.go:25.5,27.1 2 0
github.com/muety/wakapi/migrations/20210202_fix_cascade_for_alias_user_constraint.go:29.4,29.24 1 0
github.com/muety/wakapi/migrations/20210202_fix_cascade_for_alias_user_constraint.go:30.5,31.1 1 0
github.com/muety/wakapi/migrations/20210202_fix_cascade_for_alias_user_constraint.go:33.4,33.66 1 0
github.com/muety/wakapi/migrations/20210202_fix_cascade_for_alias_user_constraint.go:34.5,35.87 2 0
github.com/muety/wakapi/migrations/20210202_fix_cascade_for_alias_user_constraint.go:36.6,37.1 1 0
github.com/muety/wakapi/migrations/20210202_fix_cascade_for_alias_user_constraint.go:40.4,41.14 2 0
github.com/muety/wakapi/migrations/20210202_fix_cascade_for_alias_user_constraint.go:45.2,45.25 1 0
github.com/muety/wakapi/migrations/20210206_drop_badges_column_add_sharing_flags.go:11.2,13.50 1 0
github.com/muety/wakapi/migrations/20210206_drop_badges_column_add_sharing_flags.go:14.4,15.1 2 0
github.com/muety/wakapi/migrations/20210206_drop_badges_column_add_sharing_flags.go:16.4,16.61 2 0
github.com/muety/wakapi/migrations/20210206_drop_badges_column_add_sharing_flags.go:18.5,19.1 1 0
github.com/muety/wakapi/migrations/20210206_drop_badges_column_add_sharing_flags.go:21.4,21.113 1 0
github.com/muety/wakapi/migrations/20210206_drop_badges_column_add_sharing_flags.go:22.5,23.1 1 0
github.com/muety/wakapi/migrations/20210206_drop_badges_column_add_sharing_flags.go:24.4,24.109 1 0
github.com/muety/wakapi/migrations/20210206_drop_badges_column_add_sharing_flags.go:25.5,26.1 1 0
github.com/muety/wakapi/migrations/20210206_drop_badges_column_add_sharing_flags.go:27.4,27.111 1 0
github.com/muety/wakapi/migrations/20210206_drop_badges_column_add_sharing_flags.go:28.5,29.1 1 0
github.com/muety/wakapi/migrations/20210206_drop_badges_column_add_sharing_flags.go:30.4,30.110 1 0
github.com/muety/wakapi/migrations/20210206_drop_badges_column_add_sharing_flags.go:31.5,32.1 1 0
github.com/muety/wakapi/migrations/20210206_drop_badges_column_add_sharing_flags.go:33.4,33.105 1 0
github.com/muety/wakapi/migrations/20210206_drop_badges_column_add_sharing_flags.go:34.5,35.1 1 0
github.com/muety/wakapi/migrations/20210206_drop_badges_column_add_sharing_flags.go:36.4,36.110 1 0
github.com/muety/wakapi/migrations/20210206_drop_badges_column_add_sharing_flags.go:37.5,38.1 1 0
github.com/muety/wakapi/migrations/20210206_drop_badges_column_add_sharing_flags.go:40.4,40.49 1 0
github.com/muety/wakapi/migrations/20210206_drop_badges_column_add_sharing_flags.go:41.5,43.1 2 0
github.com/muety/wakapi/migrations/20210206_drop_badges_column_add_sharing_flags.go:45.4,45.80 1 0
github.com/muety/wakapi/migrations/20210206_drop_badges_column_add_sharing_flags.go:46.5,47.1 1 0
github.com/muety/wakapi/migrations/20210206_drop_badges_column_add_sharing_flags.go:48.4,49.1 2 0
github.com/muety/wakapi/migrations/20210206_drop_badges_column_add_sharing_flags.go:50.4,50.14 2 0
github.com/muety/wakapi/migrations/20210206_drop_badges_column_add_sharing_flags.go:54.2,54.26 1 0
github.com/muety/wakapi/migrations/20210213_add_has_data_field.go:9.2,12.50 2 0
github.com/muety/wakapi/migrations/20210213_add_has_data_field.go:13.4,13.24 1 0
github.com/muety/wakapi/migrations/20210213_add_has_data_field.go:14.5,15.1 1 0
github.com/muety/wakapi/migrations/20210213_add_has_data_field.go:17.4,18.1 2 0
github.com/muety/wakapi/migrations/20210213_add_has_data_field.go:19.4,19.24 2 0
github.com/muety/wakapi/migrations/20210213_add_has_data_field.go:20.5,21.1 1 0
github.com/muety/wakapi/migrations/20210213_add_has_data_field.go:23.4,23.51 1 0
github.com/muety/wakapi/migrations/20210213_add_has_data_field.go:24.5,25.1 1 0
github.com/muety/wakapi/migrations/20210213_add_has_data_field.go:27.4,28.14 2 0
github.com/muety/wakapi/migrations/20210213_add_has_data_field.go:32.2,32.26 1 0
github.com/muety/wakapi/migrations/20210221_add_created_date_column.go:9.2,12.50 2 0
github.com/muety/wakapi/migrations/20210221_add_created_date_column.go:13.4,13.24 1 0
github.com/muety/wakapi/migrations/20210221_add_created_date_column.go:14.5,15.1 1 0
github.com/muety/wakapi/migrations/20210221_add_created_date_column.go:17.4,17.83 1 0
github.com/muety/wakapi/migrations/20210221_add_created_date_column.go:18.5,19.1 1 0
github.com/muety/wakapi/migrations/20210221_add_created_date_column.go:21.4,22.14 2 0
github.com/muety/wakapi/migrations/20210221_add_created_date_column.go:26.2,26.26 1 0
github.com/muety/wakapi/migrations/20210411_add_imprint_content.go:12.2,15.50 2 0
github.com/muety/wakapi/migrations/20210411_add_imprint_content.go:16.4,16.24 1 0
github.com/muety/wakapi/migrations/20210411_add_imprint_content.go:17.5,18.1 1 0
github.com/muety/wakapi/migrations/20210411_add_imprint_content.go:20.4,21.1 3 0
github.com/muety/wakapi/migrations/20210411_add_imprint_content.go:22.4,27.41 3 0
github.com/muety/wakapi/migrations/20210411_add_imprint_content.go:28.5,29.1 1 0
github.com/muety/wakapi/migrations/20210411_add_imprint_content.go:31.4,32.14 2 0
github.com/muety/wakapi/migrations/20210411_add_imprint_content.go:36.2,36.26 1 0
github.com/muety/wakapi/migrations/20210411_drop_migrations_table.go:10.2,13.50 2 0
github.com/muety/wakapi/migrations/20210411_drop_migrations_table.go:14.4,14.69 1 0
github.com/muety/wakapi/migrations/20210411_drop_migrations_table.go:15.5,16.1 1 0
github.com/muety/wakapi/migrations/20210411_drop_migrations_table.go:17.4,17.14 1 0
github.com/muety/wakapi/migrations/20210411_drop_migrations_table.go:21.2,21.26 1 0
github.com/muety/wakapi/migrations/20210806_remove_persisted_project_labels.go:12.2,15.50 2 0
github.com/muety/wakapi/migrations/20210806_remove_persisted_project_labels.go:16.4,16.24 1 0
github.com/muety/wakapi/migrations/20210806_remove_persisted_project_labels.go:17.5,18.1 1 0
github.com/muety/wakapi/migrations/20210806_remove_persisted_project_labels.go:20.4,21.18 2 0
github.com/muety/wakapi/migrations/20210806_remove_persisted_project_labels.go:22.5,24.1 2 0
github.com/muety/wakapi/migrations/20210806_remove_persisted_project_labels.go:25.4,25.119 1 0
github.com/muety/wakapi/migrations/20210806_remove_persisted_project_labels.go:26.5,28.1 2 0
github.com/muety/wakapi/migrations/20210806_remove_persisted_project_labels.go:29.4,30.1 3 0
github.com/muety/wakapi/migrations/20210806_remove_persisted_project_labels.go:31.4,32.14 3 0
github.com/muety/wakapi/migrations/20210806_remove_persisted_project_labels.go:36.2,36.26 1 0
github.com/muety/wakapi/migrations/20211215_migrate_id_to_bigint.go:10.2,13.50 2 0
github.com/muety/wakapi/migrations/20211215_migrate_id_to_bigint.go:14.4,14.24 1 0
github.com/muety/wakapi/migrations/20211215_migrate_id_to_bigint.go:15.5,16.1 1 0
github.com/muety/wakapi/migrations/20211215_migrate_id_to_bigint.go:18.4,19.1 2 0
github.com/muety/wakapi/migrations/20211215_migrate_id_to_bigint.go:20.4,20.24 2 0
github.com/muety/wakapi/migrations/20211215_migrate_id_to_bigint.go:21.5,22.115 2 0
github.com/muety/wakapi/migrations/20211215_migrate_id_to_bigint.go:23.6,24.1 1 0
github.com/muety/wakapi/migrations/20211215_migrate_id_to_bigint.go:25.5,25.118 1 0
github.com/muety/wakapi/migrations/20211215_migrate_id_to_bigint.go:26.6,27.1 1 0
github.com/muety/wakapi/migrations/20211215_migrate_id_to_bigint.go:28.5,28.16 1 0
github.com/muety/wakapi/migrations/20211215_migrate_id_to_bigint.go:29.11,29.34 1 0
github.com/muety/wakapi/migrations/20211215_migrate_id_to_bigint.go:32.5,33.95 2 0
github.com/muety/wakapi/migrations/20211215_migrate_id_to_bigint.go:34.6,35.1 1 0
github.com/muety/wakapi/migrations/20211215_migrate_id_to_bigint.go:36.5,36.98 1 0
github.com/muety/wakapi/migrations/20211215_migrate_id_to_bigint.go:37.6,38.1 1 0
github.com/muety/wakapi/migrations/20211215_migrate_id_to_bigint.go:39.5,39.16 1 0
github.com/muety/wakapi/migrations/20211215_migrate_id_to_bigint.go:43.5,44.1 1 0
github.com/muety/wakapi/migrations/20211215_migrate_id_to_bigint.go:46.4,47.14 2 0
github.com/muety/wakapi/migrations/20211215_migrate_id_to_bigint.go:51.2,51.26 1 0
github.com/muety/wakapi/migrations/20212212_total_summary_heartbeats.go:12.2,15.50 2 0
github.com/muety/wakapi/migrations/20212212_total_summary_heartbeats.go:16.4,16.24 1 0
github.com/muety/wakapi/migrations/20212212_total_summary_heartbeats.go:17.5,18.1 1 0
github.com/muety/wakapi/migrations/20212212_total_summary_heartbeats.go:20.4,21.1 3 0
github.com/muety/wakapi/migrations/20212212_total_summary_heartbeats.go:24.4,27.40 3 0
github.com/muety/wakapi/migrations/20212212_total_summary_heartbeats.go:28.5,29.1 1 0
github.com/muety/wakapi/migrations/20212212_total_summary_heartbeats.go:31.4,32.32 2 0
github.com/muety/wakapi/migrations/20212212_total_summary_heartbeats.go:33.5,35.1 2 0
github.com/muety/wakapi/migrations/20212212_total_summary_heartbeats.go:36.4,36.44 1 0
github.com/muety/wakapi/migrations/20212212_total_summary_heartbeats.go:37.5,40.1 3 0
github.com/muety/wakapi/migrations/20212212_total_summary_heartbeats.go:42.4,43.14 2 0
github.com/muety/wakapi/migrations/20212212_total_summary_heartbeats.go:47.2,47.26 1 0
github.com/muety/wakapi/migrations/20220317_align_num_heartbeats.go:11.2,14.50 2 0
github.com/muety/wakapi/migrations/20220317_align_num_heartbeats.go:15.4,15.24 1 0
github.com/muety/wakapi/migrations/20220317_align_num_heartbeats.go:16.5,17.1 1 0
github.com/muety/wakapi/migrations/20220317_align_num_heartbeats.go:19.4,20.1 3 0
github.com/muety/wakapi/migrations/20220317_align_num_heartbeats.go:22.4,23.1 3 0
github.com/muety/wakapi/migrations/20220317_align_num_heartbeats.go:24.4,27.40 3 0
github.com/muety/wakapi/migrations/20220317_align_num_heartbeats.go:28.5,29.1 1 0
github.com/muety/wakapi/migrations/20220317_align_num_heartbeats.go:32.4,43.1 2 0
github.com/muety/wakapi/migrations/20220317_align_num_heartbeats.go:44.4,44.39 2 0
github.com/muety/wakapi/migrations/20220317_align_num_heartbeats.go:45.5,46.1 1 0
github.com/muety/wakapi/migrations/20220317_align_num_heartbeats.go:48.4,49.1 3 0
github.com/muety/wakapi/migrations/20220317_align_num_heartbeats.go:50.4,51.14 3 0
github.com/muety/wakapi/migrations/20220317_align_num_heartbeats.go:55.2,55.26 1 0
github.com/muety/wakapi/migrations/20220318_mysql_timestamp_precision.go:10.2,13.50 2 0
github.com/muety/wakapi/migrations/20220318_mysql_timestamp_precision.go:14.4,14.24 1 0
github.com/muety/wakapi/migrations/20220318_mysql_timestamp_precision.go:15.5,16.1 1 0
github.com/muety/wakapi/migrations/20220318_mysql_timestamp_precision.go:18.4,18.24 1 0
github.com/muety/wakapi/migrations/20220318_mysql_timestamp_precision.go:19.5,20.1 4 0
github.com/muety/wakapi/migrations/20220318_mysql_timestamp_precision.go:21.5,23.110 4 0
github.com/muety/wakapi/migrations/20220318_mysql_timestamp_precision.go:24.6,25.1 1 0
github.com/muety/wakapi/migrations/20220318_mysql_timestamp_precision.go:26.5,26.116 1 0
github.com/muety/wakapi/migrations/20220318_mysql_timestamp_precision.go:27.6,28.1 1 0
github.com/muety/wakapi/migrations/20220318_mysql_timestamp_precision.go:29.5,31.1 3 0
github.com/muety/wakapi/migrations/20220318_mysql_timestamp_precision.go:32.5,32.69 3 0
github.com/muety/wakapi/migrations/20220318_mysql_timestamp_precision.go:35.4,36.14 2 0
github.com/muety/wakapi/migrations/20220318_mysql_timestamp_precision.go:40.2,40.26 1 0
github.com/muety/wakapi/migrations/202203191_drop_diagnostics_user.go:11.2,14.50 2 0
github.com/muety/wakapi/migrations/202203191_drop_diagnostics_user.go:15.4,15.24 1 0
github.com/muety/wakapi/migrations/202203191_drop_diagnostics_user.go:16.5,17.1 1 0
github.com/muety/wakapi/migrations/202203191_drop_diagnostics_user.go:19.4,20.1 2 0
github.com/muety/wakapi/migrations/202203191_drop_diagnostics_user.go:21.4,21.60 2 0
github.com/muety/wakapi/migrations/202203191_drop_diagnostics_user.go:22.5,23.1 2 0
github.com/muety/wakapi/migrations/202203191_drop_diagnostics_user.go:24.5,24.97 2 0
github.com/muety/wakapi/migrations/202203191_drop_diagnostics_user.go:25.6,26.1 1 0
github.com/muety/wakapi/migrations/202203191_drop_diagnostics_user.go:28.5,28.81 1 0
github.com/muety/wakapi/migrations/202203191_drop_diagnostics_user.go:29.6,30.1 1 0
github.com/muety/wakapi/migrations/202203191_drop_diagnostics_user.go:33.4,34.14 2 0
github.com/muety/wakapi/migrations/202203191_drop_diagnostics_user.go:38.2,38.26 1 0
github.com/muety/wakapi/migrations/20220403_drop_user_project_idx.go:17.2,19.1 3 0
github.com/muety/wakapi/migrations/20220403_drop_user_project_idx.go:20.2,22.50 3 0
github.com/muety/wakapi/migrations/20220403_drop_user_project_idx.go:23.4,23.77 1 0
github.com/muety/wakapi/migrations/20220403_drop_user_project_idx.go:24.5,25.1 1 0
github.com/muety/wakapi/migrations/20220403_drop_user_project_idx.go:27.4,27.81 1 0
github.com/muety/wakapi/migrations/20220403_drop_user_project_idx.go:28.5,29.81 2 0
github.com/muety/wakapi/migrations/20220403_drop_user_project_idx.go:30.6,31.1 1 0
github.com/muety/wakapi/migrations/20220403_drop_user_project_idx.go:34.4,35.14 2 0
github.com/muety/wakapi/migrations/20220403_drop_user_project_idx.go:39.2,39.25 1 0
github.com/muety/wakapi/migrations/20220930_drop_heartbeats_entity_idx.go:10.2,12.1 3 0
github.com/muety/wakapi/migrations/20220930_drop_heartbeats_entity_idx.go:13.2,15.50 3 0
github.com/muety/wakapi/migrations/20220930_drop_heartbeats_entity_idx.go:16.4,16.109 1 0
github.com/muety/wakapi/migrations/20220930_drop_heartbeats_entity_idx.go:17.5,18.1 1 0
github.com/muety/wakapi/migrations/20220930_drop_heartbeats_entity_idx.go:19.4,19.64 1 0
github.com/muety/wakapi/migrations/20220930_drop_heartbeats_entity_idx.go:23.2,23.25 1 0
github.com/muety/wakapi/migrations/20221002_fix_summary_id_types.go:13.2,14.1 2 0
github.com/muety/wakapi/migrations/20221002_fix_summary_id_types.go:15.2,17.50 2 0
github.com/muety/wakapi/migrations/20221002_fix_summary_id_types.go:18.4,18.48 1 0
github.com/muety/wakapi/migrations/20221002_fix_summary_id_types.go:19.5,20.1 1 0
github.com/muety/wakapi/migrations/20221002_fix_summary_id_types.go:22.4,22.100 1 0
github.com/muety/wakapi/migrations/20221002_fix_summary_id_types.go:23.5,24.1 1 0
github.com/muety/wakapi/migrations/20221002_fix_summary_id_types.go:26.4,33.42 2 0
github.com/muety/wakapi/migrations/20221002_fix_summary_id_types.go:34.5,35.1 1 0
github.com/muety/wakapi/migrations/20221002_fix_summary_id_types.go:37.4,37.45 1 0
github.com/muety/wakapi/migrations/20221002_fix_summary_id_types.go:38.5,38.83 1 0
github.com/muety/wakapi/migrations/20221002_fix_summary_id_types.go:39.6,39.104 1 0
github.com/muety/wakapi/migrations/20221002_fix_summary_id_types.go:40.7,41.1 1 0
github.com/muety/wakapi/migrations/20221002_fix_summary_id_types.go:43.5,43.85 1 0
github.com/muety/wakapi/migrations/20221002_fix_summary_id_types.go:44.6,44.106 1 0
github.com/muety/wakapi/migrations/20221002_fix_summary_id_types.go:45.7,46.1 1 0
github.com/muety/wakapi/migrations/20221002_fix_summary_id_types.go:48.5,48.84 1 0
github.com/muety/wakapi/migrations/20221002_fix_summary_id_types.go:49.6,49.105 1 0
github.com/muety/wakapi/migrations/20221002_fix_summary_id_types.go:50.7,51.1 1 0
github.com/muety/wakapi/migrations/20221002_fix_summary_id_types.go:53.5,53.93 1 0
github.com/muety/wakapi/migrations/20221002_fix_summary_id_types.go:54.6,54.114 1 0
github.com/muety/wakapi/migrations/20221002_fix_summary_id_types.go:55.7,56.1 1 0
github.com/muety/wakapi/migrations/20221002_fix_summary_id_types.go:58.5,58.84 1 0
github.com/muety/wakapi/migrations/20221002_fix_summary_id_types.go:59.6,59.105 1 0
github.com/muety/wakapi/migrations/20221002_fix_summary_id_types.go:60.7,61.1 1 0
github.com/muety/wakapi/migrations/20221002_fix_summary_id_types.go:64.5,64.87 1 0
github.com/muety/wakapi/migrations/20221002_fix_summary_id_types.go:65.6,65.108 1 0
github.com/muety/wakapi/migrations/20221002_fix_summary_id_types.go:66.7,67.1 1 0
github.com/muety/wakapi/migrations/20221002_fix_summary_id_types.go:69.5,69.82 1 0
github.com/muety/wakapi/migrations/20221002_fix_summary_id_types.go:70.6,70.103 1 0
github.com/muety/wakapi/migrations/20221002_fix_summary_id_types.go:71.7,72.1 1 0
github.com/muety/wakapi/migrations/20221002_fix_summary_id_types.go:75.5,75.78 1 0
github.com/muety/wakapi/migrations/20221002_fix_summary_id_types.go:76.6,77.1 1 0
github.com/muety/wakapi/migrations/20221002_fix_summary_id_types.go:78.5,78.90 1 0
github.com/muety/wakapi/migrations/20221002_fix_summary_id_types.go:79.6,80.1 1 0
github.com/muety/wakapi/migrations/20221002_fix_summary_id_types.go:83.4,83.14 1 0
github.com/muety/wakapi/migrations/20221002_fix_summary_id_types.go:87.2,87.25 1 0
github.com/muety/wakapi/migrations/20221016_drop_rank_column.go:11.2,14.50 2 0
github.com/muety/wakapi/migrations/20221016_drop_rank_column.go:15.4,15.24 1 0
github.com/muety/wakapi/migrations/20221016_drop_rank_column.go:16.5,17.1 1 0
github.com/muety/wakapi/migrations/20221016_drop_rank_column.go:19.4,20.1 2 0
github.com/muety/wakapi/migrations/20221016_drop_rank_column.go:21.4,21.109 2 0
github.com/muety/wakapi/migrations/20221016_drop_rank_column.go:22.5,23.1 2 0
github.com/muety/wakapi/migrations/20221016_drop_rank_column.go:24.5,24.82 2 0
github.com/muety/wakapi/migrations/20221016_drop_rank_column.go:25.6,26.1 1 0
github.com/muety/wakapi/migrations/20221016_drop_rank_column.go:29.4,30.14 2 0
github.com/muety/wakapi/migrations/20221016_drop_rank_column.go:34.2,34.26 1 0
github.com/muety/wakapi/migrations/20221028_fix_heartbeats_time_user_idx.go:16.2,19.50 2 0
github.com/muety/wakapi/migrations/20221028_fix_heartbeats_time_user_idx.go:20.4,21.1 2 0
github.com/muety/wakapi/migrations/20221028_fix_heartbeats_time_user_idx.go:22.4,22.47 2 0
github.com/muety/wakapi/migrations/20221028_fix_heartbeats_time_user_idx.go:23.5,24.1 1 0
github.com/muety/wakapi/migrations/20221028_fix_heartbeats_time_user_idx.go:26.4,27.24 2 0
github.com/muety/wakapi/migrations/20221028_fix_heartbeats_time_user_idx.go:30.5,31.1 1 0
github.com/muety/wakapi/migrations/20221028_fix_heartbeats_time_user_idx.go:32.4,32.25 1 0
github.com/muety/wakapi/migrations/20221028_fix_heartbeats_time_user_idx.go:34.5,41.35 2 0
github.com/muety/wakapi/migrations/20221028_fix_heartbeats_time_user_idx.go:42.6,43.1 1 0
github.com/muety/wakapi/migrations/20221028_fix_heartbeats_time_user_idx.go:45.5,46.116 2 0
github.com/muety/wakapi/migrations/20221028_fix_heartbeats_time_user_idx.go:47.6,48.1 1 0
github.com/muety/wakapi/migrations/20221028_fix_heartbeats_time_user_idx.go:50.5,51.19 2 0
github.com/muety/wakapi/migrations/20221028_fix_heartbeats_time_user_idx.go:52.6,53.1 1 0
github.com/muety/wakapi/migrations/20221028_fix_heartbeats_time_user_idx.go:55.5,55.33 1 0
github.com/muety/wakapi/migrations/20221028_fix_heartbeats_time_user_idx.go:56.6,56.97 1 0
github.com/muety/wakapi/migrations/20221028_fix_heartbeats_time_user_idx.go:57.7,58.12 2 0
github.com/muety/wakapi/migrations/20221028_fix_heartbeats_time_user_idx.go:63.4,63.13 1 0
github.com/muety/wakapi/migrations/20221028_fix_heartbeats_time_user_idx.go:64.5,65.1 1 0
github.com/muety/wakapi/migrations/20221028_fix_heartbeats_time_user_idx.go:67.4,67.83 1 0
github.com/muety/wakapi/migrations/20221028_fix_heartbeats_time_user_idx.go:68.5,69.1 1 0
github.com/muety/wakapi/migrations/20221028_fix_heartbeats_time_user_idx.go:70.4,71.1 2 0
github.com/muety/wakapi/migrations/20221028_fix_heartbeats_time_user_idx.go:72.4,72.14 2 0
github.com/muety/wakapi/migrations/20221028_fix_heartbeats_time_user_idx.go:76.2,76.25 1 0
github.com/muety/wakapi/migrations/20230219_add_astro_language.go:10.2,13.50 2 0
github.com/muety/wakapi/migrations/20230219_add_astro_language.go:14.4,14.24 1 0
github.com/muety/wakapi/migrations/20230219_add_astro_language.go:15.5,16.1 1 0
github.com/muety/wakapi/migrations/20230219_add_astro_language.go:18.4,19.1 2 0
github.com/muety/wakapi/migrations/20230219_add_astro_language.go:20.4,20.130 2 0
github.com/muety/wakapi/migrations/20230219_add_astro_language.go:21.5,22.1 1 0
github.com/muety/wakapi/migrations/20230219_add_astro_language.go:24.4,25.14 2 0
github.com/muety/wakapi/migrations/20230219_add_astro_language.go:29.2,29.26 1 0
github.com/muety/wakapi/migrations/20230219_add_subscription_renewal.go:11.2,14.50 2 0
github.com/muety/wakapi/migrations/20230219_add_subscription_renewal.go:15.4,15.24 1 0
github.com/muety/wakapi/migrations/20230219_add_subscription_renewal.go:16.5,17.1 1 0
github.com/muety/wakapi/migrations/20230219_add_subscription_renewal.go:19.4,20.1 2 0
github.com/muety/wakapi/migrations/20230219_add_subscription_renewal.go:21.4,21.66 2 0
github.com/muety/wakapi/migrations/20230219_add_subscription_renewal.go:22.5,23.1 2 0
github.com/muety/wakapi/migrations/20230219_add_subscription_renewal.go:24.5,24.136 2 0
github.com/muety/wakapi/migrations/20230219_add_subscription_renewal.go:25.6,26.1 1 0
github.com/muety/wakapi/migrations/20230219_add_subscription_renewal.go:29.4,30.14 2 0
github.com/muety/wakapi/migrations/20230219_add_subscription_renewal.go:34.2,34.26 1 0
github.com/muety/wakapi/migrations/20231023_fill_last_branch.go:12.2,15.50 2 0
github.com/muety/wakapi/migrations/20231023_fill_last_branch.go:16.4,16.24 1 0
github.com/muety/wakapi/migrations/20231023_fill_last_branch.go:17.5,18.1 1 0
github.com/muety/wakapi/migrations/20231023_fill_last_branch.go:20.4,21.105 2 0
github.com/muety/wakapi/migrations/20231023_fill_last_branch.go:22.5,23.1 1 0
github.com/muety/wakapi/migrations/20231023_fill_last_branch.go:25.4,26.1 2 0
github.com/muety/wakapi/migrations/20231023_fill_last_branch.go:28.4,28.33 2 0
github.com/muety/wakapi/migrations/20231023_fill_last_branch.go:29.5,30.22 2 0
github.com/muety/wakapi/migrations/20231023_fill_last_branch.go:31.6,37.40 2 0
github.com/muety/wakapi/migrations/20231023_fill_last_branch.go:38.7,39.1 1 0
github.com/muety/wakapi/migrations/20231023_fill_last_branch.go:40.6,43.38 1 0
github.com/muety/wakapi/migrations/20231023_fill_last_branch.go:47.4,48.1 3 0
github.com/muety/wakapi/migrations/20231023_fill_last_branch.go:49.4,50.14 3 0
github.com/muety/wakapi/migrations/20231023_fill_last_branch.go:54.2,54.26 1 0
github.com/muety/wakapi/migrations/20241220_share_activity_chart_flag.go:10.2,13.50 2 0
github.com/muety/wakapi/migrations/20241220_share_activity_chart_flag.go:14.4,14.24 1 0
github.com/muety/wakapi/migrations/20241220_share_activity_chart_flag.go:15.5,16.1 1 0
github.com/muety/wakapi/migrations/20241220_share_activity_chart_flag.go:18.4,23.1 3 0
github.com/muety/wakapi/migrations/20241220_share_activity_chart_flag.go:24.4,25.14 3 0
github.com/muety/wakapi/migrations/20241220_share_activity_chart_flag.go:29.2,29.26 1 0
github.com/muety/wakapi/migrations/20250219_update_heartbeats_timeout.go:10.2,13.50 2 0
github.com/muety/wakapi/migrations/20250219_update_heartbeats_timeout.go:14.4,14.24 1 0
github.com/muety/wakapi/migrations/20250219_update_heartbeats_timeout.go:15.5,16.1 1 0
github.com/muety/wakapi/migrations/20250219_update_heartbeats_timeout.go:18.4,22.1 9 0
github.com/muety/wakapi/migrations/20250219_update_heartbeats_timeout.go:23.4,27.1 9 0
github.com/muety/wakapi/migrations/20250219_update_heartbeats_timeout.go:28.4,32.1 9 0
github.com/muety/wakapi/migrations/20250219_update_heartbeats_timeout.go:33.4,37.1 9 0
github.com/muety/wakapi/migrations/20250219_update_heartbeats_timeout.go:38.4,39.14 9 0
github.com/muety/wakapi/migrations/20250219_update_heartbeats_timeout.go:43.2,43.26 1 0
github.com/muety/wakapi/migrations/20250313_fix_browsing_category.go:10.2,14.50 2 0
github.com/muety/wakapi/migrations/20250313_fix_browsing_category.go:15.4,15.24 1 0
github.com/muety/wakapi/migrations/20250313_fix_browsing_category.go:16.5,17.1 1 0
github.com/muety/wakapi/migrations/20250313_fix_browsing_category.go:19.4,26.1 3 0
github.com/muety/wakapi/migrations/20250313_fix_browsing_category.go:27.4,28.14 3 0
github.com/muety/wakapi/migrations/20250313_fix_browsing_category.go:32.2,32.26 1 0
github.com/muety/wakapi/migrations/20250425_add_durations_primary_key.go:13.2,17.50 2 0
github.com/muety/wakapi/migrations/20250425_add_durations_primary_key.go:18.4,18.24 1 0
github.com/muety/wakapi/migrations/20250425_add_durations_primary_key.go:19.5,20.1 1 0
github.com/muety/wakapi/migrations/20250425_add_durations_primary_key.go:22.4,22.49 1 0
github.com/muety/wakapi/migrations/20250425_add_durations_primary_key.go:23.5,24.1 1 0
github.com/muety/wakapi/migrations/20250425_add_durations_primary_key.go:25.4,25.44 1 0
github.com/muety/wakapi/migrations/20250425_add_durations_primary_key.go:26.5,27.1 1 0
github.com/muety/wakapi/migrations/20250425_add_durations_primary_key.go:28.4,28.57 1 0
github.com/muety/wakapi/migrations/20250425_add_durations_primary_key.go:29.5,30.1 1 0
github.com/muety/wakapi/migrations/20250425_add_durations_primary_key.go:32.4,32.53 1 0
github.com/muety/wakapi/migrations/20250425_add_durations_primary_key.go:33.5,33.64 1 0
github.com/muety/wakapi/migrations/20250425_add_durations_primary_key.go:34.6,34.85 1 0
github.com/muety/wakapi/migrations/20250425_add_durations_primary_key.go:35.7,36.1 1 0
github.com/muety/wakapi/migrations/20250425_add_durations_primary_key.go:38.5,38.77 1 0
github.com/muety/wakapi/migrations/20250425_add_durations_primary_key.go:39.6,39.98 1 0
github.com/muety/wakapi/migrations/20250425_add_durations_primary_key.go:40.7,41.1 1 0
github.com/muety/wakapi/migrations/20250425_add_durations_primary_key.go:43.5,43.83 1 0
github.com/muety/wakapi/migrations/20250425_add_durations_primary_key.go:44.6,45.1 1 0
github.com/muety/wakapi/migrations/20250425_add_durations_primary_key.go:46.5,46.73 1 0
github.com/muety/wakapi/migrations/20250425_add_durations_primary_key.go:47.6,48.1 1 0
github.com/muety/wakapi/migrations/20250425_add_durations_primary_key.go:49.5,49.236 1 0
github.com/muety/wakapi/migrations/20250425_add_durations_primary_key.go:50.6,51.1 1 0
github.com/muety/wakapi/migrations/20250425_add_durations_primary_key.go:52.5,52.68 1 0
github.com/muety/wakapi/migrations/20250425_add_durations_primary_key.go:53.6,54.1 1 0
github.com/muety/wakapi/migrations/20250425_add_durations_primary_key.go:55.5,55.15 1 0
github.com/muety/wakapi/migrations/20250425_add_durations_primary_key.go:57.5,58.1 1 0
github.com/muety/wakapi/migrations/20250425_add_durations_primary_key.go:60.4,61.14 2 0
github.com/muety/wakapi/migrations/20250425_add_durations_primary_key.go:65.2,65.25 1 0
github.com/muety/wakapi/migrations/20250802_fix_default_coding_category.go:11.2,15.50 2 0
github.com/muety/wakapi/migrations/20250802_fix_default_coding_category.go:16.4,16.24 1 0
github.com/muety/wakapi/migrations/20250802_fix_default_coding_category.go:17.5,18.1 1 0
github.com/muety/wakapi/migrations/20250802_fix_default_coding_category.go:20.4,20.142 1 0
github.com/muety/wakapi/migrations/20250802_fix_default_coding_category.go:21.5,22.1 1 0
github.com/muety/wakapi/migrations/20250802_fix_default_coding_category.go:24.4,25.14 2 0
github.com/muety/wakapi/migrations/20250802_fix_default_coding_category.go:29.2,29.26 1 0
github.com/muety/wakapi/migrations/20250802_fix_wsl_os.go:9.2,13.50 2 0
github.com/muety/wakapi/migrations/20250802_fix_wsl_os.go:14.4,14.24 1 0
github.com/muety/wakapi/migrations/20250802_fix_wsl_os.go:15.5,16.1 1 0
github.com/muety/wakapi/migrations/20250802_fix_wsl_os.go:18.4,18.123 1 0
github.com/muety/wakapi/migrations/20250802_fix_wsl_os.go:19.5,20.1 1 0
github.com/muety/wakapi/migrations/20250802_fix_wsl_os.go:22.4,23.14 2 0
github.com/muety/wakapi/migrations/20250802_fix_wsl_os.go:27.2,27.26 1 0
github.com/muety/wakapi/migrations/20250907_add_user_heartbeats_range_view.go:10.2,14.50 2 0
github.com/muety/wakapi/migrations/20250907_add_user_heartbeats_range_view.go:15.4,15.24 1 0
github.com/muety/wakapi/migrations/20250907_add_user_heartbeats_range_view.go:16.5,17.1 1 0
github.com/muety/wakapi/migrations/20250907_add_user_heartbeats_range_view.go:19.4,22.1 2 0
github.com/muety/wakapi/migrations/20250907_add_user_heartbeats_range_view.go:23.4,23.53 2 0
github.com/muety/wakapi/migrations/20250907_add_user_heartbeats_range_view.go:25.5,25.26 1 0
github.com/muety/wakapi/migrations/20250907_add_user_heartbeats_range_view.go:26.6,26.76 1 0
github.com/muety/wakapi/migrations/20250907_add_user_heartbeats_range_view.go:27.7,28.1 1 0
github.com/muety/wakapi/migrations/20250907_add_user_heartbeats_range_view.go:31.5,34.20 1 0
github.com/muety/wakapi/migrations/20250907_add_user_heartbeats_range_view.go:35.6,36.1 1 0
github.com/muety/wakapi/migrations/20250907_add_user_heartbeats_range_view.go:37.5,37.141 1 0
github.com/muety/wakapi/migrations/20250907_add_user_heartbeats_range_view.go:38.6,39.1 1 0
github.com/muety/wakapi/migrations/20250907_add_user_heartbeats_range_view.go:40.5,40.15 1 0
github.com/muety/wakapi/migrations/20250907_add_user_heartbeats_range_view.go:42.5,43.1 1 0
github.com/muety/wakapi/migrations/20250907_add_user_heartbeats_range_view.go:45.4,46.14 2 0
github.com/muety/wakapi/migrations/20250907_add_user_heartbeats_range_view.go:50.2,50.26 1 0
github.com/muety/wakapi/migrations/20251005-drop_duplicate_emails.go:9.2,13.50 2 0
github.com/muety/wakapi/migrations/20251005-drop_duplicate_emails.go:14.4,14.24 1 0
github.com/muety/wakapi/migrations/20251005-drop_duplicate_emails.go:15.5,16.1 1 0
github.com/muety/wakapi/migrations/20251005-drop_duplicate_emails.go:19.4,24.1 2 0
github.com/muety/wakapi/migrations/20251005-drop_duplicate_emails.go:25.4,25.43 2 0
github.com/muety/wakapi/migrations/20251005-drop_duplicate_emails.go:26.5,27.1 1 0
github.com/muety/wakapi/migrations/20251005-drop_duplicate_emails.go:29.4,30.14 2 0
github.com/muety/wakapi/migrations/20251005-drop_duplicate_emails.go:34.2,34.26 1 0
github.com/muety/wakapi/migrations/20260103_add_webauthn_fields.go:12.2,16.50 2 0
github.com/muety/wakapi/migrations/20260103_add_webauthn_fields.go:17.4,17.24 1 0
github.com/muety/wakapi/migrations/20260103_add_webauthn_fields.go:18.5,19.1 1 0
github.com/muety/wakapi/migrations/20260103_add_webauthn_fields.go:20.4,20.63 1 0
github.com/muety/wakapi/migrations/20260103_add_webauthn_fields.go:21.5,22.1 1 0
github.com/muety/wakapi/migrations/20260103_add_webauthn_fields.go:24.4,25.97 2 0
github.com/muety/wakapi/migrations/20260103_add_webauthn_fields.go:26.5,27.1 1 0
github.com/muety/wakapi/migrations/20260103_add_webauthn_fields.go:29.4,29.28 1 0
github.com/muety/wakapi/migrations/20260103_add_webauthn_fields.go:30.5,31.81 2 0
github.com/muety/wakapi/migrations/20260103_add_webauthn_fields.go:32.6,33.1 1 0
github.com/muety/wakapi/migrations/20260103_add_webauthn_fields.go:36.4,37.14 2 0
github.com/muety/wakapi/migrations/20260103_add_webauthn_fields.go:41.2,41.26 1 0
github.com/muety/wakapi/migrations/20260214_nullify_empty_email.go:12.2,15.50 2 0
github.com/muety/wakapi/migrations/20260214_nullify_empty_email.go:16.4,16.24 1 0
github.com/muety/wakapi/migrations/20260214_nullify_empty_email.go:17.5,18.1 1 0
github.com/muety/wakapi/migrations/20260214_nullify_empty_email.go:20.4,20.47 1 0
github.com/muety/wakapi/migrations/20260214_nullify_empty_email.go:21.5,23.1 2 0
github.com/muety/wakapi/migrations/20260214_nullify_empty_email.go:25.4,25.57 1 0
github.com/muety/wakapi/migrations/20260214_nullify_empty_email.go:26.5,28.1 2 0
github.com/muety/wakapi/migrations/20260214_nullify_empty_email.go:30.4,31.1 2 0
github.com/muety/wakapi/migrations/20260214_nullify_empty_email.go:32.4,32.101 2 0
github.com/muety/wakapi/migrations/20260214_nullify_empty_email.go:33.5,35.1 2 0
github.com/muety/wakapi/migrations/20260214_nullify_empty_email.go:38.4,38.64 1 0
github.com/muety/wakapi/migrations/20260214_nullify_empty_email.go:39.5,39.85 1 0
github.com/muety/wakapi/migrations/20260214_nullify_empty_email.go:40.6,42.1 2 0
github.com/muety/wakapi/migrations/20260214_nullify_empty_email.go:45.4,46.14 2 0
github.com/muety/wakapi/migrations/20260214_nullify_empty_email.go:50.2,50.25 1 0
github.com/muety/wakapi/migrations/20260214_nullify_empty_sub.go:12.2,15.50 2 0
github.com/muety/wakapi/migrations/20260214_nullify_empty_sub.go:16.4,16.24 1 0
github.com/muety/wakapi/migrations/20260214_nullify_empty_sub.go:17.5,18.1 1 0
github.com/muety/wakapi/migrations/20260214_nullify_empty_sub.go:20.4,20.47 1 0
github.com/muety/wakapi/migrations/20260214_nullify_empty_sub.go:21.5,23.1 2 0
github.com/muety/wakapi/migrations/20260214_nullify_empty_sub.go:24.4,24.55 1 0
github.com/muety/wakapi/migrations/20260214_nullify_empty_sub.go:25.5,27.1 2 0
github.com/muety/wakapi/migrations/20260214_nullify_empty_sub.go:29.4,30.1 2 0
github.com/muety/wakapi/migrations/20260214_nullify_empty_sub.go:31.4,31.97 2 0
github.com/muety/wakapi/migrations/20260214_nullify_empty_sub.go:32.5,34.1 2 0
github.com/muety/wakapi/migrations/20260214_nullify_empty_sub.go:36.4,37.14 2 0
github.com/muety/wakapi/migrations/20260214_nullify_empty_sub.go:41.2,41.25 1 0
github.com/muety/wakapi/migrations/20260214_sqlite_recreate_views.go:9.2,11.1 3 0
github.com/muety/wakapi/migrations/20260214_sqlite_recreate_views.go:17.2,20.50 3 0
github.com/muety/wakapi/migrations/20260214_sqlite_recreate_views.go:21.4,21.26 1 0
github.com/muety/wakapi/migrations/20260214_sqlite_recreate_views.go:22.5,23.1 1 0
github.com/muety/wakapi/migrations/20260214_sqlite_recreate_views.go:24.4,24.25 1 0
github.com/muety/wakapi/migrations/20260214_sqlite_recreate_views.go:28.2,31.50 1 0
github.com/muety/wakapi/migrations/20260214_sqlite_recreate_views.go:32.4,32.26 1 0
github.com/muety/wakapi/migrations/20260214_sqlite_recreate_views.go:33.5,34.1 1 0
github.com/muety/wakapi/migrations/20260214_sqlite_recreate_views.go:35.4,35.26 1 0
github.com/muety/wakapi/migrations/20260722_sqlite_convert_time_to_integer.go:15.2,17.1 3 0
github.com/muety/wakapi/migrations/20260722_sqlite_convert_time_to_integer.go:18.2,20.50 3 0
github.com/muety/wakapi/migrations/20260722_sqlite_convert_time_to_integer.go:21.4,21.24 1 0
github.com/muety/wakapi/migrations/20260722_sqlite_convert_time_to_integer.go:22.5,23.1 1 0
github.com/muety/wakapi/migrations/20260722_sqlite_convert_time_to_integer.go:25.4,25.26 1 0
github.com/muety/wakapi/migrations/20260722_sqlite_convert_time_to_integer.go:26.5,27.1 1 0
github.com/muety/wakapi/migrations/20260722_sqlite_convert_time_to_integer.go:29.4,31.54 3 0
github.com/muety/wakapi/migrations/20260722_sqlite_convert_time_to_integer.go:32.5,33.1 1 0
github.com/muety/wakapi/migrations/20260722_sqlite_convert_time_to_integer.go:35.4,35.34 1 0
github.com/muety/wakapi/migrations/20260722_sqlite_convert_time_to_integer.go:36.5,36.55 1 0
github.com/muety/wakapi/migrations/20260722_sqlite_convert_time_to_integer.go:37.6,38.1 1 0
github.com/muety/wakapi/migrations/20260722_sqlite_convert_time_to_integer.go:41.4,41.62 1 0
github.com/muety/wakapi/migrations/20260722_sqlite_convert_time_to_integer.go:42.5,43.1 1 0
github.com/muety/wakapi/migrations/20260722_sqlite_convert_time_to_integer.go:45.4,45.61 1 0
github.com/muety/wakapi/migrations/20260722_sqlite_convert_time_to_integer.go:46.5,47.1 1 0
github.com/muety/wakapi/migrations/20260722_sqlite_convert_time_to_integer.go:50.4,50.85 1 0
github.com/muety/wakapi/migrations/20260722_sqlite_convert_time_to_integer.go:51.5,52.1 1 0
github.com/muety/wakapi/migrations/20260722_sqlite_convert_time_to_integer.go:54.4,55.1 3 0
github.com/muety/wakapi/migrations/20260722_sqlite_convert_time_to_integer.go:56.4,57.14 3 0
github.com/muety/wakapi/migrations/20260722_sqlite_convert_time_to_integer.go:61.2,63.50 1 0
github.com/muety/wakapi/migrations/20260722_sqlite_convert_time_to_integer.go:64.4,64.28 1 0
github.com/muety/wakapi/migrations/20260722_sqlite_convert_time_to_integer.go:65.5,66.1 1 0
github.com/muety/wakapi/migrations/20260722_sqlite_convert_time_to_integer.go:68.4,68.26 1 0
github.com/muety/wakapi/migrations/20260722_sqlite_convert_time_to_integer.go:69.5,70.1 1 0
github.com/muety/wakapi/migrations/20260722_sqlite_convert_time_to_integer.go:73.4,76.1 2 0
github.com/muety/wakapi/migrations/20260722_sqlite_convert_time_to_integer.go:77.4,77.47 2 0
github.com/muety/wakapi/migrations/20260722_sqlite_convert_time_to_integer.go:78.5,79.1 1 0
github.com/muety/wakapi/migrations/20260722_sqlite_convert_time_to_integer.go:81.4,82.14 2 0
github.com/muety/wakapi/migrations/20260722_sqlite_convert_time_to_integer.go:96.2,97.133 2 0
github.com/muety/wakapi/migrations/20260722_sqlite_convert_time_to_integer.go:98.3,99.1 1 0
github.com/muety/wakapi/migrations/20260722_sqlite_convert_time_to_integer.go:100.2,100.22 1 0
github.com/muety/wakapi/migrations/20260722_sqlite_convert_time_to_integer.go:101.3,102.1 1 0
github.com/muety/wakapi/migrations/20260722_sqlite_convert_time_to_integer.go:104.2,105.96 2 0
github.com/muety/wakapi/migrations/20260722_sqlite_convert_time_to_integer.go:106.3,107.1 1 0
github.com/muety/wakapi/migrations/20260722_sqlite_convert_time_to_integer.go:108.2,108.20 1 0
github.com/muety/wakapi/migrations/20260722_sqlite_convert_time_to_integer.go:109.3,110.1 1 0
github.com/muety/wakapi/migrations/20260722_sqlite_convert_time_to_integer.go:113.2,114.16 2 0
github.com/muety/wakapi/migrations/20260722_sqlite_convert_time_to_integer.go:115.3,116.1 1 0
github.com/muety/wakapi/migrations/20260722_sqlite_convert_time_to_integer.go:117.2,117.26 1 0
github.com/muety/wakapi/migrations/20260722_sqlite_convert_time_to_integer.go:118.3,119.1 1 0
github.com/muety/wakapi/migrations/20260722_sqlite_convert_time_to_integer.go:122.2,125.25 4 0
github.com/muety/wakapi/migrations/20260722_sqlite_convert_time_to_integer.go:126.3,126.28 1 0
github.com/muety/wakapi/migrations/20260722_sqlite_convert_time_to_integer.go:127.4,127.12 1 0
github.com/muety/wakapi/migrations/20260722_sqlite_convert_time_to_integer.go:130.3,131.23 2 0
github.com/muety/wakapi/migrations/20260722_sqlite_convert_time_to_integer.go:132.4,133.1 1 0
github.com/muety/wakapi/migrations/20260722_sqlite_convert_time_to_integer.go:133.10,133.26 1 0
github.com/muety/wakapi/migrations/20260722_sqlite_convert_time_to_integer.go:134.4,135.1 1 0
github.com/muety/wakapi/migrations/20260722_sqlite_convert_time_to_integer.go:136.3,136.20 1 0
github.com/muety/wakapi/migrations/20260722_sqlite_convert_time_to_integer.go:137.4,138.1 1 0
github.com/muety/wakapi/migrations/20260722_sqlite_convert_time_to_integer.go:139.3,139.43 1 0
github.com/muety/wakapi/migrations/20260722_sqlite_convert_time_to_integer.go:140.4,141.1 1 0
github.com/muety/wakapi/migrations/20260722_sqlite_convert_time_to_integer.go:142.3,142.15 1 0
github.com/muety/wakapi/migrations/20260722_sqlite_convert_time_to_integer.go:143.4,144.1 1 0
github.com/muety/wakapi/migrations/20260722_sqlite_convert_time_to_integer.go:145.3,146.1 3 0
github.com/muety/wakapi/migrations/20260722_sqlite_convert_time_to_integer.go:147.3,148.23 3 0
github.com/muety/wakapi/migrations/20260722_sqlite_convert_time_to_integer.go:149.4,150.1 1 0
github.com/muety/wakapi/migrations/20260722_sqlite_convert_time_to_integer.go:151.4,152.1 1 0
github.com/muety/wakapi/migrations/20260722_sqlite_convert_time_to_integer.go:155.2,156.1 3 0
github.com/muety/wakapi/migrations/20260722_sqlite_convert_time_to_integer.go:158.2,159.158 3 0
github.com/muety/wakapi/migrations/20260722_sqlite_convert_time_to_integer.go:160.3,161.1 1 0
github.com/muety/wakapi/migrations/20260722_sqlite_convert_time_to_integer.go:162.2,162.30 1 0
github.com/muety/wakapi/migrations/20260722_sqlite_convert_time_to_integer.go:163.3,163.93 1 0
github.com/muety/wakapi/migrations/20260722_sqlite_convert_time_to_integer.go:164.4,165.1 1 0
github.com/muety/wakapi/migrations/20260722_sqlite_convert_time_to_integer.go:169.2,169.49 1 0
github.com/muety/wakapi/migrations/20260722_sqlite_convert_time_to_integer.go:170.3,171.1 1 0
github.com/muety/wakapi/migrations/20260722_sqlite_convert_time_to_integer.go:174.2,177.47 4 0
github.com/muety/wakapi/migrations/20260722_sqlite_convert_time_to_integer.go:178.3,179.1 1 0
github.com/muety/wakapi/migrations/20260722_sqlite_convert_time_to_integer.go:182.2,182.81 1 0
github.com/muety/wakapi/migrations/20260722_sqlite_convert_time_to_integer.go:183.3,184.1 1 0
github.com/muety/wakapi/migrations/20260722_sqlite_convert_time_to_integer.go:185.2,185.112 1 0
github.com/muety/wakapi/migrations/20260722_sqlite_convert_time_to_integer.go:186.3,187.1 1 0
github.com/muety/wakapi/migrations/20260722_sqlite_convert_time_to_integer.go:189.2,189.12 1 0
github.com/muety/wakapi/migrations/20260820_fix_ai_model_as_editor.go:9.2,13.50 2 0
github.com/muety/wakapi/migrations/20260820_fix_ai_model_as_editor.go:14.4,14.24 1 0
github.com/muety/wakapi/migrations/20260820_fix_ai_model_as_editor.go:15.5,16.1 1 0
github.com/muety/wakapi/migrations/20260820_fix_ai_model_as_editor.go:20.4,36.25 1 0
github.com/muety/wakapi/migrations/20260820_fix_ai_model_as_editor.go:37.5,38.1 1 0
github.com/muety/wakapi/migrations/20260820_fix_ai_model_as_editor.go:40.4,41.14 2 0
github.com/muety/wakapi/migrations/20260820_fix_ai_model_as_editor.go:45.2,45.26 1 0
github.com/muety/wakapi/migrations/20260831_lowercase_oidc_provider_names.go:19.2,23.50 2 0
github.com/muety/wakapi/migrations/20260831_lowercase_oidc_provider_names.go:24.4,24.24 1 0
github.com/muety/wakapi/migrations/20260831_lowercase_oidc_provider_names.go:25.5,26.1 1 0
github.com/muety/wakapi/migrations/20260831_lowercase_oidc_provider_names.go:28.4,28.63 1 0
github.com/muety/wakapi/migrations/20260831_lowercase_oidc_provider_names.go:29.5,30.1 1 0
github.com/muety/wakapi/migrations/20260831_lowercase_oidc_provider_names.go:32.4,33.14 2 0
github.com/muety/wakapi/migrations/20260831_lowercase_oidc_provider_names.go:37.2,37.26 1 0
github.com/muety/wakapi/migrations/20260831_lowercase_oidc_provider_names.go:41.2,41.45 1 0
github.com/muety/wakapi/migrations/20260831_lowercase_oidc_provider_names.go:42.3,44.1 2 0
github.com/muety/wakapi/migrations/20260831_lowercase_oidc_provider_names.go:46.2,48.36 3 0
github.com/muety/wakapi/migrations/20260831_lowercase_oidc_provider_names.go:50.3,52.1 2 0
github.com/muety/wakapi/migrations/20260831_lowercase_oidc_provider_names.go:54.2,60.38 2 0
github.com/muety/wakapi/migrations/20260831_lowercase_oidc_provider_names.go:61.3,62.1 1 0
github.com/muety/wakapi/migrations/20260831_lowercase_oidc_provider_names.go:64.2,64.24 1 0
github.com/muety/wakapi/migrations/20260831_lowercase_oidc_provider_names.go:65.3,66.31 2 0
github.com/muety/wakapi/migrations/20260831_lowercase_oidc_provider_names.go:67.4,68.1 1 0
github.com/muety/wakapi/migrations/20260831_lowercase_oidc_provider_names.go:69.3,72.4 1 0
github.com/muety/wakapi/migrations/20260831_lowercase_oidc_provider_names.go:75.2,78.8 1 0
github.com/muety/wakapi/migrations/20260925_drop_orphaned_durations.go:18.2,22.50 2 0
github.com/muety/wakapi/migrations/20260925_drop_orphaned_durations.go:23.4,23.24 1 0
github.com/muety/wakapi/migrations/20260925_drop_orphaned_durations.go:24.5,25.1 1 0
github.com/muety/wakapi/migrations/20260925_drop_orphaned_durations.go:27.4,27.51 1 0
github.com/muety/wakapi/migrations/20260925_drop_orphaned_durations.go:28.5,29.1 1 0
github.com/muety/wakapi/migrations/20260925_drop_orphaned_durations.go:37.4,41.23 2 0
github.com/muety/wakapi/migrations/20260925_drop_orphaned_durations.go:42.5,43.1 1 0
github.com/muety/wakapi/migrations/20260925_drop_orphaned_durations.go:44.4,45.1 3 0
github.com/muety/wakapi/migrations/20260925_drop_orphaned_durations.go:46.4,47.14 3 0
github.com/muety/wakapi/migrations/20260925_drop_orphaned_durations.go:51.2,51.25 1 0
github.com/muety/wakapi/migrations/20260925_rename_summary_items_index_mysql.go:19.2,23.50 2 0
github.com/muety/wakapi/migrations/20260925_rename_summary_items_index_mysql.go:24.4,24.24 1 0
github.com/muety/wakapi/migrations/20260925_rename_summary_items_index_mysql.go:25.5,26.1 1 0
github.com/muety/wakapi/migrations/20260925_rename_summary_items_index_mysql.go:28.4,28.75 1 0
github.com/muety/wakapi/migrations/20260925_rename_summary_items_index_mysql.go:29.5,30.1 1 0
github.com/muety/wakapi/migrations/20260925_rename_summary_items_index_mysql.go:32.4,42.1 2 0
github.com/muety/wakapi/migrations/20260925_rename_summary_items_index_mysql.go:43.4,43.46 2 0
github.com/muety/wakapi/migrations/20260925_rename_summary_items_index_mysql.go:44.5,44.65 1 0
github.com/muety/wakapi/migrations/20260925_rename_summary_items_index_mysql.go:46.6,47.116 2 0
github.com/muety/wakapi/migrations/20260925_rename_summary_items_index_mysql.go:48.7,49.1 1 0
github.com/muety/wakapi/migrations/20260925_rename_summary_items_index_mysql.go:50.6,50.11 1 0
github.com/muety/wakapi/migrations/20260925_rename_summary_items_index_mysql.go:53.4,53.46 1 0
github.com/muety/wakapi/migrations/20260925_rename_summary_items_index_mysql.go:54.5,54.65 1 0
github.com/muety/wakapi/migrations/20260925_rename_summary_items_index_mysql.go:56.6,57.86 2 0
github.com/muety/wakapi/migrations/20260925_rename_summary_items_index_mysql.go:58.7,59.1 1 0
github.com/muety/wakapi/migrations/20260925_rename_summary_items_index_mysql.go:63.4,64.14 2 0
github.com/muety/wakapi/migrations/20260925_rename_summary_items_index_mysql.go:68.2,68.25 1 0
github.com/muety/wakapi/migrations/20260929_drop_durations_time_index.go:12.2,16.50 2 0
github.com/muety/wakapi/migrations/20260929_drop_durations_time_index.go:17.4,17.24 1 0
github.com/muety/wakapi/migrations/20260929_drop_durations_time_index.go:18.5,19.1 1 0
github.com/muety/wakapi/migrations/20260929_drop_durations_time_index.go:21.4,21.71 1 0
github.com/muety/wakapi/migrations/20260929_drop_durations_time_index.go:22.5,22.92 1 0
github.com/muety/wakapi/migrations/20260929_drop_durations_time_index.go:23.6,24.1 1 0
github.com/muety/wakapi/migrations/20260929_drop_durations_time_index.go:27.4,28.14 2 0
github.com/muety/wakapi/migrations/20260929_drop_durations_time_index.go:32.2,32.26 1 0
github.com/muety/wakapi/migrations/20261002_fix_neovim_wakatime_editor.go:11.2,15.50 2 0
github.com/muety/wakapi/migrations/20261002_fix_neovim_wakatime_editor.go:16.4,16.24 1 0
github.com/muety/wakapi/migrations/20261002_fix_neovim_wakatime_editor.go:17.5,18.1 1 0
github.com/muety/wakapi/migrations/20261002_fix_neovim_wakatime_editor.go:20.4,26.26 1 0
github.com/muety/wakapi/migrations/20261002_fix_neovim_wakatime_editor.go:27.5,28.1 1 0
github.com/muety/wakapi/migrations/20261002_fix_neovim_wakatime_editor.go:30.4,31.14 2 0
github.com/muety/wakapi/migrations/20261002_fix_neovim_wakatime_editor.go:35.2,35.26 1 0
github.com/muety/wakapi/migrations/migrations.go:31.2,31.24 1 0
github.com/muety/wakapi/migrations/migrations.go:33.3,33.34 1 0
github.com/muety/wakapi/migrations/migrations.go:34.4,34.92 1 0
github.com/muety/wakapi/migrations/migrations.go:35.5,36.1 1 0
github.com/muety/wakapi/migrations/migrations.go:37.4,37.106 1 0
github.com/muety/wakapi/migrations/migrations.go:38.5,39.1 1 0
github.com/muety/wakapi/migrations/migrations.go:40.4,40.102 1 0
github.com/muety/wakapi/migrations/migrations.go:41.5,42.1 1 0
github.com/muety/wakapi/migrations/migrations.go:43.4,43.93 1 0
github.com/muety/wakapi/migrations/migrations.go:44.5,45.1 1 0
github.com/muety/wakapi/migrations/migrations.go:46.4,46.97 1 0
github.com/muety/wakapi/migrations/migrations.go:47.5,48.1 1 0
github.com/muety/wakapi/migrations/migrations.go:49.4,49.95 1 0
github.com/muety/wakapi/migrations/migrations.go:50.5,51.1 1 0
github.com/muety/wakapi/migrations/migrations.go:52.4,52.99 1 0
github.com/muety/wakapi/migrations/migrations.go:53.5,54.1 1 0
github.com/muety/wakapi/migrations/migrations.go:55.4,55.103 1 0
github.com/muety/wakapi/migrations/migrations.go:56.5,57.1 1 0
github.com/muety/wakapi/migrations/migrations.go:58.4,58.100 1 0
github.com/muety/wakapi/migrations/migrations.go:59.5,60.1 1 0
github.com/muety/wakapi/migrations/migrations.go:61.4,61.99 1 0
github.com/muety/wakapi/migrations/migrations.go:62.5,63.1 1 0
github.com/muety/wakapi/migrations/migrations.go:64.4,64.103 1 0
github.com/muety/wakapi/migrations/migrations.go:65.5,66.1 1 0
github.com/muety/wakapi/migrations/migrations.go:67.4,67.96 1 0
github.com/muety/wakapi/migrations/migrations.go:68.5,69.1 1 0
github.com/muety/wakapi/migrations/migrations.go:70.4,70.94 1 0
github.com/muety/wakapi/migrations/migrations.go:71.5,72.1 1 0
github.com/muety/wakapi/migrations/migrations.go:73.4,73.14 1 0
github.com/muety/wakapi/migrations/migrations.go:79.2,80.1 1 0
github.com/muety/wakapi/migrations/migrations.go:83.2,84.1 1 0
github.com/muety/wakapi/migrations/migrations.go:87.2,90.1 3 0
github.com/muety/wakapi/migrations/migrations.go:93.2,94.50 2 0
github.com/muety/wakapi/migrations/migrations.go:95.3,96.1 1 0
github.com/muety/wakapi/migrations/migrations.go:100.2,101.1 2 0
github.com/muety/wakapi/migrations/migrations.go:102.2,102.34 2 0
github.com/muety/wakapi/migrations/migrations.go:103.3,104.38 2 0
github.com/muety/wakapi/migrations/migrations.go:105.4,106.1 1 0
github.com/muety/wakapi/migrations/migrations.go:111.2,112.1 2 0
github.com/muety/wakapi/migrations/migrations.go:113.2,113.35 2 0
github.com/muety/wakapi/migrations/migrations.go:114.3,115.1 2 0
github.com/muety/wakapi/migrations/migrations.go:116.3,116.32 2 0
github.com/muety/wakapi/migrations/migrations.go:117.4,117.39 1 0
github.com/muety/wakapi/migrations/migrations.go:118.5,119.1 1 0
github.com/muety/wakapi/migrations/migrations.go:122.3,122.19 1 0
github.com/muety/wakapi/migrations/migrations.go:123.4,124.1 1 0
github.com/muety/wakapi/migrations/migrations.go:125.4,126.1 1 0
github.com/muety/wakapi/migrations/migrations.go:131.2,132.1 1 0
github.com/muety/wakapi/migrations/migrations.go:135.2,136.1 1 0
github.com/muety/wakapi/migrations/migrations.go:139.2,140.1 1 0
github.com/muety/wakapi/migrations/shared.go:22.2,23.1 3 0
github.com/muety/wakapi/migrations/shared.go:24.2,25.64 3 0
github.com/muety/wakapi/migrations/shared.go:26.3,28.1 2 0
github.com/muety/wakapi/migrations/shared.go:29.2,29.14 1 0
github.com/muety/wakapi/migrations/shared.go:33.2,36.23 1 0
github.com/muety/wakapi/migrations/shared.go:37.3,38.1 1 0
github.com/muety/wakapi/migrations/shared.go:43.2,43.37 1 0
github.com/muety/wakapi/migrations/shared.go:44.3,45.1 1 0
github.com/muety/wakapi/migrations/shared.go:47.2,47.126 1 0
github.com/muety/wakapi/migrations/shared.go:48.3,49.1 1 0
github.com/muety/wakapi/migrations/shared.go:51.2,51.175 1 0
github.com/muety/wakapi/migrations/shared.go:52.3,53.1 1 0
github.com/muety/wakapi/migrations/shared.go:55.2,56.16 2 0
github.com/muety/wakapi/migrations/shared.go:57.3,58.1 1 0
github.com/muety/wakapi/migrations/shared.go:59.2,60.1 3 0
github.com/muety/wakapi/migrations/shared.go:61.2,62.18 3 0
github.com/muety/wakapi/migrations/shared.go:63.3,64.42 2 0
github.com/muety/wakapi/migrations/shared.go:65.4,66.1 1 0
github.com/muety/wakapi/migrations/shared.go:67.3,67.42 1 0
github.com/muety/wakapi/migrations/shared.go:69.2,70.1 2 0
github.com/muety/wakapi/migrations/shared.go:71.2,71.35 2 0
github.com/muety/wakapi/migrations/shared.go:72.3,73.54 2 0
github.com/muety/wakapi/migrations/shared.go:74.4,76.1 2 0
github.com/muety/wakapi/migrations/shared.go:79.2,79.12 1 0
github.com/muety/wakapi/migrations/shared.go:84.2,84.37 1 0
github.com/muety/wakapi/migrations/shared.go:85.3,86.1 1 0
github.com/muety/wakapi/migrations/shared.go:88.2,88.46 1 0
github.com/muety/wakapi/migrations/shared.go:89.3,90.1 1 0
github.com/muety/wakapi/migrations/shared.go:92.2,93.16 2 0
github.com/muety/wakapi/migrations/shared.go:94.3,95.1 1 0
github.com/muety/wakapi/migrations/shared.go:96.2,97.1 4 0
github.com/muety/wakapi/migrations/shared.go:98.2,101.1 4 0
github.com/muety/wakapi/migrations/shared.go:102.2,103.1 4 0
github.com/muety/wakapi/migrations/shared.go:104.2,104.18 4 0
github.com/muety/wakapi/migrations/shared.go:105.3,106.52 2 0
github.com/muety/wakapi/migrations/shared.go:107.4,108.1 1 0
github.com/muety/wakapi/migrations/shared.go:109.3,109.31 1 0
github.com/muety/wakapi/migrations/shared.go:111.2,112.1 2 0
github.com/muety/wakapi/migrations/shared.go:113.2,113.28 2 0
github.com/muety/wakapi/migrations/shared.go:114.3,115.130 2 0
github.com/muety/wakapi/migrations/shared.go:116.4,117.1 1 0
github.com/muety/wakapi/migrations/shared.go:119.3,119.16 1 0
github.com/muety/wakapi/migrations/shared.go:120.4,121.12 2 0
github.com/muety/wakapi/migrations/shared.go:124.3,125.46 2 0
github.com/muety/wakapi/migrations/shared.go:126.4,128.1 2 0
github.com/muety/wakapi/migrations/shared.go:131.2,131.71 1 0
github.com/muety/wakapi/migrations/shared.go:132.3,134.1 2 0
github.com/muety/wakapi/migrations/shared.go:136.2,136.12 1 0
github.com/muety/wakapi/migrations/shared.go:141.2,141.37 1 0
github.com/muety/wakapi/migrations/shared.go:142.3,143.1 1 0
github.com/muety/wakapi/migrations/shared.go:144.2,144.78 1 0
github.com/muety/wakapi/migrations/shared.go:148.2,149.96 2 0
github.com/muety/wakapi/migrations/shared.go:150.3,151.1 1 0
github.com/muety/wakapi/migrations/shared.go:152.2,152.20 1 0
github.com/muety/wakapi/migrations/shared.go:153.3,154.1 1 0
github.com/muety/wakapi/migrations/shared.go:156.2,156.25 1 0
github.com/muety/wakapi/migrations/shared.go:157.3,157.24 1 0
github.com/muety/wakapi/migrations/shared.go:158.4,159.1 1 0
github.com/muety/wakapi/migrations/shared.go:162.2,162.43 1 0
github.com/muety/wakapi/migrations/shared.go:166.2,167.16 2 0
github.com/muety/wakapi/migrations/shared.go:168.3,169.1 1 0
github.com/muety/wakapi/migrations/shared.go:170.2,170.18 1 0
github.com/muety/wakapi/migrations/shared.go:171.3,172.1 1 0
github.com/muety/wakapi/migrations/shared.go:174.2,175.16 2 0
github.com/muety/wakapi/migrations/shared.go:176.3,177.1 1 0
github.com/muety/wakapi/migrations/shared.go:179.2,181.1 4 0
github.com/muety/wakapi/migrations/shared.go:182.2,183.16 4 0
github.com/muety/wakapi/migrations/shared.go:184.3,185.1 1 0
github.com/muety/wakapi/migrations/shared.go:186.2,187.1 3 0
github.com/muety/wakapi/migrations/shared.go:188.2,189.16 3 0
github.com/muety/wakapi/migrations/shared.go:190.3,191.1 1 0
github.com/muety/wakapi/migrations/shared.go:192.2,193.1 4 0
github.com/muety/wakapi/migrations/shared.go:194.2,196.1 4 0
github.com/muety/wakapi/migrations/shared.go:197.2,197.54 4 0
github.com/muety/wakapi/migrations/shared.go:198.3,199.1 1 0
github.com/muety/wakapi/migrations/shared.go:201.2,201.12 1 0
github.com/muety/wakapi/models/compat/wakatime/v1/all_time.go:31.2,46.1 3 0
github.com/muety/wakapi/models/compat/wakatime/v1/heartbeat.go:29.2,29.76 1 0
github.com/muety/wakapi/models/compat/wakatime/v1/heartbeat.go:30.3,31.1 1 0
github.com/muety/wakapi/models/compat/wakatime/v1/heartbeat.go:35.2,35.76 1 0
github.com/muety/wakapi/models/compat/wakatime/v1/heartbeat.go:36.3,37.1 1 0
github.com/muety/wakapi/models/compat/wakatime/v1/heartbeat.go:91.2,92.36 2 0
github.com/muety/wakapi/models/compat/wakatime/v1/heartbeat.go:93.3,120.1 2 0
github.com/muety/wakapi/models/compat/wakatime/v1/heartbeat.go:122.2,122.12 1 0
github.com/muety/wakapi/models/compat/wakatime/v1/stats.go:45.2,47.1 4 0
github.com/muety/wakapi/models/compat/wakatime/v1/stats.go:48.2,58.1 4 0
github.com/muety/wakapi/models/compat/wakatime/v1/stats.go:60.2,60.17 4 0
github.com/muety/wakapi/models/compat/wakatime/v1/stats.go:61.3,63.1 2 0
github.com/muety/wakapi/models/compat/wakatime/v1/stats.go:64.2,64.71 1 0
github.com/muety/wakapi/models/compat/wakatime/v1/stats.go:65.3,66.1 1 0
github.com/muety/wakapi/models/compat/wakatime/v1/stats.go:68.2,69.36 2 0
github.com/muety/wakapi/models/compat/wakatime/v1/stats.go:70.3,71.1 1 0
github.com/muety/wakapi/models/compat/wakatime/v1/stats.go:73.2,74.38 2 0
github.com/muety/wakapi/models/compat/wakatime/v1/stats.go:75.3,76.1 1 0
github.com/muety/wakapi/models/compat/wakatime/v1/stats.go:78.2,79.37 2 0
github.com/muety/wakapi/models/compat/wakatime/v1/stats.go:80.3,81.1 1 0
github.com/muety/wakapi/models/compat/wakatime/v1/stats.go:83.2,84.37 2 0
github.com/muety/wakapi/models/compat/wakatime/v1/stats.go:85.3,86.1 1 0
github.com/muety/wakapi/models/compat/wakatime/v1/stats.go:88.2,89.45 2 0
github.com/muety/wakapi/models/compat/wakatime/v1/stats.go:90.3,91.1 1 0
github.com/muety/wakapi/models/compat/wakatime/v1/stats.go:93.2,94.37 2 0
github.com/muety/wakapi/models/compat/wakatime/v1/stats.go:95.3,96.1 1 0
github.com/muety/wakapi/models/compat/wakatime/v1/stats.go:98.2,99.39 2 0
github.com/muety/wakapi/models/compat/wakatime/v1/stats.go:100.3,101.1 1 0
github.com/muety/wakapi/models/compat/wakatime/v1/stats.go:105.2,112.1 8 0
github.com/muety/wakapi/models/compat/wakatime/v1/stats.go:113.2,113.29 8 0
github.com/muety/wakapi/models/compat/wakatime/v1/stats.go:114.3,115.1 1 0
github.com/muety/wakapi/models/compat/wakatime/v1/stats.go:117.2,119.1 1 0
github.com/muety/wakapi/models/compat/wakatime/v1/summaries.go:87.2,88.44 2 0
github.com/muety/wakapi/models/compat/wakatime/v1/summaries.go:89.3,94.1 1 0
github.com/muety/wakapi/models/compat/wakatime/v1/summaries.go:95.2,95.34 1 0
github.com/muety/wakapi/models/compat/wakatime/v1/summaries.go:99.2,101.1 3 0
github.com/muety/wakapi/models/compat/wakatime/v1/summaries.go:102.2,102.30 3 0
github.com/muety/wakapi/models/compat/wakatime/v1/summaries.go:103.3,104.1 2 0
github.com/muety/wakapi/models/compat/wakatime/v1/summaries.go:105.3,105.37 2 0
github.com/muety/wakapi/models/compat/wakatime/v1/summaries.go:106.4,107.1 1 0
github.com/muety/wakapi/models/compat/wakatime/v1/summaries.go:108.3,108.34 1 0
github.com/muety/wakapi/models/compat/wakatime/v1/summaries.go:109.4,110.1 1 0
github.com/muety/wakapi/models/compat/wakatime/v1/summaries.go:113.2,115.30 3 0
github.com/muety/wakapi/models/compat/wakatime/v1/summaries.go:116.3,119.1 3 0
github.com/muety/wakapi/models/compat/wakatime/v1/summaries.go:121.2,125.1 5 0
github.com/muety/wakapi/models/compat/wakatime/v1/summaries.go:126.2,145.1 5 0
github.com/muety/wakapi/models/compat/wakatime/v1/summaries.go:149.2,152.1 7 0
github.com/muety/wakapi/models/compat/wakatime/v1/summaries.go:153.2,177.1 7 0
github.com/muety/wakapi/models/compat/wakatime/v1/summaries.go:179.2,180.1 7 0
github.com/muety/wakapi/models/compat/wakatime/v1/summaries.go:181.2,182.67 7 0
github.com/muety/wakapi/models/compat/wakatime/v1/summaries.go:183.3,184.32 2 0
github.com/muety/wakapi/models/compat/wakatime/v1/summaries.go:185.4,186.1 1 0
github.com/muety/wakapi/models/compat/wakatime/v1/summaries.go:189.2,190.67 2 0
github.com/muety/wakapi/models/compat/wakatime/v1/summaries.go:191.3,192.31 2 0
github.com/muety/wakapi/models/compat/wakatime/v1/summaries.go:193.4,194.1 1 0
github.com/muety/wakapi/models/compat/wakatime/v1/summaries.go:197.2,198.67 2 0
github.com/muety/wakapi/models/compat/wakatime/v1/summaries.go:199.3,200.33 2 0
github.com/muety/wakapi/models/compat/wakatime/v1/summaries.go:201.4,202.1 1 0
github.com/muety/wakapi/models/compat/wakatime/v1/summaries.go:205.2,206.67 2 0
github.com/muety/wakapi/models/compat/wakatime/v1/summaries.go:207.3,208.40 2 0
github.com/muety/wakapi/models/compat/wakatime/v1/summaries.go:209.4,210.1 1 0
github.com/muety/wakapi/models/compat/wakatime/v1/summaries.go:213.2,214.67 2 0
github.com/muety/wakapi/models/compat/wakatime/v1/summaries.go:215.3,216.32 2 0
github.com/muety/wakapi/models/compat/wakatime/v1/summaries.go:217.4,218.1 1 0
github.com/muety/wakapi/models/compat/wakatime/v1/summaries.go:221.2,222.67 2 0
github.com/muety/wakapi/models/compat/wakatime/v1/summaries.go:223.3,224.32 2 0
github.com/muety/wakapi/models/compat/wakatime/v1/summaries.go:225.4,226.1 1 0
github.com/muety/wakapi/models/compat/wakatime/v1/summaries.go:229.2,230.67 2 0
github.com/muety/wakapi/models/compat/wakatime/v1/summaries.go:231.3,232.32 2 0
github.com/muety/wakapi/models/compat/wakatime/v1/summaries.go:233.4,234.1 1 0
github.com/muety/wakapi/models/compat/wakatime/v1/summaries.go:237.2,238.67 2 0
github.com/muety/wakapi/models/compat/wakatime/v1/summaries.go:239.3,240.34 2 0
github.com/muety/wakapi/models/compat/wakatime/v1/summaries.go:241.4,242.1 1 0
github.com/muety/wakapi/models/compat/wakatime/v1/summaries.go:245.2,245.23 1 0
github.com/muety/wakapi/models/compat/wakatime/v1/summaries.go:246.3,247.1 1 0
github.com/muety/wakapi/models/compat/wakatime/v1/summaries.go:248.2,248.23 1 0
github.com/muety/wakapi/models/compat/wakatime/v1/summaries.go:249.3,250.1 1 0
github.com/muety/wakapi/models/compat/wakatime/v1/summaries.go:252.2,253.13 2 0
github.com/muety/wakapi/models/compat/wakatime/v1/summaries.go:257.2,262.57 6 0
github.com/muety/wakapi/models/compat/wakatime/v1/summaries.go:263.3,264.1 1 0
github.com/muety/wakapi/models/compat/wakatime/v1/summaries.go:266.2,275.1 1 0
github.com/muety/wakapi/models/compat/wakatime/v1/user.go:39.2,41.25 3 0
github.com/muety/wakapi/models/compat/wakatime/v1/user.go:42.3,43.1 1 0
github.com/muety/wakapi/models/compat/wakatime/v1/user.go:45.2,46.1 2 0
github.com/muety/wakapi/models/compat/wakatime/v1/user.go:47.2,47.43 2 0
github.com/muety/wakapi/models/compat/wakatime/v1/user.go:48.3,49.1 1 0
github.com/muety/wakapi/models/compat/wakatime/v1/user.go:51.2,60.1 1 0
github.com/muety/wakapi/models/compat/wakatime/v1/user.go:64.2,68.1 4 0
github.com/muety/wakapi/models/compat/wakatime/v1/user_agent.go:28.2,36.1 8 0
github.com/muety/wakapi/models/view/common.go:30.2,33.1 2 0
github.com/muety/wakapi/models/view/common.go:34.2,34.21 2 0
github.com/muety/wakapi/models/view/common.go:35.3,36.1 1 0
github.com/muety/wakapi/models/view/common.go:37.2,37.11 1 0
github.com/muety/wakapi/models/view/common.go:41.2,42.1 1 0
github.com/muety/wakapi/models/view/common.go:45.2,46.1 1 0
github.com/muety/wakapi/models/view/common.go:49.2,49.19 1 0
github.com/muety/wakapi/models/view/common.go:50.3,51.1 1 0
github.com/muety/wakapi/models/view/common.go:52.2,52.11 1 0
github.com/muety/wakapi/models/view/home.go:17.2,19.1 2 0
github.com/muety/wakapi/models/view/home.go:22.2,24.1 2 0
github.com/muety/wakapi/models/view/imprint.go:9.2,11.1 2 0
github.com/muety/wakapi/models/view/imprint.go:14.2,16.1 2 0
github.com/muety/wakapi/models/view/imprint.go:19.2,21.1 2 0
github.com/muety/wakapi/models/view/leaderboard.go:21.2,23.1 2 0
github.com/muety/wakapi/models/view/leaderboard.go:26.2,28.1 2 0
github.com/muety/wakapi/models/view/leaderboard.go:31.2,31.53 1 0
github.com/muety/wakapi/models/view/leaderboard.go:32.3,33.1 1 0
github.com/muety/wakapi/models/view/leaderboard.go:34.2,34.20 1 0
github.com/muety/wakapi/models/view/leaderboard.go:35.3,36.1 1 0
github.com/muety/wakapi/models/view/leaderboard.go:37.2,37.20 1 0
github.com/muety/wakapi/models/view/leaderboard.go:38.3,39.1 1 0
github.com/muety/wakapi/models/view/leaderboard.go:40.2,40.20 1 0
github.com/muety/wakapi/models/view/leaderboard.go:41.3,42.1 1 0
github.com/muety/wakapi/models/view/leaderboard.go:43.2,43.18 1 0
github.com/muety/wakapi/models/view/leaderboard.go:47.2,48.1 1 0
github.com/muety/wakapi/models/view/leaderboard.go:51.2,52.19 2 0
github.com/muety/wakapi/models/view/leaderboard.go:53.3,54.1 1 0
github.com/muety/wakapi/models/view/leaderboard.go:55.2,55.56 1 0
github.com/muety/wakapi/models/view/login.go:25.2,26.1 1 0
github.com/muety/wakapi/models/view/login.go:29.2,31.1 2 0
github.com/muety/wakapi/models/view/login.go:34.2,36.1 2 0
github.com/muety/wakapi/models/view/projects.go:21.2,22.1 1 0
github.com/muety/wakapi/models/view/projects.go:25.2,28.1 3 0
github.com/muety/wakapi/models/view/projects.go:31.2,33.1 2 0
github.com/muety/wakapi/models/view/projects.go:36.2,38.1 2 0
github.com/muety/wakapi/models/view/projects.go:41.2,41.21 1 0
github.com/muety/wakapi/models/view/projects.go:42.3,42.122 1 0
github.com/muety/wakapi/models/view/projects.go:43.4,44.1 1 0
github.com/muety/wakapi/models/view/projects.go:46.2,46.36 1 0
github.com/muety/wakapi/models/view/projects.go:50.2,57.1 3 0
github.com/muety/wakapi/models/view/settings.go:44.2,45.1 1 0
github.com/muety/wakapi/models/view/settings.go:48.2,50.1 2 0
github.com/muety/wakapi/models/view/settings.go:53.2,55.1 2 0
github.com/muety/wakapi/models/view/setup.go:8.2,10.1 2 0
github.com/muety/wakapi/models/view/setup.go:13.2,15.1 2 0
github.com/muety/wakapi/models/view/summary.go:63.2,64.36 2 0
github.com/muety/wakapi/models/view/summary.go:65.3,67.100 1 0
github.com/muety/wakapi/models/view/summary.go:68.5,71.1 1 0
github.com/muety/wakapi/models/view/summary.go:75.2,75.11 1 0
github.com/muety/wakapi/models/view/summary.go:79.2,80.78 1 0
github.com/muety/wakapi/models/view/summary.go:81.4,86.1 1 0
github.com/muety/wakapi/models/view/summary.go:89.2,89.109 1 0
github.com/muety/wakapi/models/view/summary.go:90.3,93.1 3 0
github.com/muety/wakapi/models/view/summary.go:95.2,95.25 1 0
github.com/muety/wakapi/models/view/summary.go:99.2,99.86 1 0
github.com/muety/wakapi/models/view/summary.go:99.88,99.109 1 0
github.com/muety/wakapi/models/view/summary.go:101.2,102.49 2 0
github.com/muety/wakapi/models/view/summary.go:103.3,107.1 1 0
github.com/muety/wakapi/models/view/summary.go:109.2,109.124 1 0
github.com/muety/wakapi/models/view/summary.go:110.3,110.65 1 0
github.com/muety/wakapi/models/view/summary.go:111.4,112.1 1 0
github.com/muety/wakapi/models/view/summary.go:113.3,113.14 1 0
github.com/muety/wakapi/models/view/summary.go:116.2,116.30 1 0
github.com/muety/wakapi/models/view/summary.go:120.2,126.1 2 0
github.com/muety/wakapi/models/view/summary.go:129.2,131.1 2 0
github.com/muety/wakapi/models/view/summary.go:134.2,136.1 2 0
github.com/muety/wakapi/models/view/utils.go:7.2,32.1 2 0
github.com/muety/wakapi/models/view/utils.go:33.2,33.55 2 0
github.com/muety/wakapi/models/view/utils.go:34.3,35.1 1 0
github.com/muety/wakapi/models/view/utils.go:36.2,36.11 1 0
github.com/muety/wakapi/models/view/utils.go:40.2,48.1 3 0
github.com/muety/wakapi/models/view/utils.go:49.2,51.1 3 0
github.com/muety/wakapi/mocks/alias_repository.go:14.2,16.1 2 0
github.com/muety/wakapi/mocks/alias_repository.go:19.2,21.1 2 0
github.com/muety/wakapi/mocks/alias_repository.go:24.2,26.1 2 0
github.com/muety/wakapi/mocks/alias_repository.go:29.2,31.1 2 0
github.com/muety/wakapi/mocks/alias_repository.go:34.2,36.1 2 0
github.com/muety/wakapi/mocks/alias_repository.go:39.2,41.1 2 0
github.com/muety/wakapi/mocks/alias_repository.go:44.2,46.1 2 0
github.com/muety/wakapi/mocks/alias_repository.go:49.2,51.1 2 0
github.com/muety/wakapi/mocks/alias_service.go:13.2,15.1 2 0
github.com/muety/wakapi/mocks/alias_service.go:18.2,20.1 2 0
github.com/muety/wakapi/mocks/alias_service.go:23.2,25.1 2 0
github.com/muety/wakapi/mocks/alias_service.go:28.2,30.1 2 0
github.com/muety/wakapi/mocks/alias_service.go:33.2,35.1 2 0
github.com/muety/wakapi/mocks/alias_service.go:38.2,40.1 2 0
github.com/muety/wakapi/mocks/alias_service.go:43.2,45.1 2 0
github.com/muety/wakapi/mocks/alias_service.go:48.2,50.1 2 0
github.com/muety/wakapi/mocks/alias_service.go:53.2,55.1 2 0
github.com/muety/wakapi/mocks/api_key_service.go:13.2,14.24 2 0
github.com/muety/wakapi/mocks/api_key_service.go:15.3,16.1 1 0
github.com/muety/wakapi/mocks/api_key_service.go:17.2,17.52 1 0
github.com/muety/wakapi/mocks/api_key_service.go:21.2,22.24 2 0
github.com/muety/wakapi/mocks/api_key_service.go:23.3,24.1 1 0
github.com/muety/wakapi/mocks/api_key_service.go:25.2,25.54 1 0
github.com/muety/wakapi/mocks/api_key_service.go:29.2,30.24 2 0
github.com/muety/wakapi/mocks/api_key_service.go:31.3,32.1 1 0
github.com/muety/wakapi/mocks/api_key_service.go:33.2,33.52 1 0
github.com/muety/wakapi/mocks/api_key_service.go:37.2,39.1 2 0
github.com/muety/wakapi/mocks/base_repository.go:13.2,15.1 2 0
github.com/muety/wakapi/mocks/base_repository.go:18.2,20.1 2 0
github.com/muety/wakapi/mocks/base_repository.go:23.2,25.1 2 0
github.com/muety/wakapi/mocks/base_repository.go:28.2,30.1 2 0
github.com/muety/wakapi/mocks/base_repository.go:32.50,32.50 0 0
github.com/muety/wakapi/mocks/duration_repository.go:16.2,18.1 2 0
github.com/muety/wakapi/mocks/duration_repository.go:21.2,23.1 2 0
github.com/muety/wakapi/mocks/duration_repository.go:26.2,28.1 2 0
github.com/muety/wakapi/mocks/duration_repository.go:31.2,33.1 2 0
github.com/muety/wakapi/mocks/duration_repository.go:36.2,38.1 2 0
github.com/muety/wakapi/mocks/duration_repository.go:41.2,43.1 2 0
github.com/muety/wakapi/mocks/duration_repository.go:46.2,48.1 2 0
github.com/muety/wakapi/mocks/duration_repository.go:51.2,53.1 2 0
github.com/muety/wakapi/mocks/duration_repository.go:56.2,58.1 2 0
github.com/muety/wakapi/mocks/duration_repository.go:61.2,63.1 2 0
github.com/muety/wakapi/mocks/duration_repository.go:66.2,68.1 2 0
github.com/muety/wakapi/mocks/duration_repository.go:71.2,73.1 2 0
github.com/muety/wakapi/mocks/duration_service.go:15.2,17.1 2 0
github.com/muety/wakapi/mocks/duration_service.go:20.2,21.1 1 0
github.com/muety/wakapi/mocks/duration_service.go:23.48,23.48 0 0
github.com/muety/wakapi/mocks/duration_service.go:27.2,29.1 2 0
github.com/muety/wakapi/mocks/duration_service.go:32.2,34.1 2 0
github.com/muety/wakapi/mocks/duration_service.go:37.2,39.1 2 0
github.com/muety/wakapi/mocks/heartbeat_repository.go:16.2,18.1 2 0
github.com/muety/wakapi/mocks/heartbeat_repository.go:21.2,22.24 2 0
github.com/muety/wakapi/mocks/heartbeat_repository.go:23.3,24.1 1 0
github.com/muety/wakapi/mocks/heartbeat_repository.go:25.2,25.27 1 0
github.com/muety/wakapi/mocks/heartbeat_repository.go:29.2,30.24 2 0
github.com/muety/wakapi/mocks/heartbeat_repository.go:31.3,32.1 1 0
github.com/muety/wakapi/mocks/heartbeat_repository.go:33.2,33.27 1 0
github.com/muety/wakapi/mocks/heartbeat_repository.go:37.2,38.24 2 0
github.com/muety/wakapi/mocks/heartbeat_repository.go:39.3,40.1 1 0
github.com/muety/wakapi/mocks/heartbeat_repository.go:41.2,41.27 1 0
github.com/muety/wakapi/mocks/heartbeat_repository.go:45.2,46.24 2 0
github.com/muety/wakapi/mocks/heartbeat_repository.go:47.3,48.1 1 0
github.com/muety/wakapi/mocks/heartbeat_repository.go:49.2,49.27 1 0
github.com/muety/wakapi/mocks/heartbeat_repository.go:53.2,54.24 2 0
github.com/muety/wakapi/mocks/heartbeat_repository.go:55.3,56.1 1 0
github.com/muety/wakapi/mocks/heartbeat_repository.go:57.2,57.27 1 0
github.com/muety/wakapi/mocks/heartbeat_repository.go:61.2,62.24 2 0
github.com/muety/wakapi/mocks/heartbeat_repository.go:63.3,64.1 1 0
github.com/muety/wakapi/mocks/heartbeat_repository.go:65.2,65.27 1 0
github.com/muety/wakapi/mocks/heartbeat_repository.go:69.2,70.24 2 0
github.com/muety/wakapi/mocks/heartbeat_repository.go:71.3,72.1 1 0
github.com/muety/wakapi/mocks/heartbeat_repository.go:73.2,73.27 1 0
github.com/muety/wakapi/mocks/heartbeat_repository.go:77.2,78.24 2 0
github.com/muety/wakapi/mocks/heartbeat_repository.go:79.3,80.1 1 0
github.com/muety/wakapi/mocks/heartbeat_repository.go:81.2,81.27 1 0
github.com/muety/wakapi/mocks/heartbeat_repository.go:85.2,86.24 2 0
github.com/muety/wakapi/mocks/heartbeat_repository.go:87.3,88.1 1 0
github.com/muety/wakapi/mocks/heartbeat_repository.go:89.2,89.27 1 0
github.com/muety/wakapi/mocks/heartbeat_repository.go:93.2,94.24 2 0
github.com/muety/wakapi/mocks/heartbeat_repository.go:95.3,96.1 1 0
github.com/muety/wakapi/mocks/heartbeat_repository.go:97.2,97.27 1 0
github.com/muety/wakapi/mocks/heartbeat_repository.go:101.2,102.24 2 0
github.com/muety/wakapi/mocks/heartbeat_repository.go:103.3,104.1 1 0
github.com/muety/wakapi/mocks/heartbeat_repository.go:105.2,105.27 1 0
github.com/muety/wakapi/mocks/heartbeat_repository.go:109.2,110.24 2 0
github.com/muety/wakapi/mocks/heartbeat_repository.go:111.3,112.1 1 0
github.com/muety/wakapi/mocks/heartbeat_repository.go:113.2,113.27 1 0
github.com/muety/wakapi/mocks/heartbeat_repository.go:117.2,118.24 2 0
github.com/muety/wakapi/mocks/heartbeat_repository.go:119.3,120.1 1 0
github.com/muety/wakapi/mocks/heartbeat_repository.go:121.2,121.27 1 0
github.com/muety/wakapi/mocks/heartbeat_repository.go:125.2,126.24 2 0
github.com/muety/wakapi/mocks/heartbeat_repository.go:127.3,128.1 1 0
github.com/muety/wakapi/mocks/heartbeat_repository.go:129.2,129.27 1 0
github.com/muety/wakapi/mocks/heartbeat_repository.go:133.2,135.1 2 0
github.com/muety/wakapi/mocks/heartbeat_repository.go:138.2,140.1 2 0
github.com/muety/wakapi/mocks/heartbeat_repository.go:143.2,144.24 2 0
github.com/muety/wakapi/mocks/heartbeat_repository.go:145.3,146.1 1 0
github.com/muety/wakapi/mocks/heartbeat_repository.go:147.2,147.27 1 0
github.com/muety/wakapi/mocks/heartbeat_repository.go:151.2,152.24 2 0
github.com/muety/wakapi/mocks/heartbeat_repository.go:153.3,154.1 1 0
github.com/muety/wakapi/mocks/heartbeat_repository.go:155.2,155.27 1 0
github.com/muety/wakapi/mocks/heartbeat_repository.go:159.2,161.1 2 0
github.com/muety/wakapi/mocks/heartbeat_repository.go:164.2,166.1 2 0
github.com/muety/wakapi/mocks/heartbeat_repository.go:169.2,171.1 2 0
github.com/muety/wakapi/mocks/heartbeat_repository.go:174.2,175.24 2 0
github.com/muety/wakapi/mocks/heartbeat_repository.go:176.3,177.1 1 0
github.com/muety/wakapi/mocks/heartbeat_repository.go:178.2,178.27 1 0
github.com/muety/wakapi/mocks/heartbeat_repository.go:182.2,183.24 2 0
github.com/muety/wakapi/mocks/heartbeat_repository.go:184.3,185.1 1 0
github.com/muety/wakapi/mocks/heartbeat_repository.go:186.2,186.27 1 0
github.com/muety/wakapi/mocks/heartbeat_service.go:16.2,18.1 2 0
github.com/muety/wakapi/mocks/heartbeat_service.go:21.2,23.1 2 0
github.com/muety/wakapi/mocks/heartbeat_service.go:26.2,28.1 2 0
github.com/muety/wakapi/mocks/heartbeat_service.go:31.2,33.1 2 0
github.com/muety/wakapi/mocks/heartbeat_service.go:36.2,38.1 2 0
github.com/muety/wakapi/mocks/heartbeat_service.go:41.2,43.1 2 0
github.com/muety/wakapi/mocks/heartbeat_service.go:46.2,48.1 2 0
github.com/muety/wakapi/mocks/heartbeat_service.go:51.2,53.1 2 0
github.com/muety/wakapi/mocks/heartbeat_service.go:56.2,58.1 2 0
github.com/muety/wakapi/mocks/heartbeat_service.go:61.2,63.1 2 0
github.com/muety/wakapi/mocks/heartbeat_service.go:66.2,68.1 2 0
github.com/muety/wakapi/mocks/heartbeat_service.go:71.2,73.1 2 0
github.com/muety/wakapi/mocks/heartbeat_service.go:76.2,78.1 2 0
github.com/muety/wakapi/mocks/heartbeat_service.go:81.2,83.1 2 0
github.com/muety/wakapi/mocks/heartbeat_service.go:86.2,88.1 2 0
github.com/muety/wakapi/mocks/heartbeat_service.go:91.2,93.1 2 0
github.com/muety/wakapi/mocks/heartbeat_service.go:96.2,98.1 2 0
github.com/muety/wakapi/mocks/heartbeat_service.go:101.2,103.1 2 0
github.com/muety/wakapi/mocks/heartbeat_service.go:106.2,108.1 2 0
github.com/muety/wakapi/mocks/heartbeat_service.go:111.2,113.1 2 0
github.com/muety/wakapi/mocks/heartbeat_service.go:116.2,118.1 2 0
github.com/muety/wakapi/mocks/heartbeat_service.go:121.2,123.1 2 0
github.com/muety/wakapi/mocks/heartbeat_service.go:126.2,128.1 2 0
github.com/muety/wakapi/mocks/heartbeat_service.go:131.2,133.1 2 0
github.com/muety/wakapi/mocks/heartbeat_service.go:136.2,138.1 2 0
github.com/muety/wakapi/mocks/key_value_service.go:14.2,16.1 2 0
github.com/muety/wakapi/mocks/key_value_service.go:19.2,21.1 2 0
github.com/muety/wakapi/mocks/key_value_service.go:24.2,26.1 2 0
github.com/muety/wakapi/mocks/key_value_service.go:29.2,31.1 2 0
github.com/muety/wakapi/mocks/key_value_service.go:34.2,36.1 2 0
github.com/muety/wakapi/mocks/key_value_service.go:39.2,41.1 2 0
github.com/muety/wakapi/mocks/key_value_service.go:44.2,46.1 2 0
github.com/muety/wakapi/mocks/key_value_service.go:49.2,51.1 2 0
github.com/muety/wakapi/mocks/key_value_service.go:54.2,56.1 2 0
github.com/muety/wakapi/mocks/language_mapping_service.go:13.2,15.1 2 0
github.com/muety/wakapi/mocks/language_mapping_service.go:18.2,20.1 2 0
github.com/muety/wakapi/mocks/language_mapping_service.go:23.2,25.1 2 0
github.com/muety/wakapi/mocks/language_mapping_service.go:28.2,30.1 2 0
github.com/muety/wakapi/mocks/language_mapping_service.go:33.2,35.1 2 0
github.com/muety/wakapi/mocks/mail_service.go:15.2,17.1 2 0
github.com/muety/wakapi/mocks/mail_service.go:20.2,22.1 2 0
github.com/muety/wakapi/mocks/mail_service.go:25.2,27.1 2 0
github.com/muety/wakapi/mocks/mail_service.go:30.2,32.1 2 0
github.com/muety/wakapi/mocks/mail_service.go:35.2,37.1 2 0
github.com/muety/wakapi/mocks/project_label_service.go:13.2,15.1 2 0
github.com/muety/wakapi/mocks/project_label_service.go:18.2,20.1 2 0
github.com/muety/wakapi/mocks/project_label_service.go:23.2,25.1 2 0
github.com/muety/wakapi/mocks/project_label_service.go:28.2,30.1 2 0
github.com/muety/wakapi/mocks/project_label_service.go:33.2,35.1 2 0
github.com/muety/wakapi/mocks/project_label_service.go:38.2,40.1 2 0
github.com/muety/wakapi/mocks/project_service.go:16.2,17.24 2 0
github.com/muety/wakapi/mocks/project_service.go:18.3,19.1 1 0
github.com/muety/wakapi/mocks/project_service.go:20.2,20.27 1 0
github.com/muety/wakapi/mocks/summary_repository.go:16.2,18.1 2 0
github.com/muety/wakapi/mocks/summary_repository.go:21.2,23.1 2 0
github.com/muety/wakapi/mocks/summary_repository.go:26.2,28.1 2 0
github.com/muety/wakapi/mocks/summary_repository.go:31.2,33.1 2 0
github.com/muety/wakapi/mocks/summary_repository.go:36.2,38.1 2 0
github.com/muety/wakapi/mocks/summary_repository.go:41.2,43.1 2 0
github.com/muety/wakapi/mocks/summary_repository.go:45.2,47.1 2 0
github.com/muety/wakapi/mocks/summary_repository.go:50.2,52.1 2 0
github.com/muety/wakapi/mocks/summary_repository.go:55.2,57.1 2 0
github.com/muety/wakapi/mocks/summary_repository.go:60.2,62.1 2 0
github.com/muety/wakapi/mocks/summary_service.go:15.2,17.1 2 0
github.com/muety/wakapi/mocks/summary_service.go:20.2,22.1 2 0
github.com/muety/wakapi/mocks/summary_service.go:25.2,27.1 2 0
github.com/muety/wakapi/mocks/summary_service.go:30.2,32.1 2 0
github.com/muety/wakapi/mocks/summary_service.go:34.2,36.1 2 0
github.com/muety/wakapi/mocks/summary_service.go:39.2,41.1 2 0
github.com/muety/wakapi/mocks/summary_service.go:44.2,46.1 2 0
github.com/muety/wakapi/mocks/summary_service.go:49.2,51.1 2 0
github.com/muety/wakapi/mocks/summary_service.go:54.2,56.1 2 0
github.com/muety/wakapi/mocks/user_repository.go:17.2,18.24 2 0
github.com/muety/wakapi/mocks/user_repository.go:19.3,20.1 1 0
github.com/muety/wakapi/mocks/user_repository.go:21.2,21.50 1 0
github.com/muety/wakapi/mocks/user_repository.go:25.2,26.24 2 0
github.com/muety/wakapi/mocks/user_repository.go:27.3,28.1 1 0
github.com/muety/wakapi/mocks/user_repository.go:29.2,29.52 1 0
github.com/muety/wakapi/mocks/user_repository.go:33.2,34.24 2 0
github.com/muety/wakapi/mocks/user_repository.go:35.3,36.1 1 0
github.com/muety/wakapi/mocks/user_repository.go:37.2,37.52 1 0
github.com/muety/wakapi/mocks/user_repository.go:41.2,42.24 2 0
github.com/muety/wakapi/mocks/user_repository.go:43.3,44.1 1 0
github.com/muety/wakapi/mocks/user_repository.go:45.2,45.52 1 0
github.com/muety/wakapi/mocks/user_repository.go:49.2,50.24 2 0
github.com/muety/wakapi/mocks/user_repository.go:51.3,52.1 1 0
github.com/muety/wakapi/mocks/user_repository.go:53.2,53.52 1 0
github.com/muety/wakapi/mocks/user_repository.go:57.2,58.24 2 0
github.com/muety/wakapi/mocks/user_repository.go:59.3,60.1 1 0
github.com/muety/wakapi/mocks/user_repository.go:61.2,61.52 1 0
github.com/muety/wakapi/mocks/user_repository.go:65.2,66.24 2 0
github.com/muety/wakapi/mocks/user_repository.go:67.3,68.1 1 0
github.com/muety/wakapi/mocks/user_repository.go:69.2,69.52 1 0
github.com/muety/wakapi/mocks/user_repository.go:73.2,74.24 2 0
github.com/muety/wakapi/mocks/user_repository.go:75.3,76.1 1 0
github.com/muety/wakapi/mocks/user_repository.go:77.2,77.52 1 0
github.com/muety/wakapi/mocks/user_repository.go:81.2,82.24 2 0
github.com/muety/wakapi/mocks/user_repository.go:83.3,84.1 1 0
github.com/muety/wakapi/mocks/user_repository.go:85.2,85.52 1 0
github.com/muety/wakapi/mocks/user_repository.go:89.2,91.1 2 0
github.com/muety/wakapi/mocks/user_repository.go:94.2,95.24 2 0
github.com/muety/wakapi/mocks/user_repository.go:96.3,97.1 1 0
github.com/muety/wakapi/mocks/user_repository.go:98.2,98.64 1 0
github.com/muety/wakapi/mocks/user_repository.go:102.2,103.24 2 0
github.com/muety/wakapi/mocks/user_repository.go:104.3,105.1 1 0
github.com/muety/wakapi/mocks/user_repository.go:106.2,106.50 1 0
github.com/muety/wakapi/mocks/user_repository.go:110.2,111.24 2 0
github.com/muety/wakapi/mocks/user_repository.go:112.3,113.1 1 0
github.com/muety/wakapi/mocks/user_repository.go:114.2,114.50 1 0
github.com/muety/wakapi/mocks/user_repository.go:118.2,120.1 2 0
github.com/muety/wakapi/mocks/user_repository.go:123.2,125.1 2 0
github.com/muety/wakapi/mocks/user_service.go:14.2,15.24 2 0
github.com/muety/wakapi/mocks/user_service.go:16.3,17.1 1 0
github.com/muety/wakapi/mocks/user_service.go:18.2,18.50 1 0
github.com/muety/wakapi/mocks/user_service.go:22.2,23.24 2 0
github.com/muety/wakapi/mocks/user_service.go:24.3,25.1 1 0
github.com/muety/wakapi/mocks/user_service.go:26.2,26.50 1 0
github.com/muety/wakapi/mocks/user_service.go:30.2,31.24 2 0
github.com/muety/wakapi/mocks/user_service.go:32.3,33.1 1 0
github.com/muety/wakapi/mocks/user_service.go:34.2,34.50 1 0
github.com/muety/wakapi/mocks/user_service.go:38.2,40.1 2 0
github.com/muety/wakapi/mocks/user_service.go:43.2,45.1 2 0
github.com/muety/wakapi/mocks/user_service.go:48.2,49.24 2 0
github.com/muety/wakapi/mocks/user_service.go:50.3,51.1 1 0
github.com/muety/wakapi/mocks/user_service.go:52.2,52.50 1 0
github.com/muety/wakapi/mocks/user_service.go:56.2,57.24 2 0
github.com/muety/wakapi/mocks/user_service.go:58.3,59.1 1 0
github.com/muety/wakapi/mocks/user_service.go:60.2,60.50 1 0
github.com/muety/wakapi/mocks/user_service.go:64.2,66.1 2 0
github.com/muety/wakapi/mocks/user_service.go:69.2,71.1 2 0
github.com/muety/wakapi/mocks/user_service.go:74.2,76.1 2 0
github.com/muety/wakapi/mocks/user_service.go:79.2,81.1 2 0
github.com/muety/wakapi/mocks/user_service.go:85.2,85.23 1 0
github.com/muety/wakapi/mocks/user_service.go:89.2,91.1 2 0
github.com/muety/wakapi/mocks/user_service.go:94.2,96.1 2 0
github.com/muety/wakapi/mocks/user_service.go:99.2,101.1 2 0
github.com/muety/wakapi/mocks/user_service.go:104.2,106.1 2 0
github.com/muety/wakapi/mocks/user_service.go:109.2,111.1 2 0
github.com/muety/wakapi/mocks/user_service.go:114.2,116.1 2 0
github.com/muety/wakapi/mocks/user_service.go:119.2,121.1 2 0
github.com/muety/wakapi/mocks/user_service.go:124.2,126.1 2 0
github.com/muety/wakapi/mocks/user_service.go:129.2,131.1 2 0
github.com/muety/wakapi/mocks/user_service.go:134.2,136.1 2 0
github.com/muety/wakapi/mocks/user_service.go:139.2,141.1 2 0
github.com/muety/wakapi/mocks/user_service.go:144.2,146.1 2 0
github.com/muety/wakapi/mocks/user_service.go:149.2,151.1 2 0
github.com/muety/wakapi/mocks/user_service.go:154.2,155.1 1 0
github.com/muety/wakapi/mocks/user_service.go:158.2,159.1 1 0
github.com/muety/wakapi/mocks/webauthn_service.go:15.2,16.24 2 0
github.com/muety/wakapi/mocks/webauthn_service.go:17.3,18.1 1 0
github.com/muety/wakapi/mocks/webauthn_service.go:19.2,19.64 1 0
github.com/muety/wakapi/mocks/webauthn_service.go:23.2,24.24 2 0
github.com/muety/wakapi/mocks/webauthn_service.go:25.3,26.1 1 0
github.com/muety/wakapi/mocks/webauthn_service.go:27.2,27.66 1 0
github.com/muety/wakapi/mocks/webauthn_service.go:31.2,32.24 2 0
github.com/muety/wakapi/mocks/webauthn_service.go:33.3,34.1 1 0
github.com/muety/wakapi/mocks/webauthn_service.go:35.2,35.64 1 0
github.com/muety/wakapi/mocks/webauthn_service.go:39.2,41.1 2 0
github.com/muety/wakapi/mocks/webauthn_service.go:44.2,46.1 2 0
github.com/muety/wakapi/mocks/webauthn_service.go:49.2,51.1 2 0
github.com/muety/wakapi/models/metrics/counter_metric.go:13.2,14.1 1 0
github.com/muety/wakapi/models/metrics/counter_metric.go:17.2,18.1 1 0
github.com/muety/wakapi/models/metrics/counter_metric.go:21.2,22.1 1 0
github.com/muety/wakapi/models/metrics/gauge_metric.go:13.2,14.1 1 0
github.com/muety/wakapi/models/metrics/gauge_metric.go:17.2,18.1 1 0
github.com/muety/wakapi/models/metrics/gauge_metric.go:21.2,22.1 1 0
github.com/muety/wakapi/models/metrics/label.go:16.2,17.22 2 0
github.com/muety/wakapi/models/metrics/label.go:18.3,19.1 1 0
github.com/muety/wakapi/models/metrics/label.go:20.2,20.17 1 0
github.com/muety/wakapi/models/metrics/label.go:21.3,22.1 1 0
github.com/muety/wakapi/models/metrics/label.go:23.2,23.62 1 0
github.com/muety/wakapi/models/metrics/label.go:27.2,28.1 1 0
github.com/muety/wakapi/models/metrics/metric.go:15.2,16.22 2 0
github.com/muety/wakapi/models/metrics/metric.go:17.3,17.44 1 0
github.com/muety/wakapi/models/metrics/metric.go:18.4,20.1 2 0
github.com/muety/wakapi/models/metrics/metric.go:21.3,21.43 1 0
github.com/muety/wakapi/models/metrics/metric.go:24.2,24.15 1 0
github.com/muety/wakapi/models/metrics/metric.go:28.2,29.1 1 0
github.com/muety/wakapi/models/metrics/metric.go:32.2,33.1 1 0
github.com/muety/wakapi/models/metrics/metric.go:36.2,37.1 1 0
github.com/muety/wakapi/models/compat/shields/v1/badge.go:23.2,28.1 1 0
github.com/muety/wakapi/routes/compat/wakatime/v1/all_time.go:26.2,30.1 1 0
github.com/muety/wakapi/routes/compat/wakatime/v1/all_time.go:34.2,34.34 1 0
github.com/muety/wakapi/routes/compat/wakatime/v1/all_time.go:35.3,37.1 2 0
github.com/muety/wakapi/routes/compat/wakatime/v1/all_time.go:50.2,51.16 2 0
github.com/muety/wakapi/routes/compat/wakatime/v1/all_time.go:52.3,53.1 1 0
github.com/muety/wakapi/routes/compat/wakatime/v1/all_time.go:55.2,56.16 2 0
github.com/muety/wakapi/routes/compat/wakatime/v1/all_time.go:57.3,60.1 3 0
github.com/muety/wakapi/routes/compat/wakatime/v1/all_time.go:62.2,63.46 2 0
github.com/muety/wakapi/routes/compat/wakatime/v1/all_time.go:67.2,72.1 3 0
github.com/muety/wakapi/routes/compat/wakatime/v1/all_time.go:74.2,75.29 3 0
github.com/muety/wakapi/routes/compat/wakatime/v1/all_time.go:76.3,77.1 1 0
github.com/muety/wakapi/routes/compat/wakatime/v1/all_time.go:79.2,88.16 2 0
github.com/muety/wakapi/routes/compat/wakatime/v1/all_time.go:89.3,90.1 1 0
github.com/muety/wakapi/routes/compat/wakatime/v1/all_time.go:92.2,92.36 1 0
github.com/muety/wakapi/routes/compat/wakatime/v1/heartbeat.go:30.2,33.1 1 0
github.com/muety/wakapi/routes/compat/wakatime/v1/heartbeat.go:37.2,37.34 1 0
github.com/muety/wakapi/routes/compat/wakatime/v1/heartbeat.go:38.3,40.1 2 0
github.com/muety/wakapi/routes/compat/wakatime/v1/heartbeat.go:53.2,54.16 2 0
github.com/muety/wakapi/routes/compat/wakatime/v1/heartbeat.go:55.3,56.1 1 0
github.com/muety/wakapi/routes/compat/wakatime/v1/heartbeat.go:58.2,61.16 4 0
github.com/muety/wakapi/routes/compat/wakatime/v1/heartbeat.go:62.3,65.1 3 0
github.com/muety/wakapi/routes/compat/wakatime/v1/heartbeat.go:67.2,69.1 4 0
github.com/muety/wakapi/routes/compat/wakatime/v1/heartbeat.go:70.2,71.16 4 0
github.com/muety/wakapi/routes/compat/wakatime/v1/heartbeat.go:72.3,76.1 4 0
github.com/muety/wakapi/routes/compat/wakatime/v1/heartbeat.go:78.2,83.1 2 0
github.com/muety/wakapi/routes/compat/wakatime/v1/heartbeat.go:84.2,84.47 2 0
github.com/muety/wakapi/routes/compat/wakatime/v1/leaders.go:28.2,32.1 1 0
github.com/muety/wakapi/routes/compat/wakatime/v1/leaders.go:36.2,36.34 1 0
github.com/muety/wakapi/routes/compat/wakatime/v1/leaders.go:37.3,39.1 2 0
github.com/muety/wakapi/routes/compat/wakatime/v1/leaders.go:51.2,55.1 5 0
github.com/muety/wakapi/routes/compat/wakatime/v1/leaders.go:56.2,56.63 5 0
github.com/muety/wakapi/routes/compat/wakatime/v1/leaders.go:57.3,57.26 1 0
github.com/muety/wakapi/routes/compat/wakatime/v1/leaders.go:58.4,59.1 1 0
github.com/muety/wakapi/routes/compat/wakatime/v1/leaders.go:60.4,61.18 2 0
github.com/muety/wakapi/routes/compat/wakatime/v1/leaders.go:62.5,63.1 1 0
github.com/muety/wakapi/routes/compat/wakatime/v1/leaders.go:64.4,64.19 1 0
github.com/muety/wakapi/routes/compat/wakatime/v1/leaders.go:68.2,68.67 1 0
github.com/muety/wakapi/routes/compat/wakatime/v1/leaders.go:69.3,69.18 1 0
github.com/muety/wakapi/routes/compat/wakatime/v1/leaders.go:70.4,71.1 1 0
github.com/muety/wakapi/routes/compat/wakatime/v1/leaders.go:72.3,72.26 1 0
github.com/muety/wakapi/routes/compat/wakatime/v1/leaders.go:73.4,74.1 1 0
github.com/muety/wakapi/routes/compat/wakatime/v1/leaders.go:75.4,76.18 2 0
github.com/muety/wakapi/routes/compat/wakatime/v1/leaders.go:77.5,78.1 1 0
github.com/muety/wakapi/routes/compat/wakatime/v1/leaders.go:79.4,79.19 1 0
github.com/muety/wakapi/routes/compat/wakatime/v1/leaders.go:83.2,84.16 2 0
github.com/muety/wakapi/routes/compat/wakatime/v1/leaders.go:85.3,89.1 4 0
github.com/muety/wakapi/routes/compat/wakatime/v1/leaders.go:90.2,91.1 3 0
github.com/muety/wakapi/routes/compat/wakatime/v1/leaders.go:92.2,93.16 3 0
github.com/muety/wakapi/routes/compat/wakatime/v1/leaders.go:94.3,98.1 4 0
github.com/muety/wakapi/routes/compat/wakatime/v1/leaders.go:101.2,101.57 1 0
github.com/muety/wakapi/routes/compat/wakatime/v1/leaders.go:102.3,102.57 1 0
github.com/muety/wakapi/routes/compat/wakatime/v1/leaders.go:103.4,104.1 1 0
github.com/muety/wakapi/routes/compat/wakatime/v1/leaders.go:105.4,106.1 1 0
github.com/muety/wakapi/routes/compat/wakatime/v1/leaders.go:110.2,112.46 3 0
github.com/muety/wakapi/routes/compat/wakatime/v1/leaders.go:116.2,117.17 2 0
github.com/muety/wakapi/routes/compat/wakatime/v1/leaders.go:118.3,119.1 1 0
github.com/muety/wakapi/routes/compat/wakatime/v1/leaders.go:121.2,123.1 6 0
github.com/muety/wakapi/routes/compat/wakatime/v1/leaders.go:124.2,126.1 6 0
github.com/muety/wakapi/routes/compat/wakatime/v1/leaders.go:127.2,139.1 6 0
github.com/muety/wakapi/routes/compat/wakatime/v1/leaders.go:141.2,141.32 6 0
github.com/muety/wakapi/routes/compat/wakatime/v1/leaders.go:142.3,146.1 1 0
github.com/muety/wakapi/routes/compat/wakatime/v1/leaders.go:149.2,149.42 1 0
github.com/muety/wakapi/routes/compat/wakatime/v1/leaders.go:150.3,151.1 2 0
github.com/muety/wakapi/routes/compat/wakatime/v1/leaders.go:152.3,159.219 2 0
github.com/muety/wakapi/routes/compat/wakatime/v1/leaders.go:160.6,163.1 1 0
github.com/muety/wakapi/routes/compat/wakatime/v1/leaders.go:170.2,170.11 1 0
github.com/muety/wakapi/routes/compat/wakatime/v1/projects.go:29.2,34.1 1 0
github.com/muety/wakapi/routes/compat/wakatime/v1/projects.go:38.2,38.34 1 0
github.com/muety/wakapi/routes/compat/wakatime/v1/projects.go:39.3,42.1 3 0
github.com/muety/wakapi/routes/compat/wakatime/v1/projects.go:56.2,57.16 2 0
github.com/muety/wakapi/routes/compat/wakatime/v1/projects.go:58.3,59.1 1 0
github.com/muety/wakapi/routes/compat/wakatime/v1/projects.go:61.2,62.16 2 0
github.com/muety/wakapi/routes/compat/wakatime/v1/projects.go:63.3,67.1 4 0
github.com/muety/wakapi/routes/compat/wakatime/v1/projects.go:69.2,70.46 2 0
github.com/muety/wakapi/routes/compat/wakatime/v1/projects.go:84.2,85.16 2 0
github.com/muety/wakapi/routes/compat/wakatime/v1/projects.go:86.3,87.1 1 0
github.com/muety/wakapi/routes/compat/wakatime/v1/projects.go:89.2,90.16 2 0
github.com/muety/wakapi/routes/compat/wakatime/v1/projects.go:91.3,95.1 4 0
github.com/muety/wakapi/routes/compat/wakatime/v1/projects.go:97.2,97.24 1 0
github.com/muety/wakapi/routes/compat/wakatime/v1/projects.go:98.3,101.1 3 0
github.com/muety/wakapi/routes/compat/wakatime/v1/projects.go:103.2,104.46 2 0
github.com/muety/wakapi/routes/compat/wakatime/v1/projects.go:108.2,109.16 2 0
github.com/muety/wakapi/routes/compat/wakatime/v1/projects.go:110.3,111.1 1 0
github.com/muety/wakapi/routes/compat/wakatime/v1/projects.go:113.2,114.28 2 0
github.com/muety/wakapi/routes/compat/wakatime/v1/projects.go:115.3,115.79 1 0
github.com/muety/wakapi/routes/compat/wakatime/v1/projects.go:116.4,124.1 1 0
github.com/muety/wakapi/routes/compat/wakatime/v1/projects.go:127.2,127.22 1 0
github.com/muety/wakapi/routes/compat/wakatime/v1/stats.go:25.2,29.1 1 0
github.com/muety/wakapi/routes/compat/wakatime/v1/stats.go:33.2,33.34 1 0
github.com/muety/wakapi/routes/compat/wakatime/v1/stats.go:34.3,39.1 5 0
github.com/muety/wakapi/routes/compat/wakatime/v1/stats.go:41.3,43.1 5 0
github.com/muety/wakapi/routes/compat/wakatime/v1/stats.go:65.2,68.1 5 0
github.com/muety/wakapi/routes/compat/wakatime/v1/stats.go:69.2,70.53 5 0
github.com/muety/wakapi/routes/compat/wakatime/v1/stats.go:71.3,72.1 1 0
github.com/muety/wakapi/routes/compat/wakatime/v1/stats.go:74.2,75.16 2 0
github.com/muety/wakapi/routes/compat/wakatime/v1/stats.go:76.3,79.1 3 0
github.com/muety/wakapi/routes/compat/wakatime/v1/stats.go:83.2,83.22 1 0
github.com/muety/wakapi/routes/compat/wakatime/v1/stats.go:84.3,84.100 1 0
github.com/muety/wakapi/routes/compat/wakatime/v1/stats.go:85.4,86.1 1 0
github.com/muety/wakapi/routes/compat/wakatime/v1/stats.go:87.4,88.1 1 0
github.com/muety/wakapi/routes/compat/wakatime/v1/stats.go:91.2,92.16 2 0
github.com/muety/wakapi/routes/compat/wakatime/v1/stats.go:93.3,96.1 3 0
github.com/muety/wakapi/routes/compat/wakatime/v1/stats.go:98.2,100.69 2 0
github.com/muety/wakapi/routes/compat/wakatime/v1/stats.go:101.3,104.1 3 0
github.com/muety/wakapi/routes/compat/wakatime/v1/stats.go:106.2,107.1 2 0
github.com/muety/wakapi/routes/compat/wakatime/v1/stats.go:108.2,108.68 2 0
github.com/muety/wakapi/routes/compat/wakatime/v1/stats.go:110.3,110.83 1 0
github.com/muety/wakapi/routes/compat/wakatime/v1/stats.go:111.4,114.1 3 0
github.com/muety/wakapi/routes/compat/wakatime/v1/stats.go:117.2,118.16 2 0
github.com/muety/wakapi/routes/compat/wakatime/v1/stats.go:119.3,122.1 3 0
github.com/muety/wakapi/routes/compat/wakatime/v1/stats.go:124.2,124.40 1 0
github.com/muety/wakapi/routes/compat/wakatime/v1/stats.go:125.3,129.1 4 0
github.com/muety/wakapi/routes/compat/wakatime/v1/stats.go:130.2,131.1 7 0
github.com/muety/wakapi/routes/compat/wakatime/v1/stats.go:132.2,137.1 7 0
github.com/muety/wakapi/routes/compat/wakatime/v1/stats.go:138.2,138.68 7 0
github.com/muety/wakapi/routes/compat/wakatime/v1/stats.go:140.3,140.34 1 0
github.com/muety/wakapi/routes/compat/wakatime/v1/stats.go:141.4,142.1 1 0
github.com/muety/wakapi/routes/compat/wakatime/v1/stats.go:143.3,143.36 1 0
github.com/muety/wakapi/routes/compat/wakatime/v1/stats.go:144.4,145.1 1 0
github.com/muety/wakapi/routes/compat/wakatime/v1/stats.go:146.3,146.35 1 0
github.com/muety/wakapi/routes/compat/wakatime/v1/stats.go:147.4,148.1 2 0
github.com/muety/wakapi/routes/compat/wakatime/v1/stats.go:149.4,150.1 2 0
github.com/muety/wakapi/routes/compat/wakatime/v1/stats.go:151.3,151.30 1 0
github.com/muety/wakapi/routes/compat/wakatime/v1/stats.go:152.4,153.1 1 0
github.com/muety/wakapi/routes/compat/wakatime/v1/stats.go:154.3,154.35 1 0
github.com/muety/wakapi/routes/compat/wakatime/v1/stats.go:155.4,156.1 1 0
github.com/muety/wakapi/routes/compat/wakatime/v1/stats.go:158.3,158.37 1 0
github.com/muety/wakapi/routes/compat/wakatime/v1/stats.go:159.4,160.1 1 0
github.com/muety/wakapi/routes/compat/wakatime/v1/stats.go:163.2,163.49 1 0
github.com/muety/wakapi/routes/compat/wakatime/v1/stats.go:167.2,172.1 3 0
github.com/muety/wakapi/routes/compat/wakatime/v1/stats.go:174.2,175.16 3 0
github.com/muety/wakapi/routes/compat/wakatime/v1/stats.go:176.3,177.1 1 0
github.com/muety/wakapi/routes/compat/wakatime/v1/stats.go:179.2,179.36 1 0
github.com/muety/wakapi/routes/compat/wakatime/v1/statusbar.go:31.2,35.1 1 0
github.com/muety/wakapi/routes/compat/wakatime/v1/statusbar.go:39.2,39.34 1 0
github.com/muety/wakapi/routes/compat/wakatime/v1/statusbar.go:40.3,44.1 4 0
github.com/muety/wakapi/routes/compat/wakatime/v1/statusbar.go:57.2,58.16 2 0
github.com/muety/wakapi/routes/compat/wakatime/v1/statusbar.go:59.3,60.1 1 0
github.com/muety/wakapi/routes/compat/wakatime/v1/statusbar.go:62.2,63.22 2 0
github.com/muety/wakapi/routes/compat/wakatime/v1/statusbar.go:64.3,65.1 1 0
github.com/muety/wakapi/routes/compat/wakatime/v1/statusbar.go:67.2,68.16 2 0
github.com/muety/wakapi/routes/compat/wakatime/v1/statusbar.go:69.3,72.1 3 0
github.com/muety/wakapi/routes/compat/wakatime/v1/statusbar.go:74.2,75.16 2 0
github.com/muety/wakapi/routes/compat/wakatime/v1/statusbar.go:76.3,79.1 3 0
github.com/muety/wakapi/routes/compat/wakatime/v1/statusbar.go:80.2,84.4 2 0
github.com/muety/wakapi/routes/compat/wakatime/v1/statusbar.go:88.2,93.1 3 0
github.com/muety/wakapi/routes/compat/wakatime/v1/statusbar.go:95.2,96.29 3 0
github.com/muety/wakapi/routes/compat/wakatime/v1/statusbar.go:97.3,98.1 1 0
github.com/muety/wakapi/routes/compat/wakatime/v1/statusbar.go:100.2,101.16 2 0
github.com/muety/wakapi/routes/compat/wakatime/v1/statusbar.go:102.3,103.1 1 0
github.com/muety/wakapi/routes/compat/wakatime/v1/statusbar.go:105.2,105.36 1 0
github.com/muety/wakapi/routes/compat/wakatime/v1/summaries.go:29.2,33.1 1 0
github.com/muety/wakapi/routes/compat/wakatime/v1/summaries.go:37.2,37.34 1 0
github.com/muety/wakapi/routes/compat/wakatime/v1/summaries.go:38.3,40.1 2 0
github.com/muety/wakapi/routes/compat/wakatime/v1/summaries.go:67.2,68.16 2 0
github.com/muety/wakapi/routes/compat/wakatime/v1/summaries.go:69.3,70.1 1 0
github.com/muety/wakapi/routes/compat/wakatime/v1/summaries.go:72.2,73.16 2 0
github.com/muety/wakapi/routes/compat/wakatime/v1/summaries.go:74.3,77.1 3 0
github.com/muety/wakapi/routes/compat/wakatime/v1/summaries.go:79.2,80.46 2 0
github.com/muety/wakapi/routes/compat/wakatime/v1/summaries.go:84.2,86.1 5 0
github.com/muety/wakapi/routes/compat/wakatime/v1/summaries.go:87.2,89.19 5 0
github.com/muety/wakapi/routes/compat/wakatime/v1/summaries.go:90.3,90.56 1 0
github.com/muety/wakapi/routes/compat/wakatime/v1/summaries.go:91.4,92.1 1 0
github.com/muety/wakapi/routes/compat/wakatime/v1/summaries.go:95.2,96.22 2 0
github.com/muety/wakapi/routes/compat/wakatime/v1/summaries.go:98.3,98.111 1 0
github.com/muety/wakapi/routes/compat/wakatime/v1/summaries.go:99.4,100.1 1 0
github.com/muety/wakapi/routes/compat/wakatime/v1/summaries.go:101.4,102.1 1 0
github.com/muety/wakapi/routes/compat/wakatime/v1/summaries.go:103.9,103.143 1 0
github.com/muety/wakapi/routes/compat/wakatime/v1/summaries.go:105.3,106.1 1 0
github.com/muety/wakapi/routes/compat/wakatime/v1/summaries.go:108.3,109.1 3 0
github.com/muety/wakapi/routes/compat/wakatime/v1/summaries.go:110.3,111.17 3 0
github.com/muety/wakapi/routes/compat/wakatime/v1/summaries.go:112.4,113.1 1 0
github.com/muety/wakapi/routes/compat/wakatime/v1/summaries.go:115.3,116.17 2 0
github.com/muety/wakapi/routes/compat/wakatime/v1/summaries.go:117.4,118.1 1 0
github.com/muety/wakapi/routes/compat/wakatime/v1/summaries.go:125.2,126.1 2 0
github.com/muety/wakapi/routes/compat/wakatime/v1/summaries.go:127.2,127.23 2 0
github.com/muety/wakapi/routes/compat/wakatime/v1/summaries.go:128.3,129.1 1 0
github.com/muety/wakapi/routes/compat/wakatime/v1/summaries.go:131.2,135.1 5 0
github.com/muety/wakapi/routes/compat/wakatime/v1/summaries.go:137.2,139.1 5 0
github.com/muety/wakapi/routes/compat/wakatime/v1/summaries.go:141.2,142.1 5 0
github.com/muety/wakapi/routes/compat/wakatime/v1/summaries.go:143.2,143.37 5 0
github.com/muety/wakapi/routes/compat/wakatime/v1/summaries.go:144.3,145.17 2 0
github.com/muety/wakapi/routes/compat/wakatime/v1/summaries.go:146.4,147.1 1 0
github.com/muety/wakapi/routes/compat/wakatime/v1/summaries.go:149.3,151.25 3 0
github.com/muety/wakapi/routes/compat/wakatime/v1/summaries.go:154.2,154.38 1 0
github.com/muety/wakapi/routes/compat/wakatime/v1/user_agents.go:23.2,27.1 1 0
github.com/muety/wakapi/routes/compat/wakatime/v1/user_agents.go:31.2,31.34 1 0
github.com/muety/wakapi/routes/compat/wakatime/v1/user_agents.go:32.3,34.1 2 0
github.com/muety/wakapi/routes/compat/wakatime/v1/user_agents.go:47.2,48.16 2 0
github.com/muety/wakapi/routes/compat/wakatime/v1/user_agents.go:49.3,50.1 1 0
github.com/muety/wakapi/routes/compat/wakatime/v1/user_agents.go:52.2,53.16 2 0
github.com/muety/wakapi/routes/compat/wakatime/v1/user_agents.go:54.3,58.1 4 0
github.com/muety/wakapi/routes/compat/wakatime/v1/user_agents.go:60.2,61.46 2 0
github.com/muety/wakapi/routes/compat/wakatime/v1/user_agents.go:65.2,68.1 2 0
github.com/muety/wakapi/routes/compat/wakatime/v1/user_agents.go:70.2,70.32 2 0
github.com/muety/wakapi/routes/compat/wakatime/v1/user_agents.go:71.3,72.1 1 0
github.com/muety/wakapi/routes/compat/wakatime/v1/user_agents.go:74.2,74.11 1 0
github.com/muety/wakapi/routes/compat/wakatime/v1/users.go:22.2,26.1 1 1
github.com/muety/wakapi/routes/compat/wakatime/v1/users.go:30.2,30.34 1 1
github.com/muety/wakapi/routes/compat/wakatime/v1/users.go:31.3,33.1 2 1
github.com/muety/wakapi/routes/compat/wakatime/v1/users.go:46.2,47.16 2 1
github.com/muety/wakapi/routes/compat/wakatime/v1/users.go:48.3,49.1 1 1
github.com/muety/wakapi/routes/compat/wakatime/v1/users.go:51.2,52.72 2 1
github.com/muety/wakapi/routes/compat/wakatime/v1/users.go:53.3,54.1 1 1
github.com/muety/wakapi/routes/compat/wakatime/v1/users.go:55.3,56.1 1 0
github.com/muety/wakapi/routes/compat/wakatime/v1/users.go:58.2,58.72 1 1
github.com/muety/wakapi/services/imports/wakatime.go:20.2,21.1 1 1
github.com/muety/wakapi/services/imports/wakatime.go:24.2,24.41 1 0
github.com/muety/wakapi/services/imports/wakatime.go:25.3,26.1 1 0
github.com/muety/wakapi/services/imports/wakatime.go:27.2,27.97 1 0
github.com/muety/wakapi/services/imports/wakatime.go:28.3,29.1 1 0
github.com/muety/wakapi/services/imports/wakatime.go:30.2,30.76 1 0
github.com/muety/wakapi/services/imports/wakatime.go:34.2,34.41 1 0
github.com/muety/wakapi/services/imports/wakatime.go:35.3,36.1 1 0
github.com/muety/wakapi/services/imports/wakatime.go:37.2,37.97 1 0
github.com/muety/wakapi/services/imports/wakatime.go:38.3,39.1 1 0
github.com/muety/wakapi/services/imports/wakatime.go:40.2,40.63 1 0
github.com/muety/wakapi/services/imports/wakatime.go:44.2,45.1 1 1
github.com/muety/wakapi/services/imports/wakatime.go:48.2,49.1 3 1
github.com/muety/wakapi/services/imports/wakatime.go:50.2,51.16 3 1
github.com/muety/wakapi/services/imports/wakatime.go:52.3,53.1 1 0
github.com/muety/wakapi/services/imports/wakatime.go:55.2,55.68 1 1
github.com/muety/wakapi/services/imports/wakatime.go:56.3,57.1 1 1
github.com/muety/wakapi/services/imports/wakatime.go:59.2,59.77 1 1
github.com/muety/wakapi/services/imports/wakatime.go:60.3,61.1 1 1
github.com/muety/wakapi/services/imports/wakatime.go:62.2,62.12 1 1
github.com/muety/wakapi/services/imports/wakatime_dump.go:33.2,35.121 1 1
github.com/muety/wakapi/services/imports/wakatime_dump.go:36.4,37.1 1 1
github.com/muety/wakapi/services/imports/wakatime_dump.go:43.2,45.1 6 0
github.com/muety/wakapi/services/imports/wakatime_dump.go:46.2,49.1 6 0
github.com/muety/wakapi/services/imports/wakatime_dump.go:50.2,50.73 6 0
github.com/muety/wakapi/services/imports/wakatime_dump.go:51.3,52.74 2 0
github.com/muety/wakapi/services/imports/wakatime_dump.go:53.4,54.1 1 0
github.com/muety/wakapi/services/imports/wakatime_dump.go:57.3,57.95 1 0
github.com/muety/wakapi/services/imports/wakatime_dump.go:58.4,59.1 1 0
github.com/muety/wakapi/services/imports/wakatime_dump.go:60.4,61.1 1 0
github.com/muety/wakapi/services/imports/wakatime_dump.go:62.9,62.23 1 0
github.com/muety/wakapi/services/imports/wakatime_dump.go:63.3,64.1 1 0
github.com/muety/wakapi/services/imports/wakatime_dump.go:65.2,66.1 3 0
github.com/muety/wakapi/services/imports/wakatime_dump.go:67.2,68.1 3 0
github.com/muety/wakapi/services/imports/wakatime_dump.go:70.2,70.86 3 0
github.com/muety/wakapi/services/imports/wakatime_dump.go:71.3,73.17 3 0
github.com/muety/wakapi/services/imports/wakatime_dump.go:74.4,75.1 1 0
github.com/muety/wakapi/services/imports/wakatime_dump.go:77.3,78.73 2 0
github.com/muety/wakapi/services/imports/wakatime_dump.go:79.4,80.1 1 0
github.com/muety/wakapi/services/imports/wakatime_dump.go:82.3,82.120 1 0
github.com/muety/wakapi/services/imports/wakatime_dump.go:83.4,84.1 1 0
github.com/muety/wakapi/services/imports/wakatime_dump.go:85.4,86.1 1 0
github.com/muety/wakapi/services/imports/wakatime_dump.go:87.3,87.54 1 0
github.com/muety/wakapi/services/imports/wakatime_dump.go:90.2,90.53 1 0
github.com/muety/wakapi/services/imports/wakatime_dump.go:91.3,94.1 3 0
github.com/muety/wakapi/services/imports/wakatime_dump.go:96.2,96.98 1 0
github.com/muety/wakapi/services/imports/wakatime_dump.go:97.3,100.1 6 0
github.com/muety/wakapi/services/imports/wakatime_dump.go:102.3,104.17 6 0
github.com/muety/wakapi/services/imports/wakatime_dump.go:105.4,107.1 2 0
github.com/muety/wakapi/services/imports/wakatime_dump.go:108.3,109.1 4 0
github.com/muety/wakapi/services/imports/wakatime_dump.go:110.3,111.1 4 0
github.com/muety/wakapi/services/imports/wakatime_dump.go:113.3,114.65 4 0
github.com/muety/wakapi/services/imports/wakatime_dump.go:115.4,117.1 2 0
github.com/muety/wakapi/services/imports/wakatime_dump.go:120.3,121.85 2 0
github.com/muety/wakapi/services/imports/wakatime_dump.go:122.4,124.1 2 0
github.com/muety/wakapi/services/imports/wakatime_dump.go:125.3,126.90 2 0
github.com/muety/wakapi/services/imports/wakatime_dump.go:127.4,129.1 2 0
github.com/muety/wakapi/services/imports/wakatime_dump.go:132.3,132.31 1 0
github.com/muety/wakapi/services/imports/wakatime_dump.go:133.4,133.35 1 0
github.com/muety/wakapi/services/imports/wakatime_dump.go:134.5,135.64 2 0
github.com/muety/wakapi/services/imports/wakatime_dump.go:136.6,136.14 1 0
github.com/muety/wakapi/services/imports/wakatime_dump.go:138.5,138.14 1 0
github.com/muety/wakapi/services/imports/wakatime_dump.go:144.2,144.53 1 0
github.com/muety/wakapi/services/imports/wakatime_dump.go:145.3,147.17 3 0
github.com/muety/wakapi/services/imports/wakatime_dump.go:148.4,149.1 1 0
github.com/muety/wakapi/services/imports/wakatime_dump.go:149.10,149.16 1 0
github.com/muety/wakapi/services/imports/wakatime_dump.go:150.4,152.1 2 0
github.com/muety/wakapi/services/imports/wakatime_dump.go:155.2,155.17 1 0
github.com/muety/wakapi/services/imports/wakatime_dump.go:159.2,160.1 1 0
github.com/muety/wakapi/services/imports/wakatime_dump.go:163.2,166.1 5 0
github.com/muety/wakapi/services/imports/wakatime_dump.go:173.2,175.1 5 0
github.com/muety/wakapi/services/imports/wakatime_heartbeats.go:42.2,44.121 1 1
github.com/muety/wakapi/services/imports/wakatime_heartbeats.go:45.4,46.1 1 1
github.com/muety/wakapi/services/imports/wakatime_heartbeats.go:52.2,53.1 2 0
github.com/muety/wakapi/services/imports/wakatime_heartbeats.go:54.2,54.101 2 0
github.com/muety/wakapi/services/imports/wakatime_heartbeats.go:55.3,56.1 4 0
github.com/muety/wakapi/services/imports/wakatime_heartbeats.go:57.3,58.1 4 0
github.com/muety/wakapi/services/imports/wakatime_heartbeats.go:59.3,60.17 4 0
github.com/muety/wakapi/services/imports/wakatime_heartbeats.go:61.4,63.1 2 0
github.com/muety/wakapi/services/imports/wakatime_heartbeats.go:65.3,65.32 1 0
github.com/muety/wakapi/services/imports/wakatime_heartbeats.go:66.4,67.1 1 0
github.com/muety/wakapi/services/imports/wakatime_heartbeats.go:68.3,68.27 1 0
github.com/muety/wakapi/services/imports/wakatime_heartbeats.go:69.4,70.1 1 0
github.com/muety/wakapi/services/imports/wakatime_heartbeats.go:72.3,73.66 2 0
github.com/muety/wakapi/services/imports/wakatime_heartbeats.go:74.4,75.1 1 0
github.com/muety/wakapi/services/imports/wakatime_heartbeats.go:75.10,75.55 1 0
github.com/muety/wakapi/services/imports/wakatime_heartbeats.go:77.4,79.1 2 0
github.com/muety/wakapi/services/imports/wakatime_heartbeats.go:81.3,82.68 2 0
github.com/muety/wakapi/services/imports/wakatime_heartbeats.go:83.4,84.1 1 0
github.com/muety/wakapi/services/imports/wakatime_heartbeats.go:84.10,84.55 1 0
github.com/muety/wakapi/services/imports/wakatime_heartbeats.go:86.4,88.1 2 0
github.com/muety/wakapi/services/imports/wakatime_heartbeats.go:90.3,91.1 4 0
github.com/muety/wakapi/services/imports/wakatime_heartbeats.go:92.3,94.1 4 0
github.com/muety/wakapi/services/imports/wakatime_heartbeats.go:95.3,95.26 4 0
github.com/muety/wakapi/services/imports/wakatime_heartbeats.go:96.4,97.1 2 0
github.com/muety/wakapi/services/imports/wakatime_heartbeats.go:98.4,98.21 2 0
github.com/muety/wakapi/services/imports/wakatime_heartbeats.go:99.5,100.1 4 0
github.com/muety/wakapi/services/imports/wakatime_heartbeats.go:101.5,103.19 4 0
github.com/muety/wakapi/services/imports/wakatime_heartbeats.go:104.6,105.1 1 0
github.com/muety/wakapi/services/imports/wakatime_heartbeats.go:107.5,107.34 1 0
github.com/muety/wakapi/services/imports/wakatime_heartbeats.go:108.6,109.65 2 0
github.com/muety/wakapi/services/imports/wakatime_heartbeats.go:110.7,110.15 1 0
github.com/muety/wakapi/services/imports/wakatime_heartbeats.go:112.6,112.15 1 0
github.com/muety/wakapi/services/imports/wakatime_heartbeats.go:115.5,115.21 1 0
github.com/muety/wakapi/services/imports/wakatime_heartbeats.go:116.6,117.1 1 0
github.com/muety/wakapi/services/imports/wakatime_heartbeats.go:121.3,121.19 1 0
github.com/muety/wakapi/services/imports/wakatime_heartbeats.go:124.2,124.65 1 0
github.com/muety/wakapi/services/imports/wakatime_heartbeats.go:125.3,126.1 1 0
github.com/muety/wakapi/services/imports/wakatime_heartbeats.go:128.2,129.36 2 0
github.com/muety/wakapi/services/imports/wakatime_heartbeats.go:130.3,131.1 1 0
github.com/muety/wakapi/services/imports/wakatime_heartbeats.go:132.3,133.1 1 0
github.com/muety/wakapi/services/imports/wakatime_heartbeats.go:135.2,135.17 1 0
github.com/muety/wakapi/services/imports/wakatime_heartbeats.go:139.2,140.1 1 0
github.com/muety/wakapi/services/imports/wakatime_heartbeats.go:145.2,146.16 2 0
github.com/muety/wakapi/services/imports/wakatime_heartbeats.go:147.3,148.1 1 0
github.com/muety/wakapi/services/imports/wakatime_heartbeats.go:150.2,153.1 6 0
github.com/muety/wakapi/services/imports/wakatime_heartbeats.go:154.2,155.1 6 0
github.com/muety/wakapi/services/imports/wakatime_heartbeats.go:156.2,157.16 6 0
github.com/muety/wakapi/services/imports/wakatime_heartbeats.go:158.3,159.1 1 0
github.com/muety/wakapi/services/imports/wakatime_heartbeats.go:159.9,159.34 1 0
github.com/muety/wakapi/services/imports/wakatime_heartbeats.go:160.3,161.1 1 0
github.com/muety/wakapi/services/imports/wakatime_heartbeats.go:161.9,161.34 1 0
github.com/muety/wakapi/services/imports/wakatime_heartbeats.go:162.3,163.1 1 0
github.com/muety/wakapi/services/imports/wakatime_heartbeats.go:164.2,165.1 3 0
github.com/muety/wakapi/services/imports/wakatime_heartbeats.go:166.2,167.74 3 0
github.com/muety/wakapi/services/imports/wakatime_heartbeats.go:168.3,169.1 1 0
github.com/muety/wakapi/services/imports/wakatime_heartbeats.go:171.2,171.33 1 0
github.com/muety/wakapi/services/imports/wakatime_heartbeats.go:177.2,178.1 3 0
github.com/muety/wakapi/services/imports/wakatime_heartbeats.go:179.2,180.16 3 0
github.com/muety/wakapi/services/imports/wakatime_heartbeats.go:181.3,182.1 1 0
github.com/muety/wakapi/services/imports/wakatime_heartbeats.go:184.2,185.16 2 0
github.com/muety/wakapi/services/imports/wakatime_heartbeats.go:186.3,187.1 1 0
github.com/muety/wakapi/services/imports/wakatime_heartbeats.go:190.2,191.16 2 0
github.com/muety/wakapi/services/imports/wakatime_heartbeats.go:192.3,193.1 1 0
github.com/muety/wakapi/services/imports/wakatime_heartbeats.go:195.2,196.16 2 0
github.com/muety/wakapi/services/imports/wakatime_heartbeats.go:197.3,198.1 1 0
github.com/muety/wakapi/services/imports/wakatime_heartbeats.go:200.2,201.16 2 0
github.com/muety/wakapi/services/imports/wakatime_heartbeats.go:202.3,203.1 1 0
github.com/muety/wakapi/services/imports/wakatime_heartbeats.go:205.2,205.32 1 0
github.com/muety/wakapi/services/imports/wakatime_heartbeats.go:209.2,211.1 2 0
github.com/muety/wakapi/services/imports/wakatime_heartbeats.go:214.2,215.1 4 0
github.com/muety/wakapi/services/imports/wakatime_heartbeats.go:216.2,218.1 4 0
github.com/muety/wakapi/services/imports/wakatime_heartbeats.go:219.2,219.54 4 0
github.com/muety/wakapi/services/imports/wakatime_heartbeats.go:220.3,221.1 1 0
github.com/muety/wakapi/services/imports/wakatime_heartbeats.go:223.2,223.13 1 0
github.com/muety/wakapi/services/imports/wakatime_utils.go:19.2,20.1 3 0
github.com/muety/wakapi/services/imports/wakatime_utils.go:21.2,22.1 3 0
github.com/muety/wakapi/services/imports/wakatime_utils.go:23.2,23.26 3 0
github.com/muety/wakapi/services/imports/wakatime_utils.go:24.3,27.17 4 0
github.com/muety/wakapi/services/imports/wakatime_utils.go:28.4,29.1 1 0
github.com/muety/wakapi/services/imports/wakatime_utils.go:31.3,32.17 2 0
github.com/muety/wakapi/services/imports/wakatime_utils.go:33.4,34.1 1 0
github.com/muety/wakapi/services/imports/wakatime_utils.go:35.3,36.1 3 0
github.com/muety/wakapi/services/imports/wakatime_utils.go:37.3,38.72 3 0
github.com/muety/wakapi/services/imports/wakatime_utils.go:39.4,40.1 1 0
github.com/muety/wakapi/services/imports/wakatime_utils.go:42.3,42.39 1 0
github.com/muety/wakapi/services/imports/wakatime_utils.go:43.4,44.1 1 0
github.com/muety/wakapi/services/imports/wakatime_utils.go:46.3,46.37 1 0
github.com/muety/wakapi/services/imports/wakatime_utils.go:47.4,47.9 1 0
github.com/muety/wakapi/services/imports/wakatime_utils.go:51.2,51.22 1 0
github.com/muety/wakapi/services/imports/wakatime_utils.go:57.2,58.1 3 0
github.com/muety/wakapi/services/imports/wakatime_utils.go:59.2,60.1 3 0
github.com/muety/wakapi/services/imports/wakatime_utils.go:61.2,61.26 3 0
github.com/muety/wakapi/services/imports/wakatime_utils.go:62.3,65.17 4 0
github.com/muety/wakapi/services/imports/wakatime_utils.go:66.4,67.1 1 0
github.com/muety/wakapi/services/imports/wakatime_utils.go:69.3,70.17 2 0
github.com/muety/wakapi/services/imports/wakatime_utils.go:71.4,72.1 1 0
github.com/muety/wakapi/services/imports/wakatime_utils.go:73.3,74.1 3 0
github.com/muety/wakapi/services/imports/wakatime_utils.go:75.3,76.75 3 0
github.com/muety/wakapi/services/imports/wakatime_utils.go:77.4,78.1 1 0
github.com/muety/wakapi/services/imports/wakatime_utils.go:80.3,80.42 1 0
github.com/muety/wakapi/services/imports/wakatime_utils.go:81.4,82.1 1 0
github.com/muety/wakapi/services/imports/wakatime_utils.go:84.3,84.40 1 0
github.com/muety/wakapi/services/imports/wakatime_utils.go:85.4,85.9 1 0
github.com/muety/wakapi/services/imports/wakatime_utils.go:89.2,89.24 1 0
github.com/muety/wakapi/services/imports/wakatime_utils.go:98.2,99.15 2 0
github.com/muety/wakapi/services/imports/wakatime_utils.go:101.3,101.73 1 0
github.com/muety/wakapi/services/imports/wakatime_utils.go:102.4,105.1 1 0
github.com/muety/wakapi/services/imports/wakatime_utils.go:107.4,110.1 1 0
github.com/muety/wakapi/services/imports/wakatime_utils.go:114.2,115.15 2 0
github.com/muety/wakapi/services/imports/wakatime_utils.go:116.3,119.1 1 0
github.com/muety/wakapi/services/imports/wakatime_utils.go:122.2,141.13 1 0
github.com/muety/wakapi/routes/utils/badge_utils.go:22.2,24.1 2 1
github.com/muety/wakapi/routes/utils/badge_utils.go:27.2,28.1 3 0
github.com/muety/wakapi/routes/utils/badge_utils.go:29.2,30.76 3 0
github.com/muety/wakapi/routes/utils/badge_utils.go:31.3,32.1 1 0
github.com/muety/wakapi/routes/utils/badge_utils.go:34.2,35.72 2 0
github.com/muety/wakapi/routes/utils/badge_utils.go:36.3,36.61 1 0
github.com/muety/wakapi/routes/utils/badge_utils.go:37.4,38.1 1 0
github.com/muety/wakapi/routes/utils/badge_utils.go:41.2,45.1 4 0
github.com/muety/wakapi/routes/utils/badge_utils.go:47.2,48.1 4 0
github.com/muety/wakapi/routes/utils/badge_utils.go:49.2,49.86 4 0
github.com/muety/wakapi/routes/utils/badge_utils.go:50.3,51.1 1 0
github.com/muety/wakapi/routes/utils/badge_utils.go:53.2,54.22 2 0
github.com/muety/wakapi/routes/utils/badge_utils.go:56.3,56.68 1 0
github.com/muety/wakapi/routes/utils/badge_utils.go:58.3,58.63 1 0
github.com/muety/wakapi/routes/utils/badge_utils.go:60.3,60.67 1 0
github.com/muety/wakapi/routes/utils/badge_utils.go:62.3,62.69 1 0
github.com/muety/wakapi/routes/utils/badge_utils.go:64.3,64.68 1 0
github.com/muety/wakapi/routes/utils/badge_utils.go:66.3,66.66 1 0
github.com/muety/wakapi/routes/utils/badge_utils.go:70.3,70.30 1 0
github.com/muety/wakapi/routes/utils/badge_utils.go:73.2,73.17 1 0
github.com/muety/wakapi/routes/utils/badge_utils.go:74.3,74.72 1 0
github.com/muety/wakapi/routes/utils/badge_utils.go:75.4,76.1 1 0
github.com/muety/wakapi/routes/utils/badge_utils.go:79.2,79.31 1 0
github.com/muety/wakapi/routes/utils/cookie.go:18.2,19.1 3 0
github.com/muety/wakapi/routes/utils/cookie.go:20.2,21.41 3 0
github.com/muety/wakapi/routes/utils/cookie.go:22.3,23.1 1 0
github.com/muety/wakapi/routes/utils/cookie.go:24.3,25.1 1 0
github.com/muety/wakapi/routes/utils/cookie.go:27.2,30.1 3 0
github.com/muety/wakapi/routes/utils/cookie.go:31.2,32.16 3 0
github.com/muety/wakapi/routes/utils/cookie.go:33.3,34.1 1 0
github.com/muety/wakapi/routes/utils/cookie.go:36.2,36.64 1 0
github.com/muety/wakapi/routes/utils/cookie.go:40.2,41.16 2 0
github.com/muety/wakapi/routes/utils/cookie.go:42.3,43.1 1 0
github.com/muety/wakapi/routes/utils/cookie.go:45.2,46.101 2 0
github.com/muety/wakapi/routes/utils/cookie.go:47.3,48.1 1 0
github.com/muety/wakapi/routes/utils/cookie.go:50.2,50.31 1 0
github.com/muety/wakapi/routes/utils/cookie.go:51.3,52.1 1 0
github.com/muety/wakapi/routes/utils/cookie.go:53.2,53.55 1 0
github.com/muety/wakapi/routes/utils/cookie.go:54.3,55.1 1 0
github.com/muety/wakapi/routes/utils/cookie.go:57.2,57.34 1 0
github.com/muety/wakapi/routes/utils/filter_utils.go:10.2,10.53 1 1
github.com/muety/wakapi/routes/utils/filter_utils.go:11.3,12.1 1 1
github.com/muety/wakapi/routes/utils/filter_utils.go:13.2,13.55 1 1
github.com/muety/wakapi/routes/utils/filter_utils.go:14.3,15.1 1 1
github.com/muety/wakapi/routes/utils/filter_utils.go:16.2,16.51 1 1
github.com/muety/wakapi/routes/utils/filter_utils.go:17.3,18.1 1 1
github.com/muety/wakapi/routes/utils/filter_utils.go:19.2,19.43 1 1
github.com/muety/wakapi/routes/utils/filter_utils.go:20.3,21.1 1 1
github.com/muety/wakapi/routes/utils/filter_utils.go:22.2,22.53 1 1
github.com/muety/wakapi/routes/utils/filter_utils.go:23.3,24.1 1 1
github.com/muety/wakapi/routes/utils/filter_utils.go:25.2,25.49 1 1
github.com/muety/wakapi/routes/utils/filter_utils.go:26.3,27.1 1 1
github.com/muety/wakapi/routes/utils/filter_utils.go:29.2,29.52 1 1
github.com/muety/wakapi/routes/utils/filter_utils.go:30.3,31.1 1 1
github.com/muety/wakapi/routes/utils/filter_utils.go:33.2,33.31 1 1
github.com/muety/wakapi/routes/utils/filter_utils.go:34.3,35.1 1 1
github.com/muety/wakapi/routes/utils/filter_utils.go:36.2,36.12 1 1
github.com/muety/wakapi/routes/utils/heartbeat_utils.go:12.2,13.16 2 0
github.com/muety/wakapi/routes/utils/heartbeat_utils.go:14.3,15.1 1 0
github.com/muety/wakapi/routes/utils/heartbeat_utils.go:17.2,18.16 2 0
github.com/muety/wakapi/routes/utils/heartbeat_utils.go:19.3,20.1 1 0
github.com/muety/wakapi/routes/utils/heartbeat_utils.go:22.2,22.35 1 0
github.com/muety/wakapi/routes/utils/heartbeat_utils.go:26.2,27.1 6 0
github.com/muety/wakapi/routes/utils/heartbeat_utils.go:28.2,31.1 6 0
github.com/muety/wakapi/routes/utils/heartbeat_utils.go:32.2,33.48 6 0
github.com/muety/wakapi/routes/utils/heartbeat_utils.go:34.3,35.1 1 0
github.com/muety/wakapi/routes/utils/heartbeat_utils.go:37.2,37.24 1 0
github.com/muety/wakapi/routes/utils/heartbeat_utils.go:41.2,42.1 6 0
github.com/muety/wakapi/routes/utils/heartbeat_utils.go:43.2,46.1 6 0
github.com/muety/wakapi/routes/utils/heartbeat_utils.go:47.2,48.47 6 0
github.com/muety/wakapi/routes/utils/heartbeat_utils.go:49.3,50.1 1 0
github.com/muety/wakapi/routes/utils/heartbeat_utils.go:52.2,52.45 1 0
github.com/muety/wakapi/routes/utils/json.go:10.2,13.1 3 0
github.com/muety/wakapi/routes/utils/json.go:17.2,18.1 1 0
github.com/muety/wakapi/routes/utils/messages.go:11.2,12.1 1 0
github.com/muety/wakapi/routes/utils/messages.go:15.2,16.1 1 0
github.com/muety/wakapi/routes/utils/messages.go:19.2,20.57 2 0
github.com/muety/wakapi/routes/utils/messages.go:21.3,22.1 1 0
github.com/muety/wakapi/routes/utils/messages.go:23.2,23.65 1 0
github.com/muety/wakapi/routes/utils/messages.go:24.3,25.1 1 0
github.com/muety/wakapi/routes/utils/messages.go:26.2,27.11 2 0
github.com/muety/wakapi/routes/utils/messages.go:31.2,34.1 3 0
github.com/muety/wakapi/routes/utils/messages.go:37.2,38.1 2 0
github.com/muety/wakapi/routes/utils/messages.go:40.2,40.57 2 0
github.com/muety/wakapi/routes/utils/messages.go:41.3,43.1 2 0
github.com/muety/wakapi/routes/utils/messages.go:44.2,44.14 1 0
github.com/muety/wakapi/routes/utils/oidc.go:16.2,19.1 3 0
github.com/muety/wakapi/routes/utils/oidc.go:22.2,25.1 3 0
github.com/muety/wakapi/routes/utils/oidc.go:28.2,30.9 3 0
github.com/muety/wakapi/routes/utils/oidc.go:31.3,32.1 1 0
github.com/muety/wakapi/routes/utils/oidc.go:33.2,33.23 1 0
github.com/muety/wakapi/routes/utils/oidc.go:37.2,40.1 3 0
github.com/muety/wakapi/routes/utils/oidc.go:43.2,44.16 2 0
github.com/muety/wakapi/routes/utils/oidc.go:45.3,46.1 1 0
github.com/muety/wakapi/routes/utils/oidc.go:48.2,49.49 2 0
github.com/muety/wakapi/routes/utils/oidc.go:50.3,51.1 1 0
github.com/muety/wakapi/routes/utils/oidc.go:52.2,53.1 3 0
github.com/muety/wakapi/routes/utils/oidc.go:54.2,55.51 3 0
github.com/muety/wakapi/routes/utils/oidc.go:56.3,57.1 1 0
github.com/muety/wakapi/routes/utils/oidc.go:59.2,60.22 2 0
github.com/muety/wakapi/routes/utils/oidc.go:64.2,66.1 2 0
github.com/muety/wakapi/routes/utils/oidc.go:69.2,70.16 2 0
github.com/muety/wakapi/routes/utils/oidc.go:71.3,72.1 1 0
github.com/muety/wakapi/routes/utils/oidc.go:73.2,74.16 2 0
github.com/muety/wakapi/routes/utils/oidc.go:75.3,76.1 1 0
github.com/muety/wakapi/routes/utils/oidc.go:77.2,78.1 3 0
github.com/muety/wakapi/routes/utils/oidc.go:79.2,80.16 3 0
github.com/muety/wakapi/routes/utils/oidc.go:81.3,82.1 1 0
github.com/muety/wakapi/routes/utils/oidc.go:84.2,86.16 3 0
github.com/muety/wakapi/routes/utils/oidc.go:87.3,88.1 1 0
github.com/muety/wakapi/routes/utils/oidc.go:90.2,91.32 2 0
github.com/muety/wakapi/routes/utils/oidc.go:92.3,93.1 1 0
github.com/muety/wakapi/routes/utils/oidc.go:95.2,96.16 2 0
github.com/muety/wakapi/routes/utils/oidc.go:97.3,98.1 1 0
github.com/muety/wakapi/routes/utils/oidc.go:99.2,100.9 2 0
github.com/muety/wakapi/routes/utils/oidc.go:101.3,102.1 1 0
github.com/muety/wakapi/routes/utils/oidc.go:103.2,104.16 2 0
github.com/muety/wakapi/routes/utils/oidc.go:105.3,106.1 1 0
github.com/muety/wakapi/routes/utils/oidc.go:108.2,110.1 3 0
github.com/muety/wakapi/routes/utils/oidc.go:111.2,111.28 3 0
github.com/muety/wakapi/routes/utils/principal.go:11.2,11.81 1 0
github.com/muety/wakapi/routes/utils/principal.go:12.3,14.1 2 0
github.com/muety/wakapi/routes/utils/principal.go:18.2,19.23 2 1
github.com/muety/wakapi/routes/utils/principal.go:20.3,21.1 1 0
github.com/muety/wakapi/routes/utils/principal.go:22.2,22.52 1 1
github.com/muety/wakapi/routes/utils/principal.go:23.3,24.17 2 1
github.com/muety/wakapi/routes/utils/principal.go:25.4,26.1 1 1
github.com/muety/wakapi/routes/utils/principal.go:27.3,27.28 1 1
github.com/muety/wakapi/routes/utils/principal.go:29.2,29.12 1 0
github.com/muety/wakapi/routes/utils/project_utils.go:17.2,18.16 2 0
github.com/muety/wakapi/routes/utils/project_utils.go:19.3,20.1 1 0
github.com/muety/wakapi/routes/utils/project_utils.go:23.2,24.16 2 0
github.com/muety/wakapi/routes/utils/project_utils.go:25.3,26.1 1 0
github.com/muety/wakapi/routes/utils/project_utils.go:28.2,29.1 2 0
github.com/muety/wakapi/routes/utils/project_utils.go:32.2,32.35 2 0
github.com/muety/wakapi/routes/utils/project_utils.go:33.3,35.1 2 0
github.com/muety/wakapi/routes/utils/project_utils.go:37.2,39.20 3 0
github.com/muety/wakapi/routes/utils/session.go:10.2,13.1 3 0
github.com/muety/wakapi/routes/utils/summary_utils.go:14.2,15.16 2 0
github.com/muety/wakapi/routes/utils/summary_utils.go:16.3,17.1 1 0
github.com/muety/wakapi/routes/utils/summary_utils.go:18.2,18.51 1 0
github.com/muety/wakapi/routes/utils/summary_utils.go:22.2,23.22 2 0
github.com/muety/wakapi/routes/utils/summary_utils.go:24.3,25.1 1 0
github.com/muety/wakapi/routes/utils/summary_utils.go:27.2,36.16 2 0
github.com/muety/wakapi/routes/utils/summary_utils.go:37.3,38.1 1 0
github.com/muety/wakapi/routes/utils/summary_utils.go:40.2,43.1 4 0
github.com/muety/wakapi/routes/utils/summary_utils.go:44.2,44.36 4 0
github.com/muety/wakapi/routes/utils/summary_utils.go:48.2,49.22 2 0
github.com/muety/wakapi/routes/utils/summary_utils.go:50.3,51.1 1 0
github.com/muety/wakapi/routes/utils/summary_utils.go:53.2,62.16 2 0
github.com/muety/wakapi/routes/utils/summary_utils.go:63.3,64.1 1 0
github.com/muety/wakapi/routes/utils/summary_utils.go:66.2,69.1 4 0
github.com/muety/wakapi/routes/utils/summary_utils.go:70.2,70.36 4 0
github.com/muety/wakapi/routes/utils/summary_utils.go:74.2,75.32 2 0
github.com/muety/wakapi/routes/utils/summary_utils.go:76.3,76.50 1 0
github.com/muety/wakapi/routes/utils/summary_utils.go:77.4,78.1 1 0
github.com/muety/wakapi/routes/utils/summary_utils.go:80.2,80.15 1 0
github.com/muety/wakapi/routes/utils/user_utils.go:16.2,16.68 1 1
github.com/muety/wakapi/routes/utils/user_utils.go:17.3,21.1 4 1
github.com/muety/wakapi/routes/utils/user_utils.go:23.2,24.21 2 1
github.com/muety/wakapi/routes/utils/user_utils.go:25.3,26.1 1 1
github.com/muety/wakapi/routes/utils/user_utils.go:28.2,29.27 2 1
github.com/muety/wakapi/routes/utils/user_utils.go:30.3,31.1 1 1
github.com/muety/wakapi/routes/utils/user_utils.go:31.9,31.35 1 1
github.com/muety/wakapi/routes/utils/user_utils.go:32.3,33.1 1 1
github.com/muety/wakapi/routes/utils/user_utils.go:35.2,35.63 1 1
github.com/muety/wakapi/routes/utils/user_utils.go:36.3,37.1 1 1
github.com/muety/wakapi/routes/utils/user_utils.go:39.2,40.16 2 1
github.com/muety/wakapi/routes/utils/user_utils.go:41.3,42.1 1 0
github.com/muety/wakapi/routes/utils/user_utils.go:44.2,44.27 1 1
github.com/muety/wakapi/routes/utils/wakatime_utils.go:12.2,13.1 2 1
github.com/muety/wakapi/routes/utils/wakatime_utils.go:14.2,14.19 2 1
github.com/muety/wakapi/routes/utils/wakatime_utils.go:15.3,16.1 1 1
github.com/muety/wakapi/routes/utils/wakatime_utils.go:19.2,20.16 2 1
github.com/muety/wakapi/routes/utils/wakatime_utils.go:21.3,22.1 1 1
github.com/muety/wakapi/routes/utils/wakatime_utils.go:24.2,24.53 1 1
github.com/muety/wakapi/routes/utils/wakatime_utils.go:25.3,26.1 1 1
github.com/muety/wakapi/routes/utils/wakatime_utils.go:28.2,28.56 1 1
github.com/muety/wakapi/routes/utils/wakatime_utils.go:29.3,30.1 1 1
github.com/muety/wakapi/routes/utils/wakatime_utils.go:33.2,34.16 2 1
github.com/muety/wakapi/routes/utils/wakatime_utils.go:35.3,36.1 1 0
github.com/muety/wakapi/routes/utils/wakatime_utils.go:38.2,38.18 1 1
github.com/muety/wakapi/routes/utils/wakatime_utils.go:39.3,39.26 1 1
github.com/muety/wakapi/routes/utils/wakatime_utils.go:40.4,40.83 1 1
github.com/muety/wakapi/routes/utils/wakatime_utils.go:41.5,42.1 1 1
github.com/muety/wakapi/routes/utils/wakatime_utils.go:43.4,43.47 1 1
github.com/muety/wakapi/routes/utils/wakatime_utils.go:44.5,45.1 1 1
github.com/muety/wakapi/routes/utils/wakatime_utils.go:49.2,49.12 1 1
github.com/muety/wakapi/routes/utils/webauthn.go:13.2,15.1 3 0
github.com/muety/wakapi/routes/utils/webauthn.go:16.2,16.47 3 0
github.com/muety/wakapi/routes/utils/webauthn.go:17.3,18.1 1 0
github.com/muety/wakapi/routes/utils/webauthn.go:20.2,20.25 1 0
github.com/muety/wakapi/routes/utils/webauthn.go:21.3,22.1 1 0
github.com/muety/wakapi/routes/utils/webauthn.go:24.2,24.24 1 0
github.com/muety/wakapi/routes/utils/webauthn.go:28.2,30.9 3 0
github.com/muety/wakapi/routes/utils/webauthn.go:31.3,32.1 1 0
github.com/muety/wakapi/routes/utils/webauthn.go:33.2,34.9 2 0
github.com/muety/wakapi/routes/utils/webauthn.go:35.3,37.1 2 0
github.com/muety/wakapi/routes/utils/webauthn.go:39.2,39.47 1 0
github.com/muety/wakapi/routes/utils/webauthn.go:40.3,41.10 2 0
github.com/muety/wakapi/routes/utils/webauthn.go:42.4,43.1 1 0
github.com/muety/wakapi/routes/utils/webauthn.go:45.3,46.10 2 0
github.com/muety/wakapi/routes/utils/webauthn.go:47.4,48.1 1 0
github.com/muety/wakapi/routes/utils/webauthn.go:50.3,50.36 1 0
github.com/muety/wakapi/routes/utils/webauthn.go:51.4,52.1 1 0
github.com/muety/wakapi/routes/utils/webauthn.go:55.2,55.21 1 0
github.com/muety/wakapi/routes/api/activity.go:20.2,21.1 1 1
github.com/muety/wakapi/routes/api/activity.go:30.2,34.1 1 0
github.com/muety/wakapi/routes/api/activity.go:38.2,44.1 4 0
github.com/muety/wakapi/routes/api/activity.go:45.2,46.1 4 0
github.com/muety/wakapi/routes/api/activity.go:49.2,50.1 3 0
github.com/muety/wakapi/routes/api/activity.go:54.2,55.45 3 0
github.com/muety/wakapi/routes/api/activity.go:56.3,59.1 3 0
github.com/muety/wakapi/routes/api/activity.go:60.2,61.16 2 0
github.com/muety/wakapi/routes/api/activity.go:62.3,64.1 2 0
github.com/muety/wakapi/routes/api/activity.go:66.2,66.68 1 0
github.com/muety/wakapi/routes/api/activity.go:67.3,67.40 1 0
github.com/muety/wakapi/routes/api/activity.go:68.4,70.1 2 0
github.com/muety/wakapi/routes/api/activity.go:73.2,75.1 4 0
github.com/muety/wakapi/routes/api/activity.go:76.2,77.16 4 0
github.com/muety/wakapi/routes/api/activity.go:78.3,81.1 3 0
github.com/muety/wakapi/routes/api/activity.go:83.2,86.24 4 0
github.com/muety/wakapi/routes/api/avatar.go:20.2,21.16 2 0
github.com/muety/wakapi/routes/api/avatar.go:22.3,22.13 1 0
github.com/muety/wakapi/routes/api/avatar.go:25.2,28.1 1 0
github.com/muety/wakapi/routes/api/avatar.go:32.2,36.1 4 0
github.com/muety/wakapi/routes/api/avatar.go:39.2,40.1 2 0
github.com/muety/wakapi/routes/api/avatar.go:41.2,41.37 2 0
github.com/muety/wakapi/routes/api/avatar.go:42.3,43.1 1 0
github.com/muety/wakapi/routes/api/avatar.go:45.2,45.29 1 0
github.com/muety/wakapi/routes/api/avatar.go:46.3,47.1 1 0
github.com/muety/wakapi/routes/api/avatar.go:48.2,49.1 5 0
github.com/muety/wakapi/routes/api/avatar.go:50.2,53.32 5 0
github.com/muety/wakapi/routes/api/badge.go:29.2,34.1 1 1
github.com/muety/wakapi/routes/api/badge.go:38.2,42.1 4 1
github.com/muety/wakapi/routes/api/badge.go:45.2,47.16 3 1
github.com/muety/wakapi/routes/api/badge.go:48.3,50.1 2 0
github.com/muety/wakapi/routes/api/badge.go:52.2,53.16 2 1
github.com/muety/wakapi/routes/api/badge.go:54.3,57.1 3 1
github.com/muety/wakapi/routes/api/badge.go:58.2,59.1 4 1
github.com/muety/wakapi/routes/api/badge.go:60.2,62.62 4 1
github.com/muety/wakapi/routes/api/badge.go:63.3,65.1 2 0
github.com/muety/wakapi/routes/api/badge.go:67.2,72.1 3 1
github.com/muety/wakapi/routes/api/badge.go:74.2,75.16 3 1
github.com/muety/wakapi/routes/api/badge.go:76.3,79.1 3 0
github.com/muety/wakapi/routes/api/badge.go:81.2,82.66 2 1
github.com/muety/wakapi/routes/api/badge.go:83.3,84.1 1 0
github.com/muety/wakapi/routes/api/badge.go:85.2,85.66 1 1
github.com/muety/wakapi/routes/api/badge.go:86.3,87.1 1 0
github.com/muety/wakapi/routes/api/badge.go:89.2,89.101 1 1
github.com/muety/wakapi/routes/api/badge.go:90.3,91.1 1 1
github.com/muety/wakapi/routes/api/badge.go:93.2,95.25 3 1
github.com/muety/wakapi/routes/api/badge.go:99.2,103.1 4 1
github.com/muety/wakapi/routes/api/captcha.go:14.2,16.1 1 0
github.com/muety/wakapi/routes/api/captcha.go:20.2,21.1 1 0
github.com/muety/wakapi/routes/api/diagnostics.go:21.2,25.1 1 0
github.com/muety/wakapi/routes/api/diagnostics.go:29.2,30.1 1 0
github.com/muety/wakapi/routes/api/diagnostics.go:40.2,41.1 2 0
github.com/muety/wakapi/routes/api/diagnostics.go:42.2,42.69 2 0
github.com/muety/wakapi/routes/api/diagnostics.go:43.3,47.1 4 0
github.com/muety/wakapi/routes/api/diagnostics.go:49.2,49.66 1 0
github.com/muety/wakapi/routes/api/diagnostics.go:50.3,54.1 4 0
github.com/muety/wakapi/routes/api/diagnostics.go:56.2,56.59 1 0
github.com/muety/wakapi/routes/api/health.go:23.2,24.1 1 0
github.com/muety/wakapi/routes/api/health.go:27.2,28.1 1 0
github.com/muety/wakapi/routes/api/health.go:37.2,38.41 2 0
github.com/muety/wakapi/routes/api/health.go:39.3,39.38 1 0
github.com/muety/wakapi/routes/api/health.go:40.4,41.1 1 0
github.com/muety/wakapi/routes/api/health.go:44.2,44.72 1 0
github.com/muety/wakapi/routes/api/health.go:45.3,47.1 2 0
github.com/muety/wakapi/routes/api/health.go:49.2,50.56 2 0
github.com/muety/wakapi/routes/api/heartbeat.go:29.2,34.1 1 1
github.com/muety/wakapi/routes/api/heartbeat.go:38.2,38.34 1 1
github.com/muety/wakapi/routes/api/heartbeat.go:39.3,43.1 10 1
github.com/muety/wakapi/routes/api/heartbeat.go:44.3,52.1 10 1
github.com/muety/wakapi/routes/api/heartbeat.go:54.3,54.36 10 1
github.com/muety/wakapi/routes/api/heartbeat.go:55.4,56.1 1 1
github.com/muety/wakapi/routes/api/heartbeat.go:69.2,70.16 2 1
github.com/muety/wakapi/routes/api/heartbeat.go:71.3,72.1 1 0
github.com/muety/wakapi/routes/api/heartbeat.go:74.2,76.16 3 1
github.com/muety/wakapi/routes/api/heartbeat.go:77.3,81.1 4 0
github.com/muety/wakapi/routes/api/heartbeat.go:83.2,86.1 6 1
github.com/muety/wakapi/routes/api/heartbeat.go:87.2,89.1 6 1
github.com/muety/wakapi/routes/api/heartbeat.go:90.2,90.32 6 1
github.com/muety/wakapi/routes/api/heartbeat.go:91.3,91.16 1 1
github.com/muety/wakapi/routes/api/heartbeat.go:92.4,95.1 2 0
github.com/muety/wakapi/routes/api/heartbeat.go:96.4,96.12 2 0
github.com/muety/wakapi/routes/api/heartbeat.go:99.3,104.1 6 1
github.com/muety/wakapi/routes/api/heartbeat.go:105.3,105.25 6 1
github.com/muety/wakapi/routes/api/heartbeat.go:106.4,111.1 5 1
github.com/muety/wakapi/routes/api/heartbeat.go:112.3,112.23 1 1
github.com/muety/wakapi/routes/api/heartbeat.go:113.4,114.1 1 0
github.com/muety/wakapi/routes/api/heartbeat.go:115.3,115.23 1 1
github.com/muety/wakapi/routes/api/heartbeat.go:116.4,117.1 1 1
github.com/muety/wakapi/routes/api/heartbeat.go:119.3,120.1 9 1
github.com/muety/wakapi/routes/api/heartbeat.go:121.3,128.1 9 1
github.com/muety/wakapi/routes/api/heartbeat.go:129.3,129.65 9 1
github.com/muety/wakapi/routes/api/heartbeat.go:130.4,133.1 2 1
github.com/muety/wakapi/routes/api/heartbeat.go:134.4,134.12 2 1
github.com/muety/wakapi/routes/api/heartbeat.go:137.3,139.48 3 1
github.com/muety/wakapi/routes/api/heartbeat.go:142.2,142.30 1 1
github.com/muety/wakapi/routes/api/heartbeat.go:143.3,143.70 1 1
github.com/muety/wakapi/routes/api/heartbeat.go:144.4,148.1 4 0
github.com/muety/wakapi/routes/api/heartbeat.go:150.3,150.20 1 1
github.com/muety/wakapi/routes/api/heartbeat.go:151.4,152.53 2 0
github.com/muety/wakapi/routes/api/heartbeat.go:153.5,157.1 4 0
github.com/muety/wakapi/routes/api/heartbeat.go:161.2,161.28 1 1
github.com/muety/wakapi/routes/api/heartbeat.go:162.3,165.1 3 0
github.com/muety/wakapi/routes/api/heartbeat.go:167.2,167.82 1 1
github.com/muety/wakapi/routes/api/heartbeat.go:172.2,174.1 2 1
github.com/muety/wakapi/routes/api/heartbeat.go:175.2,175.28 2 1
github.com/muety/wakapi/routes/api/heartbeat.go:176.3,177.1 1 1
github.com/muety/wakapi/routes/api/heartbeat.go:178.2,178.11 1 1
github.com/muety/wakapi/routes/api/heartbeat.go:188.2,188.45 1 1
github.com/muety/wakapi/routes/api/heartbeat.go:189.3,190.1 1 1
github.com/muety/wakapi/routes/api/heartbeat.go:192.2,192.31 1 1
github.com/muety/wakapi/routes/api/heartbeat.go:194.3,194.76 1 1
github.com/muety/wakapi/routes/api/heartbeat.go:195.4,196.1 1 1
github.com/muety/wakapi/routes/api/heartbeat.go:199.2,199.32 1 1
github.com/muety/wakapi/routes/api/heartbeat.go:201.3,201.137 1 1
github.com/muety/wakapi/routes/api/heartbeat.go:202.4,203.1 1 1
github.com/muety/wakapi/routes/api/heartbeat.go:206.2,206.30 1 1
github.com/muety/wakapi/routes/api/heartbeat.go:208.3,208.137 1 1
github.com/muety/wakapi/routes/api/heartbeat.go:209.4,210.1 1 1
github.com/muety/wakapi/routes/api/heartbeat.go:213.2,214.11 2 1
github.com/muety/wakapi/routes/api/heartbeat.go:228.45,228.45 0 0
github.com/muety/wakapi/routes/api/heartbeat.go:239.45,239.45 0 0
github.com/muety/wakapi/routes/api/heartbeat.go:250.45,250.45 0 0
github.com/muety/wakapi/routes/api/heartbeat.go:260.45,260.45 0 0
github.com/muety/wakapi/routes/api/heartbeat.go:271.45,271.45 0 0
github.com/muety/wakapi/routes/api/heartbeat.go:282.45,282.45 0 0
github.com/muety/wakapi/routes/api/heartbeat.go:293.45,293.45 0 0
github.com/muety/wakapi/routes/api/metrics.go:75.2,83.1 1 0
github.com/muety/wakapi/routes/api/metrics.go:87.2,87.38 1 0
github.com/muety/wakapi/routes/api/metrics.go:88.3,89.1 1 0
github.com/muety/wakapi/routes/api/metrics.go:91.2,92.1 5 0
github.com/muety/wakapi/routes/api/metrics.go:93.2,96.1 5 0
github.com/muety/wakapi/routes/api/metrics.go:97.2,97.29 5 0
github.com/muety/wakapi/routes/api/metrics.go:101.2,102.20 2 0
github.com/muety/wakapi/routes/api/metrics.go:103.3,106.1 3 0
github.com/muety/wakapi/routes/api/metrics.go:108.2,109.1 2 0
github.com/muety/wakapi/routes/api/metrics.go:110.2,110.63 2 0
github.com/muety/wakapi/routes/api/metrics.go:111.3,115.1 4 0
github.com/muety/wakapi/routes/api/metrics.go:116.3,116.34 1 0
github.com/muety/wakapi/routes/api/metrics.go:117.4,118.1 1 0
github.com/muety/wakapi/routes/api/metrics.go:121.2,121.21 1 0
github.com/muety/wakapi/routes/api/metrics.go:122.3,122.66 1 0
github.com/muety/wakapi/routes/api/metrics.go:123.4,127.1 4 0
github.com/muety/wakapi/routes/api/metrics.go:128.4,128.36 1 0
github.com/muety/wakapi/routes/api/metrics.go:129.5,130.1 1 0
github.com/muety/wakapi/routes/api/metrics.go:134.2,135.1 3 0
github.com/muety/wakapi/routes/api/metrics.go:136.2,137.34 3 0
github.com/muety/wakapi/routes/api/metrics.go:141.2,142.1 3 0
github.com/muety/wakapi/routes/api/metrics.go:143.2,144.16 3 0
github.com/muety/wakapi/routes/api/metrics.go:145.3,147.1 2 0
github.com/muety/wakapi/routes/api/metrics.go:149.2,150.1 3 0
github.com/muety/wakapi/routes/api/metrics.go:151.2,152.16 3 0
github.com/muety/wakapi/routes/api/metrics.go:153.3,155.1 2 0
github.com/muety/wakapi/routes/api/metrics.go:157.2,158.16 2 0
github.com/muety/wakapi/routes/api/metrics.go:159.3,161.1 2 0
github.com/muety/wakapi/routes/api/metrics.go:163.2,164.37 2 0
github.com/muety/wakapi/routes/api/metrics.go:165.3,166.17 2 0
github.com/muety/wakapi/routes/api/metrics.go:167.4,169.1 2 0
github.com/muety/wakapi/routes/api/metrics.go:174.2,180.1 4 0
github.com/muety/wakapi/routes/api/metrics.go:181.2,187.1 4 0
github.com/muety/wakapi/routes/api/metrics.go:188.2,194.1 4 0
github.com/muety/wakapi/routes/api/metrics.go:195.2,195.42 4 0
github.com/muety/wakapi/routes/api/metrics.go:196.3,202.1 1 0
github.com/muety/wakapi/routes/api/metrics.go:204.2,204.43 1 0
github.com/muety/wakapi/routes/api/metrics.go:205.3,211.1 1 0
github.com/muety/wakapi/routes/api/metrics.go:213.2,213.41 1 0
github.com/muety/wakapi/routes/api/metrics.go:214.3,220.1 1 0
github.com/muety/wakapi/routes/api/metrics.go:222.2,222.50 1 0
github.com/muety/wakapi/routes/api/metrics.go:223.3,229.1 1 0
github.com/muety/wakapi/routes/api/metrics.go:231.2,231.42 1 0
github.com/muety/wakapi/routes/api/metrics.go:232.3,238.1 1 0
github.com/muety/wakapi/routes/api/metrics.go:240.2,240.40 1 0
github.com/muety/wakapi/routes/api/metrics.go:241.3,247.1 1 0
github.com/muety/wakapi/routes/api/metrics.go:249.2,249.44 1 0
github.com/muety/wakapi/routes/api/metrics.go:250.3,256.1 1 0
github.com/muety/wakapi/routes/api/metrics.go:258.2,259.34 2 0
github.com/muety/wakapi/routes/api/metrics.go:260.3,261.1 1 0
github.com/muety/wakapi/routes/api/metrics.go:262.2,268.1 16 0
github.com/muety/wakapi/routes/api/metrics.go:270.2,272.1 16 0
github.com/muety/wakapi/routes/api/metrics.go:273.2,279.1 16 0
github.com/muety/wakapi/routes/api/metrics.go:280.2,286.1 16 0
github.com/muety/wakapi/routes/api/metrics.go:287.2,293.1 16 0
github.com/muety/wakapi/routes/api/metrics.go:294.2,300.1 16 0
github.com/muety/wakapi/routes/api/metrics.go:301.2,307.1 16 0
github.com/muety/wakapi/routes/api/metrics.go:308.2,314.1 16 0
github.com/muety/wakapi/routes/api/metrics.go:315.2,321.1 16 0
github.com/muety/wakapi/routes/api/metrics.go:322.2,328.1 16 0
github.com/muety/wakapi/routes/api/metrics.go:329.2,335.1 16 0
github.com/muety/wakapi/routes/api/metrics.go:336.2,342.1 16 0
github.com/muety/wakapi/routes/api/metrics.go:343.2,349.1 16 0
github.com/muety/wakapi/routes/api/metrics.go:351.2,352.16 16 0
github.com/muety/wakapi/routes/api/metrics.go:353.3,354.1 1 0
github.com/muety/wakapi/routes/api/metrics.go:356.2,362.1 2 0
github.com/muety/wakapi/routes/api/metrics.go:364.2,364.44 2 0
github.com/muety/wakapi/routes/api/metrics.go:365.3,371.1 2 0
github.com/muety/wakapi/routes/api/metrics.go:372.3,378.1 2 0
github.com/muety/wakapi/routes/api/metrics.go:380.2,380.22 1 0
github.com/muety/wakapi/routes/api/metrics.go:384.2,385.1 4 0
github.com/muety/wakapi/routes/api/metrics.go:386.2,388.1 4 0
github.com/muety/wakapi/routes/api/metrics.go:389.2,389.19 4 0
github.com/muety/wakapi/routes/api/metrics.go:390.3,391.1 1 0
github.com/muety/wakapi/routes/api/metrics.go:393.2,394.106 2 0
github.com/muety/wakapi/routes/api/metrics.go:395.3,395.56 1 0
github.com/muety/wakapi/routes/api/metrics.go:396.4,397.1 1 0
github.com/muety/wakapi/routes/api/metrics.go:400.2,403.1 5 0
github.com/muety/wakapi/routes/api/metrics.go:404.2,405.16 5 0
github.com/muety/wakapi/routes/api/metrics.go:406.3,408.1 2 0
github.com/muety/wakapi/routes/api/metrics.go:409.2,410.1 7 0
github.com/muety/wakapi/routes/api/metrics.go:411.2,417.1 7 0
github.com/muety/wakapi/routes/api/metrics.go:418.2,424.1 7 0
github.com/muety/wakapi/routes/api/metrics.go:425.2,431.1 7 0
github.com/muety/wakapi/routes/api/metrics.go:432.2,438.1 7 0
github.com/muety/wakapi/routes/api/metrics.go:441.2,442.16 7 0
github.com/muety/wakapi/routes/api/metrics.go:443.3,445.1 2 0
github.com/muety/wakapi/routes/api/metrics.go:447.2,447.32 1 0
github.com/muety/wakapi/routes/api/metrics.go:448.3,454.1 1 0
github.com/muety/wakapi/routes/api/metrics.go:455.2,456.1 6 0
github.com/muety/wakapi/routes/api/metrics.go:459.2,461.1 6 0
github.com/muety/wakapi/routes/api/metrics.go:462.2,464.1 6 0
github.com/muety/wakapi/routes/api/metrics.go:465.2,465.29 6 0
github.com/muety/wakapi/routes/api/metrics.go:466.3,466.20 1 0
github.com/muety/wakapi/routes/api/metrics.go:467.4,468.18 2 0
github.com/muety/wakapi/routes/api/metrics.go:469.5,471.1 2 0
github.com/muety/wakapi/routes/api/metrics.go:472.4,479.6 3 0
github.com/muety/wakapi/routes/api/metrics.go:483.2,485.1 3 0
github.com/muety/wakapi/routes/api/metrics.go:486.2,486.22 3 0
github.com/muety/wakapi/routes/api/root.go:14.2,15.1 1 1
github.com/muety/wakapi/routes/api/root.go:18.2,19.1 1 1
github.com/muety/wakapi/routes/api/root.go:22.2,23.88 2 1
github.com/muety/wakapi/routes/api/root.go:24.3,26.1 2 1
github.com/muety/wakapi/routes/api/root.go:27.2,27.21 1 1
github.com/muety/wakapi/routes/api/summary.go:21.2,25.1 1 0
github.com/muety/wakapi/routes/api/summary.go:29.2,32.1 4 0
github.com/muety/wakapi/routes/api/summary.go:33.2,34.1 4 0
github.com/muety/wakapi/routes/api/summary.go:54.2,55.16 2 0
github.com/muety/wakapi/routes/api/summary.go:56.3,59.1 3 0
github.com/muety/wakapi/routes/api/summary.go:61.2,61.51 1 0
github.com/muety/wakapi/services/mail/mail.go:42.2,43.1 4 0
github.com/muety/wakapi/services/mail/mail.go:44.2,46.1 4 0
github.com/muety/wakapi/services/mail/mail.go:47.2,47.25 4 0
github.com/muety/wakapi/services/mail/mail.go:48.3,48.52 1 0
github.com/muety/wakapi/services/mail/mail.go:49.4,50.1 1 0
github.com/muety/wakapi/services/mail/mail.go:54.2,56.16 3 0
github.com/muety/wakapi/services/mail/mail.go:57.3,57.13 1 0
github.com/muety/wakapi/services/mail/mail.go:60.2,60.91 1 0
github.com/muety/wakapi/services/mail/mail.go:64.2,65.16 2 0
github.com/muety/wakapi/services/mail/mail.go:66.3,67.1 1 0
github.com/muety/wakapi/services/mail/mail.go:68.2,72.1 3 0
github.com/muety/wakapi/services/mail/mail.go:73.2,74.36 3 0
github.com/muety/wakapi/services/mail/mail.go:78.2,82.16 2 0
github.com/muety/wakapi/services/mail/mail.go:83.3,84.1 1 0
github.com/muety/wakapi/services/mail/mail.go:85.2,89.1 3 0
github.com/muety/wakapi/services/mail/mail.go:90.2,91.36 3 0
github.com/muety/wakapi/services/mail/mail.go:95.2,100.16 2 0
github.com/muety/wakapi/services/mail/mail.go:101.3,102.1 1 0
github.com/muety/wakapi/services/mail/mail.go:103.2,107.1 3 0
github.com/muety/wakapi/services/mail/mail.go:108.2,109.36 3 0
github.com/muety/wakapi/services/mail/mail.go:113.2,114.16 2 0
github.com/muety/wakapi/services/mail/mail.go:115.3,116.1 1 0
github.com/muety/wakapi/services/mail/mail.go:117.2,122.1 3 0
github.com/muety/wakapi/services/mail/mail.go:123.2,124.36 3 0
github.com/muety/wakapi/services/mail/mail.go:128.2,133.16 2 0
github.com/muety/wakapi/services/mail/mail.go:134.3,135.1 1 0
github.com/muety/wakapi/services/mail/mail.go:136.2,140.1 3 0
github.com/muety/wakapi/services/mail/mail.go:141.2,142.36 3 0
github.com/muety/wakapi/services/mail/mail.go:146.2,147.94 2 0
github.com/muety/wakapi/services/mail/mail.go:148.3,149.1 1 0
github.com/muety/wakapi/services/mail/mail.go:150.2,150.23 1 0
github.com/muety/wakapi/services/mail/mail.go:154.2,155.108 2 0
github.com/muety/wakapi/services/mail/mail.go:156.3,157.1 1 0
github.com/muety/wakapi/services/mail/mail.go:158.2,158.23 1 0
github.com/muety/wakapi/services/mail/mail.go:162.2,163.99 2 0
github.com/muety/wakapi/services/mail/mail.go:164.3,165.1 1 0
github.com/muety/wakapi/services/mail/mail.go:166.2,166.23 1 0
github.com/muety/wakapi/services/mail/mail.go:170.2,171.87 2 0
github.com/muety/wakapi/services/mail/mail.go:172.3,173.1 1 0
github.com/muety/wakapi/services/mail/mail.go:174.2,174.23 1 0
github.com/muety/wakapi/services/mail/mail.go:178.2,179.105 2 0
github.com/muety/wakapi/services/mail/mail.go:180.3,181.1 1 0
github.com/muety/wakapi/services/mail/mail.go:182.2,182.23 1 0
github.com/muety/wakapi/services/mail/mail.go:186.2,187.1 1 0
github.com/muety/wakapi/services/mail/noop.go:11.2,13.1 2 0
github.com/muety/wakapi/services/mail/smtp.go:19.2,26.1 1 0
github.com/muety/wakapi/services/mail/smtp.go:30.2,31.1 3 0
github.com/muety/wakapi/services/mail/smtp.go:32.2,33.18 3 0
github.com/muety/wakapi/services/mail/smtp.go:34.3,34.50 1 0
github.com/muety/wakapi/services/mail/smtp.go:35.4,36.1 1 0
github.com/muety/wakapi/services/mail/smtp.go:39.2,40.16 2 0
github.com/muety/wakapi/services/mail/smtp.go:41.3,42.1 1 0
github.com/muety/wakapi/services/mail/smtp.go:43.2,44.1 2 0
github.com/muety/wakapi/services/mail/smtp.go:48.2,48.42 2 0
github.com/muety/wakapi/services/mail/smtp.go:49.3,50.1 2 0
github.com/muety/wakapi/services/mail/smtp.go:51.3,51.17 2 0
github.com/muety/wakapi/services/mail/smtp.go:52.4,52.48 1 0
github.com/muety/wakapi/services/mail/smtp.go:53.5,53.28 1 0
github.com/muety/wakapi/services/mail/smtp.go:53.29,53.29 0 0
github.com/muety/wakapi/services/mail/smtp.go:56.5,56.15 1 0
github.com/muety/wakapi/services/mail/smtp.go:58.5,59.1 1 0
github.com/muety/wakapi/services/mail/smtp.go:63.3,65.18 3 0
github.com/muety/wakapi/services/mail/smtp.go:69.2,69.55 1 0
github.com/muety/wakapi/services/mail/smtp.go:70.3,70.65 1 0
github.com/muety/wakapi/services/mail/smtp.go:71.4,72.1 1 0
github.com/muety/wakapi/services/mail/smtp.go:74.3,74.39 1 0
github.com/muety/wakapi/services/mail/smtp.go:75.4,76.1 1 0
github.com/muety/wakapi/services/mail/smtp.go:79.2,79.52 1 0
github.com/muety/wakapi/services/mail/smtp.go:80.3,81.1 1 0
github.com/muety/wakapi/services/mail/smtp.go:83.2,83.44 1 0
github.com/muety/wakapi/services/mail/smtp.go:84.3,84.42 1 0
github.com/muety/wakapi/services/mail/smtp.go:85.4,86.1 1 0
github.com/muety/wakapi/services/mail/smtp.go:89.2,90.16 2 0
github.com/muety/wakapi/services/mail/smtp.go:91.3,92.1 1 0
github.com/muety/wakapi/services/mail/smtp.go:94.2,95.16 2 0
github.com/muety/wakapi/services/mail/smtp.go:96.3,97.1 1 0
github.com/muety/wakapi/services/mail/smtp.go:99.2,100.16 2 0
github.com/muety/wakapi/services/mail/smtp.go:101.3,102.1 1 0
github.com/muety/wakapi/services/mail/smtp.go:104.2,104.33 1 0
github.com/muety/wakapi/services/mail/smtp.go:105.3,106.1 1 0
github.com/muety/wakapi/services/mail/smtp.go:108.2,108.12 1 0
github.com/muety/wakapi/static/docs/docs.go:2012.2,2013.1 1 0
github.com/muety/wakapi/utils/fs/exists.go:11.2,12.16 2 0
github.com/muety/wakapi/utils/fs/exists.go:13.3,13.13 1 0
github.com/muety/wakapi/utils/fs/exists.go:16.2,19.1 1 0
github.com/muety/wakapi/utils/fs/exists.go:29.2,31.1 2 0
github.com/muety/wakapi/utils/fs/exists.go:34.2,34.18 1 0
github.com/muety/wakapi/utils/fs/exists.go:35.3,35.44 1 0
github.com/muety/wakapi/utils/fs/exists.go:36.4,37.1 1 0
github.com/muety/wakapi/utils/fs/exists.go:39.2,41.18 3 0
github.com/muety/wakapi/utils/fs/exists.go:42.3,43.1 1 0
github.com/muety/wakapi/utils/fs/exists.go:44.2,44.15 1 0
github.com/muety/wakapi/utils/fs/exists.go:48.2,49.1 1 0
github.com/muety/wakapi/utils/fs/exists.go:59.2,62.1 1 0
github.com/muety/wakapi/utils/fs/exists.go:66.2,66.34 1 0
github.com/muety/wakapi/utils/fs/exists.go:67.3,68.1 1 0
github.com/muety/wakapi/utils/fs/exists.go:69.2,69.35 1 0
github.com/muety/wakapi/utils/fs/exists.go:73.2,74.1 1 0
github.com/muety/wakapi/utils/fs/neutered.go:15.2,16.16 2 0
github.com/muety/wakapi/utils/fs/neutered.go:17.3,18.1 1 0
github.com/muety/wakapi/utils/fs/neutered.go:20.2,21.15 2 0
github.com/muety/wakapi/utils/fs/neutered.go:22.3,23.47 2 0
github.com/muety/wakapi/utils/fs/neutered.go:24.4,25.23 2 0
github.com/muety/wakapi/utils/fs/neutered.go:26.5,27.1 1 0
github.com/muety/wakapi/utils/fs/neutered.go:29.4,29.19 1 0
github.com/muety/wakapi/utils/fs/neutered.go:33.2,33.15 1 0
github.com/muety/wakapi/routes/compat/shields/v1/badge.go:28.2,33.1 1 0
github.com/muety/wakapi/routes/compat/shields/v1/badge.go:38.2,39.1 1 0
github.com/muety/wakapi/routes/compat/shields/v1/badge.go:52.2,53.16 2 0
github.com/muety/wakapi/routes/compat/shields/v1/badge.go:54.3,56.1 2 0
github.com/muety/wakapi/routes/compat/shields/v1/badge.go:58.2,59.16 2 0
github.com/muety/wakapi/routes/compat/shields/v1/badge.go:60.3,63.1 3 0
github.com/muety/wakapi/routes/compat/shields/v1/badge.go:64.2,65.1 3 0
github.com/muety/wakapi/routes/compat/shields/v1/badge.go:66.2,67.50 3 0
github.com/muety/wakapi/routes/compat/shields/v1/badge.go:68.3,70.1 2 0
github.com/muety/wakapi/routes/compat/shields/v1/badge.go:72.2,77.1 3 0
github.com/muety/wakapi/routes/compat/shields/v1/badge.go:79.2,80.16 3 0
github.com/muety/wakapi/routes/compat/shields/v1/badge.go:81.3,84.1 3 0
github.com/muety/wakapi/routes/compat/shields/v1/badge.go:86.2,88.46 3 0
github.com/muety/wakapi/routes/compat/shields/v1/badge.go:92.2,93.16 2 0
github.com/muety/wakapi/routes/compat/shields/v1/badge.go:94.3,95.1 1 0
github.com/muety/wakapi/routes/compat/shields/v1/badge.go:97.2,101.1 3 0
github.com/muety/wakapi/routes/compat/shields/v1/badge.go:103.2,104.29 3 0
github.com/muety/wakapi/routes/compat/shields/v1/badge.go:105.3,106.1 1 0
github.com/muety/wakapi/routes/compat/shields/v1/badge.go:108.2,117.16 2 0
github.com/muety/wakapi/routes/compat/shields/v1/badge.go:118.3,119.1 1 0
github.com/muety/wakapi/routes/compat/shields/v1/badge.go:121.2,121.36 1 0
github.com/muety/wakapi/utils/test/test_utils.go:11.2,12.22 2 0
github.com/muety/wakapi/utils/test/test_utils.go:13.3,14.1 1 0
github.com/muety/wakapi/utils/test/test_utils.go:15.2,15.31 1 0
github.com/muety/wakapi/utils/test/test_utils.go:16.3,16.23 1 0
github.com/muety/wakapi/utils/test/test_utils.go:17.4,18.1 1 0
github.com/muety/wakapi/utils/test/test_utils.go:20.2,20.109 1 0
github.com/muety/wakapi/services/activity.go:43.2,47.1 1 0
github.com/muety/wakapi/services/activity.go:53.2,54.65 2 0
github.com/muety/wakapi/services/activity.go:55.3,56.1 1 0
github.com/muety/wakapi/services/activity.go:58.2,58.18 1 0
github.com/muety/wakapi/services/activity.go:60.3,61.17 2 0
github.com/muety/wakapi/services/activity.go:62.4,63.1 1 0
github.com/muety/wakapi/services/activity.go:64.3,64.20 1 0
github.com/muety/wakapi/services/activity.go:66.3,66.48 1 0
github.com/muety/wakapi/services/activity.go:71.2,72.1 3 0
github.com/muety/wakapi/services/activity.go:73.2,74.16 3 0
github.com/muety/wakapi/services/activity.go:75.3,76.1 1 0
github.com/muety/wakapi/services/activity.go:78.2,80.1 5 0
github.com/muety/wakapi/services/activity.go:81.2,83.1 5 0
github.com/muety/wakapi/services/activity.go:85.2,85.37 5 0
github.com/muety/wakapi/services/activity.go:86.3,88.1 3 0
github.com/muety/wakapi/services/activity.go:89.3,89.20 3 0
github.com/muety/wakapi/services/activity.go:90.4,91.18 2 0
github.com/muety/wakapi/services/activity.go:92.5,98.1 6 0
github.com/muety/wakapi/services/activity.go:100.4,102.16 3 0
github.com/muety/wakapi/services/activity.go:106.2,107.1 9 0
github.com/muety/wakapi/services/activity.go:108.2,109.1 9 0
github.com/muety/wakapi/services/activity.go:110.2,118.1 9 0
github.com/muety/wakapi/services/activity.go:120.2,121.1 9 0
github.com/muety/wakapi/services/activity.go:122.2,129.1 9 0
github.com/muety/wakapi/services/activity.go:130.2,131.1 9 0
github.com/muety/wakapi/services/activity.go:132.2,132.30 9 0
github.com/muety/wakapi/services/activity.go:133.3,135.1 6 0
github.com/muety/wakapi/services/activity.go:136.3,140.1 6 0
github.com/muety/wakapi/services/activity.go:142.2,142.22 1 0
github.com/muety/wakapi/services/activity.go:143.3,147.1 4 0
github.com/muety/wakapi/services/activity.go:149.2,150.1 2 0
github.com/muety/wakapi/services/activity.go:151.2,151.26 2 0
github.com/muety/wakapi/services/aggregation.go:35.2,45.1 1 0
github.com/muety/wakapi/services/aggregation.go:56.2,57.1 2 0
github.com/muety/wakapi/services/aggregation.go:58.2,58.52 2 0
github.com/muety/wakapi/services/aggregation.go:59.3,59.84 1 0
github.com/muety/wakapi/services/aggregation.go:60.4,61.1 1 0
github.com/muety/wakapi/services/aggregation.go:63.3,64.1 1 0
github.com/muety/wakapi/services/aggregation.go:69.2,69.47 1 0
github.com/muety/wakapi/services/aggregation.go:70.3,71.1 1 0
github.com/muety/wakapi/services/aggregation.go:72.2,73.1 4 0
github.com/muety/wakapi/services/aggregation.go:74.2,75.1 4 0
github.com/muety/wakapi/services/aggregation.go:77.2,78.16 4 0
github.com/muety/wakapi/services/aggregation.go:79.3,81.1 2 0
github.com/muety/wakapi/services/aggregation.go:84.2,85.16 2 0
github.com/muety/wakapi/services/aggregation.go:86.3,88.1 2 0
github.com/muety/wakapi/services/aggregation.go:91.2,92.44 2 0
github.com/muety/wakapi/services/aggregation.go:93.3,94.1 1 0
github.com/muety/wakapi/services/aggregation.go:97.2,98.42 2 0
github.com/muety/wakapi/services/aggregation.go:99.3,100.1 1 0
github.com/muety/wakapi/services/aggregation.go:101.3,102.1 1 0
github.com/muety/wakapi/services/aggregation.go:103.2,103.16 1 0
github.com/muety/wakapi/services/aggregation.go:104.3,105.1 1 0
github.com/muety/wakapi/services/aggregation.go:108.2,108.29 1 0
github.com/muety/wakapi/services/aggregation.go:109.3,111.1 4 0
github.com/muety/wakapi/services/aggregation.go:112.3,113.1 4 0
github.com/muety/wakapi/services/aggregation.go:116.3,116.23 4 0
github.com/muety/wakapi/services/aggregation.go:117.4,118.56 2 0
github.com/muety/wakapi/services/aggregation.go:119.5,122.1 3 0
github.com/muety/wakapi/services/aggregation.go:123.5,125.1 2 0
github.com/muety/wakapi/services/aggregation.go:129.3,129.42 1 0
github.com/muety/wakapi/services/aggregation.go:130.4,130.25 1 0
github.com/muety/wakapi/services/aggregation.go:131.5,131.13 1 0
github.com/muety/wakapi/services/aggregation.go:134.4,134.22 1 0
github.com/muety/wakapi/services/aggregation.go:137.5,139.1 2 0
github.com/muety/wakapi/services/aggregation.go:139.11,139.63 1 0
github.com/muety/wakapi/services/aggregation.go:142.5,144.1 2 0
github.com/muety/wakapi/services/aggregation.go:147.5,148.1 1 0
github.com/muety/wakapi/services/aggregation.go:152.3,152.31 1 0
github.com/muety/wakapi/services/aggregation.go:153.4,154.54 2 0
github.com/muety/wakapi/services/aggregation.go:155.5,157.1 2 0
github.com/muety/wakapi/services/aggregation.go:158.5,159.1 1 0
github.com/muety/wakapi/services/aggregation.go:163.2,163.12 1 0
github.com/muety/wakapi/services/aggregation.go:167.2,167.47 1 0
github.com/muety/wakapi/services/aggregation.go:168.3,169.1 1 0
github.com/muety/wakapi/services/aggregation.go:170.2,171.1 4 0
github.com/muety/wakapi/services/aggregation.go:172.2,173.1 4 0
github.com/muety/wakapi/services/aggregation.go:175.2,176.42 4 0
github.com/muety/wakapi/services/aggregation.go:177.3,178.1 1 0
github.com/muety/wakapi/services/aggregation.go:179.3,180.1 1 0
github.com/muety/wakapi/services/aggregation.go:181.2,181.16 1 0
github.com/muety/wakapi/services/aggregation.go:182.3,183.1 1 0
github.com/muety/wakapi/services/aggregation.go:185.2,185.26 1 0
github.com/muety/wakapi/services/aggregation.go:186.3,187.45 2 0
github.com/muety/wakapi/services/aggregation.go:188.4,189.1 1 0
github.com/muety/wakapi/services/aggregation.go:192.2,192.12 1 0
github.com/muety/wakapi/services/aggregation.go:197.2,198.100 2 0
github.com/muety/wakapi/services/aggregation.go:199.3,200.1 1 0
github.com/muety/wakapi/services/aggregation.go:201.3,202.60 2 0
github.com/muety/wakapi/services/aggregation.go:203.4,204.1 1 0
github.com/muety/wakapi/services/aggregation.go:209.2,211.17 3 1
github.com/muety/wakapi/services/aggregation.go:212.3,213.1 1 1
github.com/muety/wakapi/services/aggregation.go:216.2,224.1 4 1
github.com/muety/wakapi/services/aggregation.go:226.2,227.41 4 1
github.com/muety/wakapi/services/aggregation.go:228.3,237.1 3 1
github.com/muety/wakapi/services/aggregation.go:239.2,239.13 1 1
github.com/muety/wakapi/services/aggregation.go:243.2,245.27 3 0
github.com/muety/wakapi/services/aggregation.go:246.3,246.34 1 0
github.com/muety/wakapi/services/aggregation.go:247.4,248.1 1 0
github.com/muety/wakapi/services/aggregation.go:250.2,251.12 2 0
github.com/muety/wakapi/services/aggregation.go:255.2,257.27 3 0
github.com/muety/wakapi/services/aggregation.go:258.3,259.1 1 0
github.com/muety/wakapi/services/aggregation.go:263.2,265.1 2 1
github.com/muety/wakapi/services/alias.go:23.2,27.1 1 1
github.com/muety/wakapi/services/alias.go:33.2,33.43 1 1
github.com/muety/wakapi/services/alias.go:34.3,35.1 1 1
github.com/muety/wakapi/services/alias.go:36.2,36.14 1 1
github.com/muety/wakapi/services/alias.go:40.2,41.16 2 1
github.com/muety/wakapi/services/alias.go:42.3,43.1 1 1
github.com/muety/wakapi/services/alias.go:44.2,44.12 1 1
github.com/muety/wakapi/services/alias.go:48.2,48.51 1 1
github.com/muety/wakapi/services/alias.go:49.3,50.1 1 0
github.com/muety/wakapi/services/alias.go:54.2,54.32 1 0
github.com/muety/wakapi/services/alias.go:55.3,56.1 1 0
github.com/muety/wakapi/services/alias.go:57.2,57.49 1 0
github.com/muety/wakapi/services/alias.go:58.3,59.1 1 0
github.com/muety/wakapi/services/alias.go:60.3,61.1 1 0
github.com/muety/wakapi/services/alias.go:65.2,65.38 1 0
github.com/muety/wakapi/services/alias.go:66.3,67.1 1 0
github.com/muety/wakapi/services/alias.go:68.2,68.39 1 0
github.com/muety/wakapi/services/alias.go:72.2,72.38 1 0
github.com/muety/wakapi/services/alias.go:73.3,74.1 1 0
github.com/muety/wakapi/services/alias.go:75.2,75.39 1 0
github.com/muety/wakapi/services/alias.go:79.2,79.32 1 1
github.com/muety/wakapi/services/alias.go:80.3,81.1 1 1
github.com/muety/wakapi/services/alias.go:83.2,84.1 2 1
github.com/muety/wakapi/services/alias.go:85.2,85.56 2 1
github.com/muety/wakapi/services/alias.go:86.3,87.1 1 1
github.com/muety/wakapi/services/alias.go:89.2,89.49 1 1
github.com/muety/wakapi/services/alias.go:90.3,90.47 1 1
github.com/muety/wakapi/services/alias.go:91.4,91.54 1 1
github.com/muety/wakapi/services/alias.go:92.5,93.1 1 1
github.com/muety/wakapi/services/alias.go:97.2,97.19 1 1
github.com/muety/wakapi/services/alias.go:101.2,101.22 1 0
github.com/muety/wakapi/services/alias.go:102.3,103.1 1 0
github.com/muety/wakapi/services/alias.go:104.2,105.16 2 0
github.com/muety/wakapi/services/alias.go:106.3,107.1 1 0
github.com/muety/wakapi/services/alias.go:109.2,110.1 4 0
github.com/muety/wakapi/services/alias.go:111.2,112.1 4 0
github.com/muety/wakapi/services/alias.go:113.2,117.1 4 0
github.com/muety/wakapi/services/alias.go:118.2,118.20 4 0
github.com/muety/wakapi/services/alias.go:122.2,122.24 1 0
github.com/muety/wakapi/services/alias.go:123.3,124.1 1 0
github.com/muety/wakapi/services/alias.go:125.2,126.1 2 0
github.com/muety/wakapi/services/alias.go:128.2,128.16 2 0
github.com/muety/wakapi/services/alias.go:129.3,130.1 1 0
github.com/muety/wakapi/services/alias.go:132.2,133.1 3 0
github.com/muety/wakapi/services/alias.go:134.2,138.1 3 0
github.com/muety/wakapi/services/alias.go:139.2,139.12 3 0
github.com/muety/wakapi/services/alias.go:143.2,145.1 3 0
github.com/muety/wakapi/services/alias.go:146.2,146.28 3 0
github.com/muety/wakapi/services/alias.go:147.3,147.21 1 0
github.com/muety/wakapi/services/alias.go:148.4,149.1 1 0
github.com/muety/wakapi/services/alias.go:150.3,151.16 2 0
github.com/muety/wakapi/services/alias.go:154.2,155.1 2 0
github.com/muety/wakapi/services/alias.go:157.2,157.16 2 0
github.com/muety/wakapi/services/alias.go:158.3,158.29 1 0
github.com/muety/wakapi/services/alias.go:159.4,160.1 1 0
github.com/muety/wakapi/services/alias.go:163.2,163.31 1 0
github.com/muety/wakapi/services/alias.go:164.3,169.1 2 0
github.com/muety/wakapi/services/alias.go:171.2,171.12 1 0
github.com/muety/wakapi/services/alias.go:175.2,175.14 1 0
github.com/muety/wakapi/services/alias.go:176.3,176.57 1 0
github.com/muety/wakapi/services/alias.go:177.4,180.1 3 0
github.com/muety/wakapi/services/alias.go:182.3,182.57 1 0
github.com/muety/wakapi/services/alias.go:183.4,184.48 2 0
github.com/muety/wakapi/services/alias.go:185.5,185.26 1 0
github.com/muety/wakapi/services/alias.go:186.6,187.1 1 0
github.com/muety/wakapi/services/alias.go:189.4,189.52 1 0
github.com/muety/wakapi/services/alias.go:195.2,195.32 1 0
github.com/muety/wakapi/services/alias.go:196.3,197.1 1 0
github.com/muety/wakapi/services/alias.go:198.2,198.49 1 0
github.com/muety/wakapi/services/alias.go:199.3,200.47 2 0
github.com/muety/wakapi/services/alias.go:201.4,201.16 1 0
github.com/muety/wakapi/services/alias.go:202.5,203.1 1 0
github.com/muety/wakapi/services/alias.go:205.3,205.30 1 0
github.com/muety/wakapi/services/alias.go:207.3,208.1 1 0
github.com/muety/wakapi/services/api_key.go:24.2,29.1 3 0
github.com/muety/wakapi/services/api_key.go:31.2,32.33 3 0
github.com/muety/wakapi/services/api_key.go:33.3,33.31 1 0
github.com/muety/wakapi/services/api_key.go:34.4,35.1 1 0
github.com/muety/wakapi/services/api_key.go:38.2,39.33 2 0
github.com/muety/wakapi/services/api_key.go:40.3,40.31 1 0
github.com/muety/wakapi/services/api_key.go:41.4,42.1 1 0
github.com/muety/wakapi/services/api_key.go:45.2,45.12 1 0
github.com/muety/wakapi/services/api_key.go:49.2,50.1 1 0
github.com/muety/wakapi/services/api_key.go:53.2,53.56 1 0
github.com/muety/wakapi/services/api_key.go:54.3,55.1 1 0
github.com/muety/wakapi/services/api_key.go:57.2,58.16 2 0
github.com/muety/wakapi/services/api_key.go:59.3,60.1 1 0
github.com/muety/wakapi/services/api_key.go:61.2,62.25 2 0
github.com/muety/wakapi/services/api_key.go:66.2,67.16 2 0
github.com/muety/wakapi/services/api_key.go:68.3,69.1 1 0
github.com/muety/wakapi/services/api_key.go:71.2,73.20 3 0
github.com/muety/wakapi/services/api_key.go:77.2,77.25 1 0
github.com/muety/wakapi/services/api_key.go:78.3,79.1 1 0
github.com/muety/wakapi/services/api_key.go:80.2,83.12 4 0
github.com/muety/wakapi/services/api_key.go:87.2,88.14 2 0
github.com/muety/wakapi/services/api_key.go:89.3,90.1 1 0
github.com/muety/wakapi/services/api_key.go:91.2,94.4 1 0
github.com/muety/wakapi/services/api_key.go:98.2,98.37 1 0
github.com/muety/wakapi/services/api_key.go:99.3,99.36 1 0
github.com/muety/wakapi/services/api_key.go:100.4,101.1 1 0
github.com/muety/wakapi/services/diagnostics.go:15.2,18.1 1 0
github.com/muety/wakapi/services/diagnostics.go:22.2,24.1 2 0
github.com/muety/wakapi/services/duration.go:40.2,51.1 3 1
github.com/muety/wakapi/services/duration.go:54.2,55.33 3 1
github.com/muety/wakapi/services/duration.go:56.3,56.31 1 1
github.com/muety/wakapi/services/duration.go:57.4,59.1 4 1
github.com/muety/wakapi/services/duration.go:62.4,63.113 4 1
github.com/muety/wakapi/services/duration.go:64.5,64.86 1 1
github.com/muety/wakapi/services/duration.go:65.6,66.1 1 0
github.com/muety/wakapi/services/duration.go:67.6,68.1 1 1
github.com/muety/wakapi/services/duration.go:72.4,72.95 1 1
github.com/muety/wakapi/services/duration.go:73.5,73.31 1 0
github.com/muety/wakapi/services/duration.go:74.6,75.1 1 0
github.com/muety/wakapi/services/duration.go:76.5,76.42 1 0
github.com/muety/wakapi/services/duration.go:81.2,81.12 1 1
github.com/muety/wakapi/services/duration.go:88.2,90.1 3 1
github.com/muety/wakapi/services/duration.go:92.2,92.15 3 1
github.com/muety/wakapi/services/duration.go:93.3,94.17 2 1
github.com/muety/wakapi/services/duration.go:95.4,96.1 1 0
github.com/muety/wakapi/services/duration.go:98.3,99.79 2 1
github.com/muety/wakapi/services/duration.go:103.2,104.16 2 1
github.com/muety/wakapi/services/duration.go:105.3,107.1 2 0
github.com/muety/wakapi/services/duration.go:111.2,111.60 1 1
github.com/muety/wakapi/services/duration.go:112.3,113.22 2 1
github.com/muety/wakapi/services/duration.go:114.4,115.1 1 1
github.com/muety/wakapi/services/duration.go:117.3,118.17 2 1
github.com/muety/wakapi/services/duration.go:119.4,120.1 1 0
github.com/muety/wakapi/services/duration.go:122.3,124.17 3 1
github.com/muety/wakapi/services/duration.go:125.4,126.1 1 0
github.com/muety/wakapi/services/duration.go:128.3,129.1 1 0
github.com/muety/wakapi/services/duration.go:131.2,131.50 1 1
github.com/muety/wakapi/services/duration.go:135.2,135.34 1 0
github.com/muety/wakapi/services/duration.go:136.3,138.1 2 0
github.com/muety/wakapi/services/duration.go:139.2,141.1 5 0
github.com/muety/wakapi/services/duration.go:142.2,144.46 5 0
github.com/muety/wakapi/services/duration.go:145.3,146.1 1 0
github.com/muety/wakapi/services/duration.go:148.2,149.1 3 0
github.com/muety/wakapi/services/duration.go:150.2,151.16 3 0
github.com/muety/wakapi/services/duration.go:152.3,154.1 2 0
github.com/muety/wakapi/services/duration.go:155.2,155.75 1 0
github.com/muety/wakapi/services/duration.go:156.3,157.1 1 0
github.com/muety/wakapi/services/duration.go:159.2,159.14 1 0
github.com/muety/wakapi/services/duration.go:160.3,160.59 1 0
github.com/muety/wakapi/services/duration.go:161.4,163.1 2 0
github.com/muety/wakapi/services/duration.go:166.2,166.62 1 0
github.com/muety/wakapi/services/duration.go:167.3,169.1 2 0
github.com/muety/wakapi/services/duration.go:171.2,171.57 1 0
github.com/muety/wakapi/services/duration.go:175.2,176.1 3 0
github.com/muety/wakapi/services/duration.go:177.2,178.16 3 0
github.com/muety/wakapi/services/duration.go:179.3,181.1 2 0
github.com/muety/wakapi/services/duration.go:183.2,183.26 1 0
github.com/muety/wakapi/services/duration.go:184.3,184.29 1 0
github.com/muety/wakapi/services/duration.go:185.4,186.1 1 0
github.com/muety/wakapi/services/duration.go:191.2,192.1 1 0
github.com/muety/wakapi/services/duration.go:195.2,196.1 1 0
github.com/muety/wakapi/services/duration.go:199.2,200.1 1 0
github.com/muety/wakapi/services/duration.go:203.2,204.16 2 1
github.com/muety/wakapi/services/duration.go:205.3,206.1 1 0
github.com/muety/wakapi/services/duration.go:207.2,208.16 2 1
github.com/muety/wakapi/services/duration.go:209.3,210.1 1 0
github.com/muety/wakapi/services/duration.go:211.2,211.78 1 1
github.com/muety/wakapi/services/duration.go:215.2,216.1 3 1
github.com/muety/wakapi/services/duration.go:217.2,218.16 3 1
github.com/muety/wakapi/services/duration.go:219.3,220.1 1 0
github.com/muety/wakapi/services/duration.go:227.2,229.1 5 1
github.com/muety/wakapi/services/duration.go:230.2,232.1 5 1
github.com/muety/wakapi/services/duration.go:233.2,233.28 5 1
github.com/muety/wakapi/services/duration.go:234.3,234.20 1 1
github.com/muety/wakapi/services/duration.go:235.4,236.1 1 1
github.com/muety/wakapi/services/duration.go:238.3,239.23 2 1
github.com/muety/wakapi/services/duration.go:240.4,241.1 1 1
github.com/muety/wakapi/services/duration.go:242.3,243.1 2 1
github.com/muety/wakapi/services/duration.go:245.3,245.62 2 1
github.com/muety/wakapi/services/duration.go:246.4,247.1 1 1
github.com/muety/wakapi/services/duration.go:250.3,250.20 1 1
github.com/muety/wakapi/services/duration.go:251.4,253.12 3 1
github.com/muety/wakapi/services/duration.go:259.3,262.1 4 1
github.com/muety/wakapi/services/duration.go:267.3,267.79 4 1
github.com/muety/wakapi/services/duration.go:268.4,270.1 2 1
github.com/muety/wakapi/services/duration.go:271.4,272.1 2 1
github.com/muety/wakapi/services/duration.go:279.4,280.1 2 1
github.com/muety/wakapi/services/duration.go:282.3,282.10 1 1
github.com/muety/wakapi/services/duration.go:285.2,286.1 2 1
github.com/muety/wakapi/services/duration.go:287.2,287.49 2 1
github.com/muety/wakapi/services/duration.go:288.3,289.1 1 0
github.com/muety/wakapi/services/duration.go:292.2,292.50 1 1
github.com/muety/wakapi/services/duration.go:296.2,297.1 2 1
github.com/muety/wakapi/services/duration.go:298.2,298.30 2 1
github.com/muety/wakapi/services/duration.go:303.3,303.50 1 1
github.com/muety/wakapi/services/duration.go:304.4,304.12 1 1
github.com/muety/wakapi/services/duration.go:306.3,306.53 1 1
github.com/muety/wakapi/services/duration.go:307.4,307.12 1 0
github.com/muety/wakapi/services/duration.go:310.3,310.33 1 1
github.com/muety/wakapi/services/duration.go:313.2,313.17 1 1
github.com/muety/wakapi/services/duration.go:317.2,317.18 1 1
github.com/muety/wakapi/services/duration.go:318.3,319.1 1 0
github.com/muety/wakapi/services/duration.go:320.2,320.18 1 1
github.com/muety/wakapi/services/duration.go:321.3,322.1 1 1
github.com/muety/wakapi/services/duration.go:325.2,326.55 2 1
github.com/muety/wakapi/services/duration.go:327.3,328.1 1 0
github.com/muety/wakapi/services/duration.go:330.2,332.1 3 1
github.com/muety/wakapi/services/duration.go:333.2,333.93 3 1
github.com/muety/wakapi/services/duration.go:334.3,334.52 1 1
github.com/muety/wakapi/services/duration.go:335.4,340.1 5 1
github.com/muety/wakapi/services/duration.go:341.4,344.1 3 0
github.com/muety/wakapi/services/duration.go:346.3,347.1 1 0
github.com/muety/wakapi/services/duration.go:349.2,349.17 1 1
github.com/muety/wakapi/services/duration.go:350.3,351.1 1 0
github.com/muety/wakapi/services/duration.go:352.2,352.20 1 1
github.com/muety/wakapi/services/duration.go:356.2,357.1 2 1
github.com/muety/wakapi/services/duration.go:358.2,358.20 2 1
github.com/muety/wakapi/services/duration.go:359.3,360.1 1 1
github.com/muety/wakapi/services/duration.go:362.2,362.48 1 0
github.com/muety/wakapi/services/duration.go:363.3,364.18 2 0
github.com/muety/wakapi/services/duration.go:365.4,366.1 1 0
github.com/muety/wakapi/services/duration.go:369.2,369.18 1 0
github.com/muety/wakapi/services/duration.go:373.2,373.28 1 1
github.com/muety/wakapi/services/duration.go:374.3,375.1 1 1
github.com/muety/wakapi/services/duration.go:376.2,376.25 1 1
github.com/muety/wakapi/services/duration.go:382.2,384.41 3 1
github.com/muety/wakapi/services/duration.go:385.3,386.1 1 1
github.com/muety/wakapi/services/duration.go:387.2,390.17 4 1
github.com/muety/wakapi/services/duration.go:391.3,392.1 1 1
github.com/muety/wakapi/services/duration.go:393.2,393.10 1 1
github.com/muety/wakapi/services/duration.go:397.2,398.1 1 1
github.com/muety/wakapi/services/heartbeat.go:28.2,35.1 3 0
github.com/muety/wakapi/services/heartbeat.go:40.2,41.33 3 0
github.com/muety/wakapi/services/heartbeat.go:42.3,42.31 1 0
github.com/muety/wakapi/services/heartbeat.go:43.4,47.1 4 0
github.com/muety/wakapi/services/heartbeat.go:50.2,50.12 1 0
github.com/muety/wakapi/services/heartbeat.go:54.2,56.1 2 0
github.com/muety/wakapi/services/heartbeat.go:59.2,59.26 1 0
github.com/muety/wakapi/services/heartbeat.go:60.3,61.1 1 0
github.com/muety/wakapi/services/heartbeat.go:63.2,64.1 3 0
github.com/muety/wakapi/services/heartbeat.go:66.2,67.32 3 0
github.com/muety/wakapi/services/heartbeat.go:68.3,68.31 1 0
github.com/muety/wakapi/services/heartbeat.go:69.4,72.1 3 0
github.com/muety/wakapi/services/heartbeat.go:73.3,73.46 1 0
github.com/muety/wakapi/services/heartbeat.go:76.2,77.16 2 0
github.com/muety/wakapi/services/heartbeat.go:78.3,79.1 1 0
github.com/muety/wakapi/services/heartbeat.go:80.2,80.12 1 0
github.com/muety/wakapi/services/heartbeat.go:84.2,85.8 2 0
github.com/muety/wakapi/services/heartbeat.go:86.3,87.1 1 0
github.com/muety/wakapi/services/heartbeat.go:88.2,89.16 2 0
github.com/muety/wakapi/services/heartbeat.go:90.3,91.1 1 0
github.com/muety/wakapi/services/heartbeat.go:92.2,92.19 1 0
github.com/muety/wakapi/services/heartbeat.go:96.2,98.8 3 0
github.com/muety/wakapi/services/heartbeat.go:99.3,100.1 1 0
github.com/muety/wakapi/services/heartbeat.go:101.2,102.16 2 0
github.com/muety/wakapi/services/heartbeat.go:103.3,104.1 1 0
github.com/muety/wakapi/services/heartbeat.go:105.2,105.19 1 0
github.com/muety/wakapi/services/heartbeat.go:109.2,111.1 3 0
github.com/muety/wakapi/services/heartbeat.go:112.2,112.26 3 0
github.com/muety/wakapi/services/heartbeat.go:113.3,115.9 3 0
github.com/muety/wakapi/services/heartbeat.go:116.4,117.1 1 0
github.com/muety/wakapi/services/heartbeat.go:118.4,119.1 1 0
github.com/muety/wakapi/services/heartbeat.go:122.2,123.16 2 0
github.com/muety/wakapi/services/heartbeat.go:124.3,125.1 1 0
github.com/muety/wakapi/services/heartbeat.go:127.2,127.28 1 0
github.com/muety/wakapi/services/heartbeat.go:128.3,131.1 3 0
github.com/muety/wakapi/services/heartbeat.go:133.2,133.24 1 0
github.com/muety/wakapi/services/heartbeat.go:137.2,138.16 2 0
github.com/muety/wakapi/services/heartbeat.go:139.3,140.1 1 0
github.com/muety/wakapi/services/heartbeat.go:141.2,141.43 1 0
github.com/muety/wakapi/services/heartbeat.go:145.2,146.16 2 0
github.com/muety/wakapi/services/heartbeat.go:147.3,148.1 1 0
github.com/muety/wakapi/services/heartbeat.go:150.2,151.16 2 0
github.com/muety/wakapi/services/heartbeat.go:152.3,153.1 1 0
github.com/muety/wakapi/services/heartbeat.go:154.2,154.47 1 0
github.com/muety/wakapi/services/heartbeat.go:158.2,159.1 1 0
github.com/muety/wakapi/services/heartbeat.go:164.2,165.1 1 0
github.com/muety/wakapi/services/heartbeat.go:168.2,169.16 2 0
github.com/muety/wakapi/services/heartbeat.go:170.3,171.1 1 0
github.com/muety/wakapi/services/heartbeat.go:172.2,172.43 1 0
github.com/muety/wakapi/services/heartbeat.go:176.2,177.16 2 0
github.com/muety/wakapi/services/heartbeat.go:178.3,179.1 1 0
github.com/muety/wakapi/services/heartbeat.go:181.2,182.16 2 0
github.com/muety/wakapi/services/heartbeat.go:183.3,184.1 1 0
github.com/muety/wakapi/services/heartbeat.go:185.2,185.47 1 0
github.com/muety/wakapi/services/heartbeat.go:189.2,190.1 1 0
github.com/muety/wakapi/services/heartbeat.go:193.2,194.1 1 0
github.com/muety/wakapi/services/heartbeat.go:197.2,198.1 1 0
github.com/muety/wakapi/services/heartbeat.go:201.2,202.1 1 0
github.com/muety/wakapi/services/heartbeat.go:205.2,206.1 1 0
github.com/muety/wakapi/services/heartbeat.go:209.2,210.53 2 0
github.com/muety/wakapi/services/heartbeat.go:211.3,212.1 1 0
github.com/muety/wakapi/services/heartbeat.go:214.2,215.16 2 0
github.com/muety/wakapi/services/heartbeat.go:216.3,217.1 1 0
github.com/muety/wakapi/services/heartbeat.go:219.2,220.30 2 0
github.com/muety/wakapi/services/heartbeat.go:224.2,225.53 2 0
github.com/muety/wakapi/services/heartbeat.go:226.3,227.1 1 0
github.com/muety/wakapi/services/heartbeat.go:229.2,230.16 2 0
github.com/muety/wakapi/services/heartbeat.go:231.3,232.1 1 0
github.com/muety/wakapi/services/heartbeat.go:234.2,235.29 2 0
github.com/muety/wakapi/services/heartbeat.go:239.2,240.1 1 0
github.com/muety/wakapi/services/heartbeat.go:243.2,244.54 2 0
github.com/muety/wakapi/services/heartbeat.go:245.3,248.1 3 0
github.com/muety/wakapi/services/heartbeat.go:250.2,251.16 2 0
github.com/muety/wakapi/services/heartbeat.go:252.3,253.1 1 0
github.com/muety/wakapi/services/heartbeat.go:255.2,256.28 2 0
github.com/muety/wakapi/services/heartbeat.go:257.3,257.33 1 0
github.com/muety/wakapi/services/heartbeat.go:258.4,259.1 1 0
github.com/muety/wakapi/services/heartbeat.go:262.2,263.22 2 0
github.com/muety/wakapi/services/heartbeat.go:267.2,269.1 2 0
github.com/muety/wakapi/services/heartbeat.go:272.2,274.1 2 0
github.com/muety/wakapi/services/heartbeat.go:277.2,279.1 2 0
github.com/muety/wakapi/services/heartbeat.go:283.2,284.16 2 0
github.com/muety/wakapi/services/heartbeat.go:285.3,286.1 1 0
github.com/muety/wakapi/services/heartbeat.go:287.2,287.32 1 0
github.com/muety/wakapi/services/heartbeat.go:288.3,289.1 1 0
github.com/muety/wakapi/services/heartbeat.go:290.2,290.24 1 0
github.com/muety/wakapi/services/heartbeat.go:294.2,295.16 2 0
github.com/muety/wakapi/services/heartbeat.go:296.3,297.1 1 0
github.com/muety/wakapi/services/heartbeat.go:298.2,298.28 1 0
github.com/muety/wakapi/services/heartbeat.go:299.3,300.1 1 0
github.com/muety/wakapi/services/heartbeat.go:301.2,301.24 1 0
github.com/muety/wakapi/services/heartbeat.go:306.2,307.42 2 0
github.com/muety/wakapi/services/heartbeat.go:308.3,309.22 2 0
github.com/muety/wakapi/services/heartbeat.go:310.4,312.1 2 0
github.com/muety/wakapi/services/heartbeat.go:314.2,314.17 1 0
github.com/muety/wakapi/services/heartbeat.go:318.2,319.1 1 0
github.com/muety/wakapi/services/heartbeat.go:322.2,323.1 1 0
github.com/muety/wakapi/services/heartbeat.go:326.2,327.1 1 0
github.com/muety/wakapi/services/heartbeat.go:330.2,331.55 2 0
github.com/muety/wakapi/services/heartbeat.go:332.3,333.1 4 0
github.com/muety/wakapi/services/heartbeat.go:334.3,336.1 4 0
github.com/muety/wakapi/services/heartbeat.go:337.3,337.36 4 0
github.com/muety/wakapi/services/heartbeat.go:338.4,339.1 2 0
github.com/muety/wakapi/services/heartbeat.go:341.4,342.1 2 0
github.com/muety/wakapi/services/heartbeat.go:347.2,356.1 9 0
github.com/muety/wakapi/services/heartbeat.go:359.2,359.32 1 0
github.com/muety/wakapi/services/heartbeat.go:360.3,364.1 1 0
github.com/muety/wakapi/services/heartbeat.go:368.2,369.1 1 0
github.com/muety/wakapi/services/heartbeat.go:372.2,373.1 1 0
github.com/muety/wakapi/services/heartbeat.go:376.2,377.1 1 0
github.com/muety/wakapi/services/heartbeat.go:380.2,381.48 2 0
github.com/muety/wakapi/services/heartbeat.go:382.3,383.18 2 0
github.com/muety/wakapi/services/heartbeat.go:384.4,385.1 1 0
github.com/muety/wakapi/services/heartbeat.go:387.2,387.18 1 0
github.com/muety/wakapi/services/heartbeat.go:391.2,392.1 3 0
github.com/muety/wakapi/services/heartbeat.go:393.2,394.62 3 0
github.com/muety/wakapi/services/heartbeat.go:395.3,396.1 1 0
github.com/muety/wakapi/services/heartbeat.go:398.2,399.60 2 0
github.com/muety/wakapi/services/heartbeat.go:400.3,401.1 1 0
github.com/muety/wakapi/services/housekeeping.go:28.2,38.1 1 1
github.com/muety/wakapi/services/housekeeping.go:42.2,44.29 3 0
github.com/muety/wakapi/services/housekeeping.go:45.3,46.1 1 0
github.com/muety/wakapi/services/housekeeping.go:47.2,47.57 1 0
github.com/muety/wakapi/services/housekeeping.go:48.3,49.1 1 0
github.com/muety/wakapi/services/housekeeping.go:53.2,54.36 2 1
github.com/muety/wakapi/services/housekeeping.go:55.3,57.1 2 0
github.com/muety/wakapi/services/housekeeping.go:60.2,60.73 1 1
github.com/muety/wakapi/services/housekeeping.go:61.3,62.1 1 0
github.com/muety/wakapi/services/housekeeping.go:65.2,65.72 1 1
github.com/muety/wakapi/services/housekeeping.go:66.3,67.1 1 0
github.com/muety/wakapi/services/housekeeping.go:70.2,71.74 2 1
github.com/muety/wakapi/services/housekeeping.go:72.3,73.1 1 0
github.com/muety/wakapi/services/housekeeping.go:75.2,75.12 1 1
github.com/muety/wakapi/services/housekeeping.go:79.2,81.16 3 1
github.com/muety/wakapi/services/housekeeping.go:82.3,83.1 1 0
github.com/muety/wakapi/services/housekeeping.go:85.2,86.26 2 1
github.com/muety/wakapi/services/housekeeping.go:87.3,87.54 1 1
github.com/muety/wakapi/services/housekeeping.go:88.4,88.12 1 1
github.com/muety/wakapi/services/housekeeping.go:91.3,92.46 2 1
github.com/muety/wakapi/services/housekeeping.go:93.4,94.1 1 0
github.com/muety/wakapi/services/housekeeping.go:95.4,96.1 1 1
github.com/muety/wakapi/services/housekeeping.go:98.2,99.1 2 1
github.com/muety/wakapi/services/housekeeping.go:100.2,100.12 2 1
github.com/muety/wakapi/services/housekeeping.go:104.2,105.127 2 0
github.com/muety/wakapi/services/housekeeping.go:106.3,107.1 1 0
github.com/muety/wakapi/services/housekeeping.go:108.2,108.12 1 0
github.com/muety/wakapi/services/housekeeping.go:113.2,114.16 2 0
github.com/muety/wakapi/services/housekeeping.go:115.3,117.1 2 0
github.com/muety/wakapi/services/housekeeping.go:120.2,121.16 2 0
github.com/muety/wakapi/services/housekeeping.go:122.3,124.1 2 0
github.com/muety/wakapi/services/housekeeping.go:127.2,127.40 1 0
github.com/muety/wakapi/services/housekeeping.go:129.3,129.24 1 0
github.com/muety/wakapi/services/housekeeping.go:130.4,130.12 1 0
github.com/muety/wakapi/services/housekeeping.go:133.3,133.81 1 0
github.com/muety/wakapi/services/housekeeping.go:134.4,135.1 1 0
github.com/muety/wakapi/services/housekeeping.go:136.3,136.34 1 0
github.com/muety/wakapi/services/housekeeping.go:137.4,137.60 1 0
github.com/muety/wakapi/services/housekeeping.go:138.5,139.1 1 0
github.com/muety/wakapi/services/housekeeping.go:146.2,147.16 2 0
github.com/muety/wakapi/services/housekeeping.go:148.3,150.1 2 0
github.com/muety/wakapi/services/housekeeping.go:153.2,153.26 1 0
github.com/muety/wakapi/services/housekeeping.go:155.3,155.30 1 0
github.com/muety/wakapi/services/housekeeping.go:156.4,156.12 1 0
github.com/muety/wakapi/services/housekeeping.go:159.3,160.34 2 0
github.com/muety/wakapi/services/housekeeping.go:161.4,161.74 1 0
github.com/muety/wakapi/services/housekeeping.go:162.5,163.1 1 0
github.com/muety/wakapi/services/housekeeping.go:169.2,169.33 1 0
github.com/muety/wakapi/services/housekeeping.go:170.3,170.42 1 0
github.com/muety/wakapi/services/housekeeping.go:171.4,172.1 1 0
github.com/muety/wakapi/services/housekeeping.go:173.3,173.105 1 0
github.com/muety/wakapi/services/housekeeping.go:174.4,175.1 1 0
github.com/muety/wakapi/services/housekeeping.go:180.2,181.1 1 0
github.com/muety/wakapi/services/housekeeping.go:186.2,186.43 1 0
github.com/muety/wakapi/services/housekeeping.go:187.3,188.1 1 0
github.com/muety/wakapi/services/housekeeping.go:190.2,191.1 3 0
github.com/muety/wakapi/services/housekeeping.go:192.2,193.16 3 0
github.com/muety/wakapi/services/housekeeping.go:194.3,195.1 1 0
github.com/muety/wakapi/services/housekeeping.go:199.2,199.41 1 0
github.com/muety/wakapi/services/housekeeping.go:200.3,201.1 1 0
github.com/muety/wakapi/services/housekeeping.go:203.2,204.1 3 0
github.com/muety/wakapi/services/housekeeping.go:205.2,206.16 3 0
github.com/muety/wakapi/services/housekeeping.go:207.3,208.1 1 0
github.com/muety/wakapi/services/housekeeping.go:212.2,213.1 3 0
github.com/muety/wakapi/services/housekeeping.go:214.2,215.16 3 0
github.com/muety/wakapi/services/housekeeping.go:216.3,217.1 1 0
github.com/muety/wakapi/services/housekeeping.go:220.2,220.26 1 0
github.com/muety/wakapi/services/housekeeping.go:221.3,221.94 1 0
github.com/muety/wakapi/services/housekeeping.go:222.4,223.1 1 0
github.com/muety/wakapi/services/housekeeping.go:228.2,230.16 3 0
github.com/muety/wakapi/services/housekeeping.go:231.3,232.1 1 0
github.com/muety/wakapi/services/key_value.go:16.2,19.1 1 0
github.com/muety/wakapi/services/key_value.go:23.2,24.1 1 0
github.com/muety/wakapi/services/key_value.go:27.2,28.1 1 0
github.com/muety/wakapi/services/key_value.go:31.2,32.16 2 0
github.com/muety/wakapi/services/key_value.go:33.3,36.1 1 0
github.com/muety/wakapi/services/key_value.go:38.2,38.11 1 0
github.com/muety/wakapi/services/key_value.go:42.2,43.1 1 0
github.com/muety/wakapi/services/key_value.go:46.2,47.1 1 0
github.com/muety/wakapi/services/key_value.go:50.2,51.1 1 0
github.com/muety/wakapi/services/key_value.go:54.2,55.1 1 0
github.com/muety/wakapi/services/key_value.go:58.2,59.1 1 0
github.com/muety/wakapi/services/key_value.go:62.2,63.1 1 0
github.com/muety/wakapi/services/language_mapping.go:29.2,34.1 1 0
github.com/muety/wakapi/services/language_mapping.go:38.2,39.1 1 0
github.com/muety/wakapi/services/language_mapping.go:42.2,42.53 1 0
github.com/muety/wakapi/services/language_mapping.go:43.3,44.1 1 0
github.com/muety/wakapi/services/language_mapping.go:46.2,47.16 2 0
github.com/muety/wakapi/services/language_mapping.go:48.3,49.1 1 0
github.com/muety/wakapi/services/language_mapping.go:50.2,51.22 2 0
github.com/muety/wakapi/services/language_mapping.go:55.2,57.16 3 0
github.com/muety/wakapi/services/language_mapping.go:58.3,59.1 1 0
github.com/muety/wakapi/services/language_mapping.go:61.2,61.33 1 0
github.com/muety/wakapi/services/language_mapping.go:62.3,63.1 1 0
github.com/muety/wakapi/services/language_mapping.go:64.2,64.22 1 0
github.com/muety/wakapi/services/language_mapping.go:68.2,69.16 2 0
github.com/muety/wakapi/services/language_mapping.go:70.3,71.1 1 0
github.com/muety/wakapi/services/language_mapping.go:73.2,75.20 3 0
github.com/muety/wakapi/services/language_mapping.go:79.2,79.26 1 0
github.com/muety/wakapi/services/language_mapping.go:80.3,81.1 1 0
github.com/muety/wakapi/services/language_mapping.go:82.2,85.12 4 0
github.com/muety/wakapi/services/language_mapping.go:90.2,91.1 1 0
github.com/muety/wakapi/services/language_mapping.go:94.2,99.1 2 0
github.com/muety/wakapi/services/leaderboard.go:34.2,43.1 3 0
github.com/muety/wakapi/services/leaderboard.go:45.2,46.16 3 0
github.com/muety/wakapi/services/leaderboard.go:47.3,48.1 1 0
github.com/muety/wakapi/services/leaderboard.go:49.2,50.1 3 0
github.com/muety/wakapi/services/leaderboard.go:51.2,52.33 3 0
github.com/muety/wakapi/services/leaderboard.go:53.3,53.31 1 0
github.com/muety/wakapi/services/leaderboard.go:56.4,57.1 3 0
github.com/muety/wakapi/services/leaderboard.go:58.4,59.18 3 0
github.com/muety/wakapi/services/leaderboard.go:60.5,61.1 1 0
github.com/muety/wakapi/services/leaderboard.go:63.4,63.41 1 0
github.com/muety/wakapi/services/leaderboard.go:64.5,66.1 2 0
github.com/muety/wakapi/services/leaderboard.go:66.11,66.48 1 0
github.com/muety/wakapi/services/leaderboard.go:67.5,68.64 2 0
github.com/muety/wakapi/services/leaderboard.go:69.6,70.1 1 0
github.com/muety/wakapi/services/leaderboard.go:71.5,71.22 1 0
github.com/muety/wakapi/services/leaderboard.go:76.2,76.12 1 0
github.com/muety/wakapi/services/leaderboard.go:80.2,81.1 1 0
github.com/muety/wakapi/services/leaderboard.go:84.2,85.1 2 0
github.com/muety/wakapi/services/leaderboard.go:86.2,86.21 2 0
github.com/muety/wakapi/services/leaderboard.go:87.3,88.17 2 0
github.com/muety/wakapi/services/leaderboard.go:89.4,91.1 2 0
github.com/muety/wakapi/services/leaderboard.go:92.3,92.83 1 0
github.com/muety/wakapi/services/leaderboard.go:95.2,95.76 1 0
github.com/muety/wakapi/services/leaderboard.go:96.3,96.77 1 0
github.com/muety/wakapi/services/leaderboard.go:97.4,98.1 1 0
github.com/muety/wakapi/services/leaderboard.go:103.2,104.1 2 0
github.com/muety/wakapi/services/leaderboard.go:105.2,105.29 2 0
github.com/muety/wakapi/services/leaderboard.go:106.3,106.83 1 0
github.com/muety/wakapi/services/leaderboard.go:107.4,108.12 2 0
github.com/muety/wakapi/services/leaderboard.go:111.3,112.17 2 0
github.com/muety/wakapi/services/leaderboard.go:113.4,114.12 2 0
github.com/muety/wakapi/services/leaderboard.go:117.3,117.85 1 0
github.com/muety/wakapi/services/leaderboard.go:118.4,119.12 2 0
github.com/muety/wakapi/services/leaderboard.go:122.3,122.25 1 0
github.com/muety/wakapi/services/leaderboard.go:123.4,124.18 2 0
github.com/muety/wakapi/services/leaderboard.go:125.5,126.13 2 0
github.com/muety/wakapi/services/leaderboard.go:129.4,129.23 1 0
github.com/muety/wakapi/services/leaderboard.go:130.5,130.13 1 0
github.com/muety/wakapi/services/leaderboard.go:133.4,133.60 1 0
github.com/muety/wakapi/services/leaderboard.go:134.5,135.13 2 0
github.com/muety/wakapi/services/leaderboard.go:140.2,142.12 3 0
github.com/muety/wakapi/services/leaderboard.go:146.2,148.1 2 0
github.com/muety/wakapi/services/leaderboard.go:152.2,153.52 2 0
github.com/muety/wakapi/services/leaderboard.go:154.3,155.1 1 0
github.com/muety/wakapi/services/leaderboard.go:157.2,158.16 2 0
github.com/muety/wakapi/services/leaderboard.go:159.3,160.1 1 0
github.com/muety/wakapi/services/leaderboard.go:161.2,161.19 1 0
github.com/muety/wakapi/services/leaderboard.go:165.2,166.1 1 0
github.com/muety/wakapi/services/leaderboard.go:169.2,170.1 1 0
github.com/muety/wakapi/services/leaderboard.go:174.2,175.52 2 0
github.com/muety/wakapi/services/leaderboard.go:176.3,177.1 1 0
github.com/muety/wakapi/services/leaderboard.go:179.2,180.16 2 0
github.com/muety/wakapi/services/leaderboard.go:181.3,182.1 1 0
github.com/muety/wakapi/services/leaderboard.go:184.2,184.18 1 0
github.com/muety/wakapi/services/leaderboard.go:185.3,186.17 2 0
github.com/muety/wakapi/services/leaderboard.go:187.4,188.1 1 0
github.com/muety/wakapi/services/leaderboard.go:189.4,189.31 1 0
github.com/muety/wakapi/services/leaderboard.go:190.5,190.40 1 0
github.com/muety/wakapi/services/leaderboard.go:191.6,192.1 1 0
github.com/muety/wakapi/services/leaderboard.go:197.2,198.19 2 0
github.com/muety/wakapi/services/leaderboard.go:203.2,204.52 2 0
github.com/muety/wakapi/services/leaderboard.go:205.3,206.1 1 0
github.com/muety/wakapi/services/leaderboard.go:208.2,209.16 2 0
github.com/muety/wakapi/services/leaderboard.go:210.3,211.1 1 0
github.com/muety/wakapi/services/leaderboard.go:213.2,213.17 1 0
github.com/muety/wakapi/services/leaderboard.go:214.3,215.17 2 0
github.com/muety/wakapi/services/leaderboard.go:216.4,217.1 1 0
github.com/muety/wakapi/services/leaderboard.go:218.4,218.31 1 0
github.com/muety/wakapi/services/leaderboard.go:219.5,220.1 1 0
github.com/muety/wakapi/services/leaderboard.go:224.2,225.19 2 0
github.com/muety/wakapi/services/leaderboard.go:229.2,230.16 2 0
github.com/muety/wakapi/services/leaderboard.go:231.3,232.1 1 0
github.com/muety/wakapi/services/leaderboard.go:234.2,236.16 3 0
github.com/muety/wakapi/services/leaderboard.go:237.3,238.1 1 0
github.com/muety/wakapi/services/leaderboard.go:241.2,247.8 2 0
github.com/muety/wakapi/services/leaderboard.go:251.2,252.16 2 0
github.com/muety/wakapi/services/leaderboard.go:253.3,254.1 1 0
github.com/muety/wakapi/services/leaderboard.go:256.2,257.16 2 0
github.com/muety/wakapi/services/leaderboard.go:258.3,259.1 1 0
github.com/muety/wakapi/services/leaderboard.go:261.2,263.1 3 0
github.com/muety/wakapi/services/leaderboard.go:264.2,264.36 3 0
github.com/muety/wakapi/services/leaderboard.go:266.3,266.43 1 0
github.com/muety/wakapi/services/leaderboard.go:267.4,267.12 1 0
github.com/muety/wakapi/services/leaderboard.go:270.3,277.5 1 0
github.com/muety/wakapi/services/leaderboard.go:280.2,280.19 1 0
github.com/muety/wakapi/services/leaderboard.go:284.2,285.47 2 0
github.com/muety/wakapi/services/leaderboard.go:286.3,287.1 1 0
github.com/muety/wakapi/services/leaderboard.go:288.2,288.23 1 0
github.com/muety/wakapi/services/leaderboard.go:289.3,290.1 1 0
github.com/muety/wakapi/services/leaderboard.go:291.2,291.10 1 0
github.com/muety/wakapi/services/misc.go:46.2,56.1 1 0
github.com/muety/wakapi/services/misc.go:60.2,61.95 2 0
github.com/muety/wakapi/services/misc.go:62.3,63.1 1 0
github.com/muety/wakapi/services/misc.go:65.2,65.128 1 0
github.com/muety/wakapi/services/misc.go:66.3,67.125 2 0
github.com/muety/wakapi/services/misc.go:68.4,69.1 1 0
github.com/muety/wakapi/services/misc.go:73.2,73.33 1 0
github.com/muety/wakapi/services/misc.go:74.3,74.71 1 0
github.com/muety/wakapi/services/misc.go:75.4,76.1 1 0
github.com/muety/wakapi/services/misc.go:78.2,78.170 1 0
github.com/muety/wakapi/services/misc.go:79.3,79.83 1 0
github.com/muety/wakapi/services/misc.go:80.4,81.1 1 0
github.com/muety/wakapi/services/misc.go:86.2,87.36 2 0
github.com/muety/wakapi/services/misc.go:88.3,89.1 1 0
github.com/muety/wakapi/services/misc.go:90.2,91.1 3 0
github.com/muety/wakapi/services/misc.go:92.2,93.16 3 0
github.com/muety/wakapi/services/misc.go:94.3,96.1 2 0
github.com/muety/wakapi/services/misc.go:98.2,101.1 4 0
github.com/muety/wakapi/services/misc.go:102.2,102.26 4 0
github.com/muety/wakapi/services/misc.go:103.3,104.46 2 0
github.com/muety/wakapi/services/misc.go:105.4,107.1 2 0
github.com/muety/wakapi/services/misc.go:108.4,110.1 2 0
github.com/muety/wakapi/services/misc.go:114.2,114.30 1 0
github.com/muety/wakapi/services/misc.go:115.3,115.58 1 0
github.com/muety/wakapi/services/misc.go:116.4,119.19 1 0
github.com/muety/wakapi/services/misc.go:120.5,121.1 1 0
github.com/muety/wakapi/services/misc.go:123.4,126.19 1 0
github.com/muety/wakapi/services/misc.go:127.5,128.1 1 0
github.com/muety/wakapi/services/misc.go:130.4,131.1 1 0
github.com/muety/wakapi/services/misc.go:144.2,144.82 1 0
github.com/muety/wakapi/services/misc.go:145.3,146.1 1 0
github.com/muety/wakapi/services/misc.go:148.2,150.1 4 0
github.com/muety/wakapi/services/misc.go:151.2,152.16 4 0
github.com/muety/wakapi/services/misc.go:153.3,155.1 2 0
github.com/muety/wakapi/services/misc.go:157.2,158.104 2 0
github.com/muety/wakapi/services/misc.go:159.3,159.122 1 0
github.com/muety/wakapi/services/misc.go:160.4,161.1 1 0
github.com/muety/wakapi/services/misc.go:163.3,165.1 2 0
github.com/muety/wakapi/services/misc.go:167.2,167.26 1 0
github.com/muety/wakapi/services/misc.go:168.3,168.49 1 0
github.com/muety/wakapi/services/misc.go:169.4,170.1 1 0
github.com/muety/wakapi/services/misc.go:172.3,173.65 2 0
github.com/muety/wakapi/services/misc.go:175.4,175.130 1 0
github.com/muety/wakapi/services/misc.go:176.5,177.1 1 0
github.com/muety/wakapi/services/misc.go:177.11,177.25 1 0
github.com/muety/wakapi/services/misc.go:178.5,180.1 2 0
github.com/muety/wakapi/services/misc.go:187.3,187.137 1 0
github.com/muety/wakapi/services/misc.go:188.4,188.12 1 0
github.com/muety/wakapi/services/misc.go:191.3,192.89 2 0
github.com/muety/wakapi/services/misc.go:193.4,194.1 1 0
github.com/muety/wakapi/services/misc.go:199.2,200.16 2 0
github.com/muety/wakapi/services/misc.go:201.3,203.1 2 0
github.com/muety/wakapi/services/misc.go:204.2,204.27 1 0
github.com/muety/wakapi/services/misc.go:208.2,209.33 2 0
github.com/muety/wakapi/services/misc.go:210.3,212.1 3 0
github.com/muety/wakapi/services/misc.go:213.3,213.86 3 0
github.com/muety/wakapi/services/misc.go:214.4,216.1 2 0
github.com/muety/wakapi/services/misc.go:218.3,221.18 1 0
github.com/muety/wakapi/services/misc.go:222.4,223.1 1 0
github.com/muety/wakapi/services/misc.go:228.2,229.16 2 0
github.com/muety/wakapi/services/misc.go:230.3,231.1 1 0
github.com/muety/wakapi/services/misc.go:232.2,232.25 1 0
github.com/muety/wakapi/services/misc.go:236.2,237.16 2 0
github.com/muety/wakapi/services/misc.go:238.3,239.1 1 0
github.com/muety/wakapi/services/misc.go:240.2,240.25 1 0
github.com/muety/wakapi/services/project.go:30.2,37.1 3 1
github.com/muety/wakapi/services/project.go:39.2,40.33 3 1
github.com/muety/wakapi/services/project.go:41.3,41.31 1 1
github.com/muety/wakapi/services/project.go:42.4,44.1 2 1
github.com/muety/wakapi/services/project.go:47.2,48.33 2 1
github.com/muety/wakapi/services/project.go:49.3,49.31 1 1
github.com/muety/wakapi/services/project.go:50.4,52.1 2 1
github.com/muety/wakapi/services/project.go:55.2,55.12 1 1
github.com/muety/wakapi/services/project.go:59.2,63.1 2 1
github.com/muety/wakapi/services/project.go:64.2,64.23 2 1
github.com/muety/wakapi/services/project.go:65.3,67.1 2 1
github.com/muety/wakapi/services/project.go:69.2,70.68 2 1
github.com/muety/wakapi/services/project.go:71.3,72.1 1 0
github.com/muety/wakapi/services/project.go:72.9,72.25 1 1
github.com/muety/wakapi/services/project.go:73.3,73.156 1 1
github.com/muety/wakapi/services/project.go:74.4,75.1 1 0
github.com/muety/wakapi/services/project.go:78.2,78.17 1 1
github.com/muety/wakapi/services/project.go:79.3,80.1 1 0
github.com/muety/wakapi/services/project.go:82.2,83.16 2 1
github.com/muety/wakapi/services/project.go:84.3,85.1 1 0
github.com/muety/wakapi/services/project.go:87.2,89.1 3 1
github.com/muety/wakapi/services/project.go:90.2,90.35 3 1
github.com/muety/wakapi/services/project.go:91.3,92.1 2 1
github.com/muety/wakapi/services/project.go:93.3,93.43 2 1
github.com/muety/wakapi/services/project.go:94.4,95.1 2 1
github.com/muety/wakapi/services/project.go:96.4,96.50 2 1
github.com/muety/wakapi/services/project.go:97.5,98.1 1 0
github.com/muety/wakapi/services/project.go:100.4,100.47 1 1
github.com/muety/wakapi/services/project.go:101.5,102.1 1 0
github.com/muety/wakapi/services/project.go:104.4,104.41 1 1
github.com/muety/wakapi/services/project.go:105.5,107.1 2 1
github.com/muety/wakapi/services/project.go:109.4,116.1 2 1
github.com/muety/wakapi/services/project.go:117.4,118.1 2 1
github.com/muety/wakapi/services/project.go:121.2,122.27 2 1
github.com/muety/wakapi/services/project.go:123.3,123.92 1 1
github.com/muety/wakapi/services/project.go:124.4,125.1 1 1
github.com/muety/wakapi/services/project.go:128.2,128.52 1 1
github.com/muety/wakapi/services/project.go:129.3,130.1 1 1
github.com/muety/wakapi/services/project.go:132.2,133.1 3 1
github.com/muety/wakapi/services/project.go:134.2,135.61 3 1
github.com/muety/wakapi/services/project.go:136.3,137.1 1 1
github.com/muety/wakapi/services/project.go:139.2,140.1 2 1
github.com/muety/wakapi/services/project.go:141.2,141.30 2 1
github.com/muety/wakapi/services/project.go:145.2,146.61 2 1
github.com/muety/wakapi/services/project.go:147.3,149.1 2 1
github.com/muety/wakapi/services/project.go:153.2,154.72 2 1
github.com/muety/wakapi/services/project.go:155.3,155.69 1 1
github.com/muety/wakapi/services/project.go:156.4,158.1 2 1
github.com/muety/wakapi/services/project.go:160.2,160.17 1 1
github.com/muety/wakapi/services/project.go:161.3,162.1 1 1
github.com/muety/wakapi/services/project.go:166.2,166.178 1 1
github.com/muety/wakapi/services/project.go:167.3,168.1 1 1
github.com/muety/wakapi/services/project.go:172.2,173.1 1 1
github.com/muety/wakapi/services/project_label.go:24.2,29.1 1 0
github.com/muety/wakapi/services/project_label.go:33.2,34.1 1 0
github.com/muety/wakapi/services/project_label.go:37.2,37.51 1 0
github.com/muety/wakapi/services/project_label.go:38.3,39.1 1 0
github.com/muety/wakapi/services/project_label.go:41.2,42.16 2 0
github.com/muety/wakapi/services/project_label.go:43.3,44.1 1 0
github.com/muety/wakapi/services/project_label.go:45.2,46.20 2 0
github.com/muety/wakapi/services/project_label.go:51.2,52.16 2 0
github.com/muety/wakapi/services/project_label.go:53.3,54.1 1 0
github.com/muety/wakapi/services/project_label.go:55.2,55.112 1 0
github.com/muety/wakapi/services/project_label.go:56.3,57.1 1 0
github.com/muety/wakapi/services/project_label.go:58.2,58.26 1 0
github.com/muety/wakapi/services/project_label.go:63.2,64.16 2 0
github.com/muety/wakapi/services/project_label.go:65.3,66.1 1 0
github.com/muety/wakapi/services/project_label.go:67.2,67.112 1 0
github.com/muety/wakapi/services/project_label.go:68.3,69.1 1 0
github.com/muety/wakapi/services/project_label.go:70.2,70.26 1 0
github.com/muety/wakapi/services/project_label.go:74.2,75.16 2 0
github.com/muety/wakapi/services/project_label.go:76.3,77.1 1 0
github.com/muety/wakapi/services/project_label.go:79.2,81.20 3 0
github.com/muety/wakapi/services/project_label.go:85.2,85.24 1 0
github.com/muety/wakapi/services/project_label.go:86.3,87.1 1 0
github.com/muety/wakapi/services/project_label.go:88.2,91.12 4 0
github.com/muety/wakapi/services/project_label.go:95.2,96.14 2 0
github.com/muety/wakapi/services/project_label.go:97.3,98.1 1 0
github.com/muety/wakapi/services/project_label.go:99.2,102.4 1 0
github.com/muety/wakapi/services/report.go:35.2,44.1 2 0
github.com/muety/wakapi/services/report.go:46.2,47.1 2 0
github.com/muety/wakapi/services/report.go:50.2,51.1 2 0
github.com/muety/wakapi/services/report.go:52.2,52.45 2 0
github.com/muety/wakapi/services/report.go:53.3,53.46 1 0
github.com/muety/wakapi/services/report.go:54.4,55.1 2 0
github.com/muety/wakapi/services/report.go:56.4,56.57 2 0
github.com/muety/wakapi/services/report.go:57.5,58.1 1 0
github.com/muety/wakapi/services/report.go:61.4,61.58 1 0
github.com/muety/wakapi/services/report.go:62.5,64.1 2 0
github.com/muety/wakapi/services/report.go:66.4,67.1 1 0
github.com/muety/wakapi/services/report.go:70.2,70.49 1 0
github.com/muety/wakapi/services/report.go:72.3,73.17 2 0
github.com/muety/wakapi/services/report.go:74.4,76.1 2 0
github.com/muety/wakapi/services/report.go:79.3,79.78 1 0
github.com/muety/wakapi/services/report.go:80.4,81.1 1 0
github.com/muety/wakapi/services/report.go:84.3,85.27 2 0
github.com/muety/wakapi/services/report.go:86.4,87.1 1 0
github.com/muety/wakapi/services/report.go:90.2,90.16 1 0
github.com/muety/wakapi/services/report.go:91.3,92.1 1 0
github.com/muety/wakapi/services/report.go:96.2,96.22 1 0
github.com/muety/wakapi/services/report.go:97.3,99.1 2 0
github.com/muety/wakapi/services/report.go:101.2,102.1 5 0
github.com/muety/wakapi/services/report.go:103.2,105.1 5 0
github.com/muety/wakapi/services/report.go:106.2,107.16 5 0
github.com/muety/wakapi/services/report.go:108.3,110.1 2 0
github.com/muety/wakapi/services/report.go:113.2,115.1 3 0
github.com/muety/wakapi/services/report.go:116.2,116.40 3 0
github.com/muety/wakapi/services/report.go:117.3,119.17 3 0
github.com/muety/wakapi/services/report.go:120.4,121.9 2 0
github.com/muety/wakapi/services/report.go:123.3,125.30 3 0
github.com/muety/wakapi/services/report.go:128.2,128.33 1 0
github.com/muety/wakapi/services/report.go:129.3,129.75 1 0
github.com/muety/wakapi/services/report.go:130.4,132.1 2 0
github.com/muety/wakapi/services/report.go:133.4,134.1 1 0
github.com/muety/wakapi/services/report.go:137.2,143.1 2 0
github.com/muety/wakapi/services/report.go:145.2,145.65 2 0
github.com/muety/wakapi/services/report.go:146.3,148.1 2 0
github.com/muety/wakapi/services/report.go:150.2,151.12 2 0
github.com/muety/wakapi/services/summary.go:37.2,47.1 3 1
github.com/muety/wakapi/services/summary.go:49.2,50.33 3 1
github.com/muety/wakapi/services/summary.go:51.3,51.31 1 1
github.com/muety/wakapi/services/summary.go:52.4,53.1 1 0
github.com/muety/wakapi/services/summary.go:56.2,57.33 2 1
github.com/muety/wakapi/services/summary.go:58.3,58.31 1 1
github.com/muety/wakapi/services/summary.go:59.4,61.1 3 1
github.com/muety/wakapi/services/summary.go:62.4,62.134 3 1
github.com/muety/wakapi/services/summary.go:63.5,63.90 1 1
github.com/muety/wakapi/services/summary.go:64.6,65.1 1 0
github.com/muety/wakapi/services/summary.go:65.12,65.59 1 1
github.com/muety/wakapi/services/summary.go:66.6,67.88 2 1
github.com/muety/wakapi/services/summary.go:68.7,69.1 1 0
github.com/muety/wakapi/services/summary.go:73.4,73.63 1 1
github.com/muety/wakapi/services/summary.go:77.2,78.33 2 1
github.com/muety/wakapi/services/summary.go:79.3,79.31 1 1
github.com/muety/wakapi/services/summary.go:80.4,81.1 1 0
github.com/muety/wakapi/services/summary.go:84.2,84.12 1 1
github.com/muety/wakapi/services/summary.go:91.2,92.1 3 1
github.com/muety/wakapi/services/summary.go:94.2,95.82 3 1
github.com/muety/wakapi/services/summary.go:96.3,96.67 1 1
github.com/muety/wakapi/services/summary.go:97.4,98.1 1 0
github.com/muety/wakapi/services/summary.go:102.2,105.1 4 1
github.com/muety/wakapi/services/summary.go:107.2,107.20 4 1
github.com/muety/wakapi/services/summary.go:108.3,108.32 1 1
github.com/muety/wakapi/services/summary.go:109.4,110.1 1 1
github.com/muety/wakapi/services/summary.go:111.3,111.55 1 1
github.com/muety/wakapi/services/summary.go:115.2,115.65 1 1
github.com/muety/wakapi/services/summary.go:116.3,117.1 1 0
github.com/muety/wakapi/services/summary.go:120.2,121.16 2 1
github.com/muety/wakapi/services/summary.go:122.3,123.1 1 0
github.com/muety/wakapi/services/summary.go:126.2,130.1 5 1
github.com/muety/wakapi/services/summary.go:131.2,131.79 5 1
github.com/muety/wakapi/services/summary.go:132.3,134.1 2 1
github.com/muety/wakapi/services/summary.go:136.2,137.46 2 1
github.com/muety/wakapi/services/summary.go:141.2,143.1 5 1
github.com/muety/wakapi/services/summary.go:147.2,149.1 5 1
github.com/muety/wakapi/services/summary.go:150.2,150.20 5 1
github.com/muety/wakapi/services/summary.go:152.3,153.17 2 1
github.com/muety/wakapi/services/summary.go:154.4,155.1 1 1
github.com/muety/wakapi/services/summary.go:156.4,157.1 1 0
github.com/muety/wakapi/services/summary.go:161.2,162.44 2 1
github.com/muety/wakapi/services/summary.go:163.3,163.102 1 1
github.com/muety/wakapi/services/summary.go:164.4,164.71 1 1
github.com/muety/wakapi/services/summary.go:168.5,168.13 1 0
github.com/muety/wakapi/services/summary.go:170.4,170.36 1 1
github.com/muety/wakapi/services/summary.go:172.4,173.1 1 0
github.com/muety/wakapi/services/summary.go:177.2,179.16 3 1
github.com/muety/wakapi/services/summary.go:180.3,181.1 1 0
github.com/muety/wakapi/services/summary.go:184.2,185.1 2 1
github.com/muety/wakapi/services/summary.go:186.2,186.30 2 1
github.com/muety/wakapi/services/summary.go:187.3,189.1 2 1
github.com/muety/wakapi/services/summary.go:191.2,191.87 1 1
github.com/muety/wakapi/services/summary.go:192.3,194.1 2 0
github.com/muety/wakapi/services/summary.go:196.2,196.46 1 1
github.com/muety/wakapi/services/summary.go:201.2,202.16 2 1
github.com/muety/wakapi/services/summary.go:203.3,204.1 1 0
github.com/muety/wakapi/services/summary.go:206.2,207.50 2 1
github.com/muety/wakapi/services/summary.go:208.3,210.1 2 1
github.com/muety/wakapi/services/summary.go:212.2,214.26 3 1
github.com/muety/wakapi/services/summary.go:215.3,216.1 1 1
github.com/muety/wakapi/services/summary.go:219.2,227.1 9 1
github.com/muety/wakapi/services/summary.go:228.2,228.34 9 1
github.com/muety/wakapi/services/summary.go:229.3,230.20 2 1
github.com/muety/wakapi/services/summary.go:232.4,232.29 1 1
github.com/muety/wakapi/services/summary.go:234.4,234.30 1 1
github.com/muety/wakapi/services/summary.go:236.4,236.28 1 1
github.com/muety/wakapi/services/summary.go:238.4,238.24 1 1
github.com/muety/wakapi/services/summary.go:240.4,240.29 1 1
github.com/muety/wakapi/services/summary.go:242.4,242.28 1 1
github.com/muety/wakapi/services/summary.go:244.4,244.28 1 1
github.com/muety/wakapi/services/summary.go:246.4,246.30 1 1
github.com/muety/wakapi/services/summary.go:250.2,250.25 1 1
github.com/muety/wakapi/services/summary.go:251.3,253.1 2 1
github.com/muety/wakapi/services/summary.go:255.2,268.1 2 1
github.com/muety/wakapi/services/summary.go:270.2,270.46 2 1
github.com/muety/wakapi/services/summary.go:276.2,277.1 1 0
github.com/muety/wakapi/services/summary.go:280.2,281.1 1 1
github.com/muety/wakapi/services/summary.go:284.2,286.1 2 0
github.com/muety/wakapi/services/summary.go:289.2,291.1 2 0
github.com/muety/wakapi/services/summary.go:294.2,296.1 2 1
github.com/muety/wakapi/services/summary.go:299.2,301.1 2 0
github.com/muety/wakapi/services/summary.go:306.2,307.1 2 1
github.com/muety/wakapi/services/summary.go:308.2,308.30 2 1
github.com/muety/wakapi/services/summary.go:309.3,310.1 1 1
github.com/muety/wakapi/services/summary.go:312.2,313.28 2 1
github.com/muety/wakapi/services/summary.go:314.3,319.1 1 1
github.com/muety/wakapi/services/summary.go:321.2,321.40 1 1
github.com/muety/wakapi/services/summary.go:322.3,323.1 1 1
github.com/muety/wakapi/services/summary.go:325.2,325.67 1 1
github.com/muety/wakapi/services/summary.go:329.2,329.72 1 1
github.com/muety/wakapi/services/summary.go:330.3,334.1 1 1
github.com/muety/wakapi/services/summary.go:337.2,338.16 2 1
github.com/muety/wakapi/services/summary.go:339.3,341.1 2 0
github.com/muety/wakapi/services/summary.go:343.2,344.37 2 1
github.com/muety/wakapi/services/summary.go:345.3,346.1 1 1
github.com/muety/wakapi/services/summary.go:348.2,350.30 3 1
github.com/muety/wakapi/services/summary.go:351.3,351.48 1 1
github.com/muety/wakapi/services/summary.go:352.4,352.41 1 1
github.com/muety/wakapi/services/summary.go:353.5,354.1 1 1
github.com/muety/wakapi/services/summary.go:355.4,356.29 2 1
github.com/muety/wakapi/services/summary.go:361.2,362.29 2 1
github.com/muety/wakapi/services/summary.go:363.3,363.18 1 1
github.com/muety/wakapi/services/summary.go:364.4,365.1 1 1
github.com/muety/wakapi/services/summary.go:367.2,368.16 2 1
github.com/muety/wakapi/services/summary.go:376.2,376.24 1 1
github.com/muety/wakapi/services/summary.go:377.3,378.1 1 0
github.com/muety/wakapi/services/summary.go:380.2,382.1 5 1
github.com/muety/wakapi/services/summary.go:383.2,394.1 5 1
github.com/muety/wakapi/services/summary.go:396.2,397.1 5 1
github.com/muety/wakapi/services/summary.go:398.2,398.30 5 1
github.com/muety/wakapi/services/summary.go:399.3,400.42 2 1
github.com/muety/wakapi/services/summary.go:401.4,401.42 1 1
github.com/muety/wakapi/services/summary.go:403.5,404.1 1 0
github.com/muety/wakapi/services/summary.go:405.4,405.12 1 1
github.com/muety/wakapi/services/summary.go:408.3,408.12 1 1
github.com/muety/wakapi/services/summary.go:409.4,409.70 1 1
github.com/muety/wakapi/services/summary.go:410.5,411.1 1 0
github.com/muety/wakapi/services/summary.go:414.3,414.38 1 1
github.com/muety/wakapi/services/summary.go:415.4,416.1 1 0
github.com/muety/wakapi/services/summary.go:418.3,419.1 2 1
github.com/muety/wakapi/services/summary.go:420.3,420.54 2 1
github.com/muety/wakapi/services/summary.go:421.4,422.1 1 1
github.com/muety/wakapi/services/summary.go:423.3,423.51 1 1
github.com/muety/wakapi/services/summary.go:424.4,425.1 1 1
github.com/muety/wakapi/services/summary.go:427.3,437.1 11 1
github.com/muety/wakapi/services/summary.go:438.3,438.22 11 1
github.com/muety/wakapi/services/summary.go:441.2,443.1 3 1
github.com/muety/wakapi/services/summary.go:444.2,444.26 3 1
github.com/muety/wakapi/services/summary.go:448.2,449.1 2 1
github.com/muety/wakapi/services/summary.go:451.2,451.32 2 1
github.com/muety/wakapi/services/summary.go:452.3,453.1 1 1
github.com/muety/wakapi/services/summary.go:455.2,455.27 1 1
github.com/muety/wakapi/services/summary.go:456.3,456.37 1 1
github.com/muety/wakapi/services/summary.go:457.4,458.1 1 1
github.com/muety/wakapi/services/summary.go:459.4,460.1 1 1
github.com/muety/wakapi/services/summary.go:463.2,465.26 3 1
github.com/muety/wakapi/services/summary.go:466.3,468.1 2 1
github.com/muety/wakapi/services/summary.go:470.2,470.43 1 1
github.com/muety/wakapi/services/summary.go:471.3,472.1 1 1
github.com/muety/wakapi/services/summary.go:474.2,474.17 1 1
github.com/muety/wakapi/services/summary.go:478.2,478.25 1 1
github.com/muety/wakapi/services/summary.go:479.3,480.1 1 1
github.com/muety/wakapi/services/summary.go:482.2,483.1 2 1
github.com/muety/wakapi/services/summary.go:485.2,485.44 2 1
github.com/muety/wakapi/services/summary.go:486.3,487.1 1 1
github.com/muety/wakapi/services/summary.go:490.2,490.40 1 1
github.com/muety/wakapi/services/summary.go:491.3,492.51 2 1
github.com/muety/wakapi/services/summary.go:493.4,493.12 1 1
github.com/muety/wakapi/services/summary.go:496.3,498.1 3 1
github.com/muety/wakapi/services/summary.go:503.3,503.15 3 1
github.com/muety/wakapi/services/summary.go:504.4,506.1 3 1
github.com/muety/wakapi/services/summary.go:509.4,509.38 3 1
github.com/muety/wakapi/services/summary.go:510.5,511.1 1 0
github.com/muety/wakapi/services/summary.go:515.3,515.22 1 1
github.com/muety/wakapi/services/summary.go:516.4,517.1 1 1
github.com/muety/wakapi/services/summary.go:521.2,521.54 1 1
github.com/muety/wakapi/services/summary.go:522.3,523.1 1 1
github.com/muety/wakapi/services/summary.go:525.2,525.18 1 1
github.com/muety/wakapi/services/summary.go:532.2,532.36 1 1
github.com/muety/wakapi/services/summary.go:533.3,533.53 1 1
github.com/muety/wakapi/services/summary.go:534.4,535.1 2 1
github.com/muety/wakapi/services/summary.go:536.4,536.28 2 1
github.com/muety/wakapi/services/summary.go:537.5,538.60 2 0
github.com/muety/wakapi/services/summary.go:540.6,541.1 1 0
github.com/muety/wakapi/services/summary.go:546.2,546.18 1 1
github.com/muety/wakapi/services/summary.go:550.2,551.1 1 1
github.com/muety/wakapi/services/summary.go:554.2,554.37 1 1
github.com/muety/wakapi/services/summary.go:555.3,555.36 1 0
github.com/muety/wakapi/services/summary.go:556.4,557.1 1 0
github.com/muety/wakapi/services/summary.go:562.2,562.40 1 1
github.com/muety/wakapi/services/summary.go:563.3,565.1 2 1
github.com/muety/wakapi/services/summary.go:569.2,569.42 1 1
github.com/muety/wakapi/services/summary.go:570.3,571.17 2 1
github.com/muety/wakapi/services/summary.go:572.4,574.1 2 0
github.com/muety/wakapi/services/summary.go:576.3,577.17 2 1
github.com/muety/wakapi/services/summary.go:578.4,579.1 1 0
github.com/muety/wakapi/services/summary.go:581.3,581.41 1 1
github.com/muety/wakapi/services/summary.go:582.4,583.1 1 1
github.com/muety/wakapi/services/summary.go:588.3,588.56 1 1
github.com/muety/wakapi/services/summary.go:589.4,590.75 2 1
github.com/muety/wakapi/services/summary.go:591.5,592.1 1 1
github.com/muety/wakapi/services/summary.go:595.3,596.29 2 1
github.com/muety/wakapi/services/summary.go:597.4,597.27 1 1
github.com/muety/wakapi/services/summary.go:598.5,599.1 1 1
github.com/muety/wakapi/services/summary.go:600.5,601.1 1 0
github.com/muety/wakapi/services/summary.go:603.3,603.22 1 1
github.com/muety/wakapi/services/summary.go:608.2,608.33 1 1
github.com/muety/wakapi/services/summary.go:609.3,611.17 3 1
github.com/muety/wakapi/services/summary.go:612.4,612.33 1 1
github.com/muety/wakapi/services/summary.go:613.5,614.1 1 1
github.com/muety/wakapi/services/summary.go:616.3,617.28 2 1
github.com/muety/wakapi/services/summary.go:618.4,619.1 1 1
github.com/muety/wakapi/services/summary.go:620.3,620.24 1 1
github.com/muety/wakapi/services/user.go:39.2,49.1 3 1
github.com/muety/wakapi/services/user.go:51.2,52.33 3 1
github.com/muety/wakapi/services/user.go:53.3,53.31 1 1
github.com/muety/wakapi/services/user.go:54.4,56.1 4 0
github.com/muety/wakapi/services/user.go:57.4,58.1 4 0
github.com/muety/wakapi/services/user.go:59.4,59.73 4 0
github.com/muety/wakapi/services/user.go:60.5,61.1 1 0
github.com/muety/wakapi/services/user.go:63.4,63.24 1 0
github.com/muety/wakapi/services/user.go:64.5,64.80 1 0
github.com/muety/wakapi/services/user.go:65.6,66.1 1 0
github.com/muety/wakapi/services/user.go:67.6,68.1 1 0
github.com/muety/wakapi/services/user.go:73.2,74.33 2 1
github.com/muety/wakapi/services/user.go:75.3,75.31 1 1
github.com/muety/wakapi/services/user.go:76.4,77.76 2 0
github.com/muety/wakapi/services/user.go:78.5,78.13 1 0
github.com/muety/wakapi/services/user.go:80.4,80.61 1 0
github.com/muety/wakapi/services/user.go:84.2,84.12 1 1
github.com/muety/wakapi/services/user.go:88.2,88.18 1 1
github.com/muety/wakapi/services/user.go:89.3,90.1 1 0
github.com/muety/wakapi/services/user.go:92.2,93.42 2 1
github.com/muety/wakapi/services/user.go:94.3,95.1 1 0
github.com/muety/wakapi/services/user.go:97.2,98.16 2 1
github.com/muety/wakapi/services/user.go:99.3,100.1 1 0
github.com/muety/wakapi/services/user.go:102.2,103.15 2 1
github.com/muety/wakapi/services/user.go:107.2,107.15 1 1
github.com/muety/wakapi/services/user.go:108.3,109.1 1 1
github.com/muety/wakapi/services/user.go:111.2,112.42 2 1
github.com/muety/wakapi/services/user.go:113.3,114.1 1 1
github.com/muety/wakapi/services/user.go:116.2,117.16 2 1
github.com/muety/wakapi/services/user.go:118.3,120.1 2 1
github.com/muety/wakapi/services/user.go:122.2,123.16 2 1
github.com/muety/wakapi/services/user.go:124.3,126.1 2 1
github.com/muety/wakapi/services/user.go:128.2,128.17 1 1
github.com/muety/wakapi/services/user.go:132.2,132.22 1 0
github.com/muety/wakapi/services/user.go:133.3,134.1 1 0
github.com/muety/wakapi/services/user.go:138.2,138.68 1 0
github.com/muety/wakapi/services/user.go:142.2,142.17 1 1
github.com/muety/wakapi/services/user.go:143.3,144.1 1 1
github.com/muety/wakapi/services/user.go:145.2,145.31 1 1
github.com/muety/wakapi/services/user.go:146.3,147.1 1 1
github.com/muety/wakapi/services/user.go:148.2,148.58 1 1
github.com/muety/wakapi/services/user.go:152.2,152.22 1 0
github.com/muety/wakapi/services/user.go:153.3,154.1 1 0
github.com/muety/wakapi/services/user.go:155.2,155.68 1 0
github.com/muety/wakapi/services/user.go:159.2,159.28 1 0
github.com/muety/wakapi/services/user.go:160.3,161.1 1 0
github.com/muety/wakapi/services/user.go:162.2,162.80 1 0
github.com/muety/wakapi/services/user.go:166.2,166.22 1 0
github.com/muety/wakapi/services/user.go:167.3,168.1 1 0
github.com/muety/wakapi/services/user.go:169.2,169.74 1 0
github.com/muety/wakapi/services/user.go:173.2,173.33 1 0
github.com/muety/wakapi/services/user.go:174.3,175.1 1 0
github.com/muety/wakapi/services/user.go:176.2,178.8 3 0
github.com/muety/wakapi/services/user.go:180.3,181.17 2 0
github.com/muety/wakapi/services/user.go:182.4,183.1 1 0
github.com/muety/wakapi/services/user.go:185.3,185.36 1 0
github.com/muety/wakapi/services/user.go:188.2,192.16 2 0
github.com/muety/wakapi/services/user.go:193.3,194.1 1 0
github.com/muety/wakapi/services/user.go:197.2,199.1 3 0
github.com/muety/wakapi/services/user.go:200.2,200.18 3 0
github.com/muety/wakapi/services/user.go:204.2,205.1 1 0
github.com/muety/wakapi/services/user.go:208.2,209.16 2 0
github.com/muety/wakapi/services/user.go:210.3,211.1 1 0
github.com/muety/wakapi/services/user.go:212.2,212.37 1 0
github.com/muety/wakapi/services/user.go:216.2,217.1 1 0
github.com/muety/wakapi/services/user.go:220.2,221.16 2 0
github.com/muety/wakapi/services/user.go:222.3,223.1 1 0
github.com/muety/wakapi/services/user.go:224.2,224.37 1 0
github.com/muety/wakapi/services/user.go:228.2,229.1 1 0
github.com/muety/wakapi/services/user.go:232.2,233.1 1 0
github.com/muety/wakapi/services/user.go:236.2,237.12 2 0
github.com/muety/wakapi/services/user.go:238.3,239.1 1 0
github.com/muety/wakapi/services/user.go:241.2,242.42 2 0
github.com/muety/wakapi/services/user.go:243.3,244.1 1 0
github.com/muety/wakapi/services/user.go:246.2,247.16 2 0
github.com/muety/wakapi/services/user.go:248.3,249.1 1 0
github.com/muety/wakapi/services/user.go:251.2,252.21 2 0
github.com/muety/wakapi/services/user.go:256.2,257.1 1 0
github.com/muety/wakapi/services/user.go:260.2,260.37 1 0
github.com/muety/wakapi/services/user.go:261.3,263.17 3 0
github.com/muety/wakapi/services/user.go:264.4,265.1 1 0
github.com/muety/wakapi/services/user.go:266.3,266.28 1 0
github.com/muety/wakapi/services/user.go:267.4,268.1 1 0
github.com/muety/wakapi/services/user.go:269.3,269.38 1 0
github.com/muety/wakapi/services/user.go:272.2,272.48 1 0
github.com/muety/wakapi/services/user.go:276.2,287.1 2 0
github.com/muety/wakapi/services/user.go:289.2,289.95 2 0
github.com/muety/wakapi/services/user.go:290.3,291.1 1 0
github.com/muety/wakapi/services/user.go:292.3,293.1 1 0
github.com/muety/wakapi/services/user.go:295.2,295.38 1 0
github.com/muety/wakapi/services/user.go:299.2,302.1 3 0
github.com/muety/wakapi/services/user.go:305.2,305.31 1 0
github.com/muety/wakapi/services/user.go:306.3,307.1 1 0
github.com/muety/wakapi/services/user.go:310.2,312.1 4 0
github.com/muety/wakapi/services/user.go:314.2,315.16 4 0
github.com/muety/wakapi/services/user.go:316.3,317.1 1 0
github.com/muety/wakapi/services/user.go:319.2,320.16 2 0
github.com/muety/wakapi/services/user.go:322.3,323.81 2 0
github.com/muety/wakapi/services/user.go:324.4,325.1 1 0
github.com/muety/wakapi/services/user.go:326.3,326.18 1 0
github.com/muety/wakapi/services/user.go:329.2,330.1 2 0
github.com/muety/wakapi/services/user.go:331.2,331.21 2 0
github.com/muety/wakapi/services/user.go:335.2,338.1 3 0
github.com/muety/wakapi/services/user.go:341.2,342.1 2 0
github.com/muety/wakapi/services/user.go:343.2,343.35 2 0
github.com/muety/wakapi/services/user.go:344.3,344.89 1 0
github.com/muety/wakapi/services/user.go:345.4,346.1 1 0
github.com/muety/wakapi/services/user.go:349.2,349.35 1 0
github.com/muety/wakapi/services/user.go:350.3,351.1 1 0
github.com/muety/wakapi/services/user.go:353.2,353.18 1 0
github.com/muety/wakapi/services/user.go:357.2,358.1 1 0
github.com/muety/wakapi/services/user.go:361.2,362.1 1 0
github.com/muety/wakapi/services/user.go:365.2,366.1 4 0
github.com/muety/wakapi/services/user.go:367.2,369.1 4 0
github.com/muety/wakapi/services/user.go:370.2,370.56 4 0
github.com/muety/wakapi/services/user.go:371.3,371.59 1 0
github.com/muety/wakapi/services/user.go:372.4,373.1 1 0
github.com/muety/wakapi/services/user.go:374.3,374.96 1 0
github.com/muety/wakapi/services/user.go:375.4,376.1 1 0
github.com/muety/wakapi/services/user.go:378.3,379.13 2 0
github.com/muety/wakapi/services/user.go:384.2,384.112 1 0
github.com/muety/wakapi/services/user.go:385.3,386.1 1 0
github.com/muety/wakapi/services/user.go:390.2,391.1 1 0
github.com/muety/wakapi/services/user.go:394.2,396.41 3 0
github.com/muety/wakapi/services/user.go:397.3,397.64 1 0
github.com/muety/wakapi/services/user.go:398.4,399.1 1 0
github.com/muety/wakapi/services/user.go:404.2,408.1 1 0
github.com/muety/wakapi/services/user.go:411.2,415.1 1 0
github.com/muety/wakapi/services/user.go:418.2,418.97 1 0
github.com/muety/wakapi/services/user.go:419.3,421.1 2 0
github.com/muety/wakapi/services/user.go:422.2,422.13 1 0
github.com/muety/wakapi/services/webauthn.go:15.2,17.1 2 0
github.com/muety/wakapi/services/webauthn.go:19.2,20.1 2 0
github.com/muety/wakapi/services/webauthn.go:23.2,25.1 2 0
github.com/muety/wakapi/services/webauthn.go:27.2,29.1 2 0
github.com/muety/wakapi/services/webauthn.go:32.2,34.1 2 0
github.com/muety/wakapi/services/webauthn.go:37.2,38.1 1 0
github.com/muety/wakapi/services/webauthn.go:41.2,42.1 1 0
github.com/muety/wakapi/services/webauthn.go:45.2,46.16 2 0
github.com/muety/wakapi/services/webauthn.go:47.3,48.1 1 0
github.com/muety/wakapi/services/webauthn.go:49.2,50.12 2 0
github.com/muety/wakapi/routes/handler.go:14.53,14.53 0 0
github.com/muety/wakapi/routes/handler.go:18.2,19.1 1 0
github.com/muety/wakapi/routes/home.go:30.2,34.1 1 1
github.com/muety/wakapi/routes/home.go:38.2,38.34 1 1
github.com/muety/wakapi/routes/home.go:39.3,41.1 2 1
github.com/muety/wakapi/routes/home.go:45.2,45.22 1 1
github.com/muety/wakapi/routes/home.go:46.3,47.1 1 1
github.com/muety/wakapi/routes/home.go:49.2,49.54 1 1
github.com/muety/wakapi/routes/home.go:50.3,52.1 2 1
github.com/muety/wakapi/routes/home.go:53.2,53.40 1 1
github.com/muety/wakapi/routes/home.go:54.3,56.1 2 0
github.com/muety/wakapi/routes/home.go:58.2,58.66 1 1
github.com/muety/wakapi/routes/home.go:62.2,68.1 2 1
github.com/muety/wakapi/routes/home.go:69.2,69.109 2 1
github.com/muety/wakapi/routes/home.go:70.3,70.57 1 1
github.com/muety/wakapi/routes/home.go:71.4,72.1 1 1
github.com/muety/wakapi/routes/home.go:75.2,75.110 1 1
github.com/muety/wakapi/routes/home.go:76.3,76.51 1 1
github.com/muety/wakapi/routes/home.go:77.4,78.1 1 1
github.com/muety/wakapi/routes/home.go:81.2,81.101 1 1
github.com/muety/wakapi/routes/home.go:82.3,82.87 1 0
github.com/muety/wakapi/routes/home.go:83.4,84.1 1 0
github.com/muety/wakapi/routes/home.go:87.2,87.61 1 1
github.com/muety/wakapi/routes/home.go:88.3,89.1 1 1
github.com/muety/wakapi/routes/home.go:90.3,91.1 1 0
github.com/muety/wakapi/routes/home.go:93.2,101.1 4 1
github.com/muety/wakapi/routes/home.go:102.2,102.49 4 1
github.com/muety/wakapi/routes/imprint.go:18.2,21.1 1 0
github.com/muety/wakapi/routes/imprint.go:25.2,26.1 1 0
github.com/muety/wakapi/routes/imprint.go:29.2,29.22 1 0
github.com/muety/wakapi/routes/imprint.go:30.3,31.1 1 0
github.com/muety/wakapi/routes/imprint.go:33.2,34.74 2 0
github.com/muety/wakapi/routes/imprint.go:35.3,36.1 1 0
github.com/muety/wakapi/routes/imprint.go:38.2,38.84 1 0
github.com/muety/wakapi/routes/imprint.go:42.2,44.1 1 0
github.com/muety/wakapi/routes/leaderboard.go:29.2,33.1 1 0
github.com/muety/wakapi/routes/leaderboard.go:37.2,38.1 5 0
github.com/muety/wakapi/routes/leaderboard.go:39.2,42.42 5 0
github.com/muety/wakapi/routes/leaderboard.go:43.3,44.1 1 0
github.com/muety/wakapi/routes/leaderboard.go:46.2,48.1 3 0
github.com/muety/wakapi/routes/leaderboard.go:49.2,49.33 3 0
github.com/muety/wakapi/routes/leaderboard.go:53.2,53.22 1 0
github.com/muety/wakapi/routes/leaderboard.go:54.3,55.1 1 0
github.com/muety/wakapi/routes/leaderboard.go:57.2,57.95 1 0
github.com/muety/wakapi/routes/leaderboard.go:58.3,59.1 1 0
github.com/muety/wakapi/routes/leaderboard.go:63.2,67.1 9 0
github.com/muety/wakapi/routes/leaderboard.go:71.2,75.1 9 0
github.com/muety/wakapi/routes/leaderboard.go:76.2,76.19 9 0
github.com/muety/wakapi/routes/leaderboard.go:77.3,78.17 2 0
github.com/muety/wakapi/routes/leaderboard.go:79.4,84.1 2 0
github.com/muety/wakapi/routes/leaderboard.go:88.3,88.51 1 0
github.com/muety/wakapi/routes/leaderboard.go:90.4,90.109 1 0
github.com/muety/wakapi/routes/leaderboard.go:91.5,91.141 1 0
github.com/muety/wakapi/routes/leaderboard.go:92.6,93.1 1 0
github.com/muety/wakapi/routes/leaderboard.go:97.3,97.49 1 0
github.com/muety/wakapi/routes/leaderboard.go:98.4,99.18 2 0
github.com/muety/wakapi/routes/leaderboard.go:100.5,105.1 2 0
github.com/muety/wakapi/routes/leaderboard.go:109.4,109.19 1 0
github.com/muety/wakapi/routes/leaderboard.go:111.5,111.110 1 0
github.com/muety/wakapi/routes/leaderboard.go:112.6,112.143 1 0
github.com/muety/wakapi/routes/leaderboard.go:113.7,114.1 1 0
github.com/muety/wakapi/routes/leaderboard.go:115.7,116.1 1 0
github.com/muety/wakapi/routes/leaderboard.go:120.4,120.140 1 0
github.com/muety/wakapi/routes/leaderboard.go:121.5,122.1 1 0
github.com/muety/wakapi/routes/leaderboard.go:123.4,124.43 2 0
github.com/muety/wakapi/routes/leaderboard.go:125.5,126.1 1 0
github.com/muety/wakapi/routes/leaderboard.go:128.4,129.24 2 0
github.com/muety/wakapi/routes/leaderboard.go:130.5,130.23 1 0
github.com/muety/wakapi/routes/leaderboard.go:131.6,132.1 1 0
github.com/muety/wakapi/routes/leaderboard.go:133.5,134.53 2 0
github.com/muety/wakapi/routes/leaderboard.go:137.4,141.1 1 0
github.com/muety/wakapi/routes/leaderboard.go:145.2,146.1 3 0
github.com/muety/wakapi/routes/leaderboard.go:147.2,159.1 3 0
github.com/muety/wakapi/routes/leaderboard.go:160.2,160.49 3 0
github.com/muety/wakapi/routes/login.go:39.2,45.1 1 1
github.com/muety/wakapi/routes/login.go:49.2,50.1 3 1
github.com/muety/wakapi/routes/login.go:51.2,53.88 3 1
github.com/muety/wakapi/routes/login.go:54.4,55.1 1 1
github.com/muety/wakapi/routes/login.go:58.2,59.1 3 1
github.com/muety/wakapi/routes/login.go:60.2,62.90 3 1
github.com/muety/wakapi/routes/login.go:63.4,64.1 1 0
github.com/muety/wakapi/routes/login.go:67.2,69.1 5 1
github.com/muety/wakapi/routes/login.go:70.2,71.1 5 1
github.com/muety/wakapi/routes/login.go:72.2,74.88 5 1
github.com/muety/wakapi/routes/login.go:75.4,76.1 1 0
github.com/muety/wakapi/routes/login.go:78.2,80.1 3 1
github.com/muety/wakapi/routes/login.go:81.2,81.40 3 1
github.com/muety/wakapi/routes/login.go:82.3,84.1 2 1
github.com/muety/wakapi/routes/login.go:86.2,90.1 5 1
github.com/muety/wakapi/routes/login.go:91.2,94.39 5 1
github.com/muety/wakapi/routes/login.go:98.2,98.22 1 1
github.com/muety/wakapi/routes/login.go:99.3,100.1 1 0
github.com/muety/wakapi/routes/login.go:102.2,102.85 1 1
github.com/muety/wakapi/routes/login.go:103.3,105.1 2 0
github.com/muety/wakapi/routes/login.go:107.2,107.120 1 1
github.com/muety/wakapi/routes/login.go:108.3,110.1 2 1
github.com/muety/wakapi/routes/login.go:112.2,112.85 1 1
github.com/muety/wakapi/routes/login.go:113.3,114.1 1 1
github.com/muety/wakapi/routes/login.go:116.2,116.73 1 1
github.com/muety/wakapi/routes/login.go:120.2,120.22 1 1
github.com/muety/wakapi/routes/login.go:121.3,122.1 1 0
github.com/muety/wakapi/routes/login.go:124.2,124.85 1 1
github.com/muety/wakapi/routes/login.go:125.3,127.1 2 0
github.com/muety/wakapi/routes/login.go:129.2,129.40 1 1
github.com/muety/wakapi/routes/login.go:130.3,133.1 3 1
github.com/muety/wakapi/routes/login.go:135.2,136.38 2 1
github.com/muety/wakapi/routes/login.go:137.3,140.1 3 0
github.com/muety/wakapi/routes/login.go:141.2,141.112 1 1
github.com/muety/wakapi/routes/login.go:142.3,145.1 3 1
github.com/muety/wakapi/routes/login.go:147.2,148.16 2 1
github.com/muety/wakapi/routes/login.go:150.3,150.72 1 1
github.com/muety/wakapi/routes/login.go:151.4,154.1 3 1
github.com/muety/wakapi/routes/login.go:157.2,157.91 1 1
github.com/muety/wakapi/routes/login.go:158.3,161.1 3 1
github.com/muety/wakapi/routes/login.go:163.2,164.92 2 1
github.com/muety/wakapi/routes/login.go:168.2,168.22 1 0
github.com/muety/wakapi/routes/login.go:169.3,170.1 1 0
github.com/muety/wakapi/routes/login.go:172.2,172.54 1 0
github.com/muety/wakapi/routes/login.go:173.3,174.1 1 0
github.com/muety/wakapi/routes/login.go:175.2,180.85 6 0
github.com/muety/wakapi/routes/login.go:184.2,184.22 1 0
github.com/muety/wakapi/routes/login.go:185.3,186.1 1 0
github.com/muety/wakapi/routes/login.go:188.2,188.85 1 0
github.com/muety/wakapi/routes/login.go:189.3,191.1 2 0
github.com/muety/wakapi/routes/login.go:193.2,193.100 1 0
github.com/muety/wakapi/routes/login.go:197.2,197.22 1 1
github.com/muety/wakapi/routes/login.go:198.3,199.1 1 0
github.com/muety/wakapi/routes/login.go:201.2,202.38 2 1
github.com/muety/wakapi/routes/login.go:203.3,206.1 3 0
github.com/muety/wakapi/routes/login.go:207.2,207.66 1 1
github.com/muety/wakapi/routes/login.go:208.3,211.1 3 0
github.com/muety/wakapi/routes/login.go:213.2,213.120 1 1
github.com/muety/wakapi/routes/login.go:214.3,217.1 3 1
github.com/muety/wakapi/routes/login.go:219.2,219.40 1 1
github.com/muety/wakapi/routes/login.go:220.3,223.1 3 1
github.com/muety/wakapi/routes/login.go:225.2,225.85 1 1
github.com/muety/wakapi/routes/login.go:226.3,228.1 2 0
github.com/muety/wakapi/routes/login.go:230.2,233.1 4 1
github.com/muety/wakapi/routes/login.go:234.2,234.29 4 1
github.com/muety/wakapi/routes/login.go:235.3,235.84 1 0
github.com/muety/wakapi/routes/login.go:236.4,236.62 1 0
github.com/muety/wakapi/routes/login.go:237.5,239.1 2 0
github.com/muety/wakapi/routes/login.go:241.4,241.69 1 0
github.com/muety/wakapi/routes/login.go:242.5,243.1 1 0
github.com/muety/wakapi/routes/login.go:247.2,247.71 1 1
github.com/muety/wakapi/routes/login.go:248.3,251.1 3 0
github.com/muety/wakapi/routes/login.go:253.2,254.1 2 1
github.com/muety/wakapi/routes/login.go:255.2,255.23 2 1
github.com/muety/wakapi/routes/login.go:256.3,258.48 3 1
github.com/muety/wakapi/routes/login.go:259.4,260.1 1 1
github.com/muety/wakapi/routes/login.go:261.3,262.9 2 1
github.com/muety/wakapi/routes/login.go:265.2,266.1 3 1
github.com/muety/wakapi/routes/login.go:267.2,268.16 3 1
github.com/muety/wakapi/routes/login.go:269.3,273.1 4 0
github.com/muety/wakapi/routes/login.go:274.2,274.14 1 1
github.com/muety/wakapi/routes/login.go:275.3,278.1 3 1
github.com/muety/wakapi/routes/login.go:280.2,281.65 2 1
github.com/muety/wakapi/routes/login.go:285.2,285.22 1 0
github.com/muety/wakapi/routes/login.go:286.3,287.1 1 0
github.com/muety/wakapi/routes/login.go:288.2,288.81 1 0
github.com/muety/wakapi/routes/login.go:292.2,292.22 1 0
github.com/muety/wakapi/routes/login.go:293.3,294.1 1 0
github.com/muety/wakapi/routes/login.go:296.2,298.17 3 0
github.com/muety/wakapi/routes/login.go:299.3,302.1 3 0
github.com/muety/wakapi/routes/login.go:304.2,307.1 2 0
github.com/muety/wakapi/routes/login.go:309.2,309.52 2 0
github.com/muety/wakapi/routes/login.go:313.2,313.22 1 0
github.com/muety/wakapi/routes/login.go:314.3,315.1 1 0
github.com/muety/wakapi/routes/login.go:317.2,318.38 2 0
github.com/muety/wakapi/routes/login.go:319.3,322.1 3 0
github.com/muety/wakapi/routes/login.go:323.2,323.70 1 0
github.com/muety/wakapi/routes/login.go:324.3,327.1 3 0
github.com/muety/wakapi/routes/login.go:329.2,330.16 2 0
github.com/muety/wakapi/routes/login.go:331.3,334.1 3 0
github.com/muety/wakapi/routes/login.go:336.2,336.27 1 0
github.com/muety/wakapi/routes/login.go:337.3,340.1 3 0
github.com/muety/wakapi/routes/login.go:342.2,344.96 3 0
github.com/muety/wakapi/routes/login.go:345.3,349.1 4 0
github.com/muety/wakapi/routes/login.go:350.3,351.1 1 0
github.com/muety/wakapi/routes/login.go:353.2,353.51 1 0
github.com/muety/wakapi/routes/login.go:354.3,358.1 4 0
github.com/muety/wakapi/routes/login.go:360.2,361.90 2 0
github.com/muety/wakapi/routes/login.go:365.2,365.22 1 0
github.com/muety/wakapi/routes/login.go:366.3,367.1 1 0
github.com/muety/wakapi/routes/login.go:369.2,369.28 1 0
github.com/muety/wakapi/routes/login.go:370.3,373.1 3 0
github.com/muety/wakapi/routes/login.go:375.2,376.38 2 0
github.com/muety/wakapi/routes/login.go:377.3,380.1 3 0
github.com/muety/wakapi/routes/login.go:381.2,381.79 1 0
github.com/muety/wakapi/routes/login.go:382.3,385.1 3 0
github.com/muety/wakapi/routes/login.go:387.2,387.91 1 0
github.com/muety/wakapi/routes/login.go:388.3,388.31 1 0
github.com/muety/wakapi/routes/login.go:389.4,393.1 4 0
github.com/muety/wakapi/routes/login.go:395.3,395.64 1 0
github.com/muety/wakapi/routes/login.go:396.4,400.1 4 0
github.com/muety/wakapi/routes/login.go:401.4,401.48 1 0
github.com/muety/wakapi/routes/login.go:402.5,403.68 2 0
github.com/muety/wakapi/routes/login.go:404.6,405.1 1 0
github.com/muety/wakapi/routes/login.go:406.6,407.1 1 0
github.com/muety/wakapi/routes/login.go:411.3,412.1 1 0
github.com/muety/wakapi/routes/login.go:414.2,415.65 2 0
github.com/muety/wakapi/routes/login.go:419.2,420.21 2 1
github.com/muety/wakapi/routes/login.go:421.3,422.1 1 1
github.com/muety/wakapi/routes/login.go:423.2,424.75 2 1
github.com/muety/wakapi/routes/login.go:428.2,429.21 2 1
github.com/muety/wakapi/routes/login.go:430.3,431.1 1 1
github.com/muety/wakapi/routes/login.go:433.2,435.1 4 1
github.com/muety/wakapi/routes/login.go:437.2,438.40 4 1
github.com/muety/wakapi/routes/login.go:439.3,444.1 5 1
github.com/muety/wakapi/routes/login.go:445.2,446.1 3 1
github.com/muety/wakapi/routes/login.go:448.2,449.16 3 1
github.com/muety/wakapi/routes/login.go:450.3,455.1 5 1
github.com/muety/wakapi/routes/login.go:458.2,459.9 2 1
github.com/muety/wakapi/routes/login.go:460.3,465.1 5 0
github.com/muety/wakapi/routes/login.go:468.2,469.41 2 1
github.com/muety/wakapi/routes/login.go:470.3,475.1 5 1
github.com/muety/wakapi/routes/login.go:477.2,478.16 2 1
github.com/muety/wakapi/routes/login.go:480.3,480.62 1 1
github.com/muety/wakapi/routes/login.go:481.4,484.1 3 1
github.com/muety/wakapi/routes/login.go:486.3,487.24 2 1
github.com/muety/wakapi/routes/login.go:488.4,491.1 3 0
github.com/muety/wakapi/routes/login.go:493.3,493.93 1 1
github.com/muety/wakapi/routes/login.go:494.4,496.1 2 0
github.com/muety/wakapi/routes/login.go:498.3,504.1 3 1
github.com/muety/wakapi/routes/login.go:505.3,506.29 3 1
github.com/muety/wakapi/routes/login.go:507.4,511.1 4 0
github.com/muety/wakapi/routes/login.go:512.3,512.17 1 1
github.com/muety/wakapi/routes/login.go:515.2,516.34 2 1
github.com/muety/wakapi/routes/login.go:517.3,518.1 1 1
github.com/muety/wakapi/routes/login.go:519.2,520.1 3 1
github.com/muety/wakapi/routes/login.go:521.2,522.92 3 1
github.com/muety/wakapi/routes/login.go:526.2,526.39 1 1
github.com/muety/wakapi/routes/login.go:527.3,530.1 3 0
github.com/muety/wakapi/routes/login.go:532.2,533.16 2 1
github.com/muety/wakapi/routes/login.go:534.3,537.1 3 0
github.com/muety/wakapi/routes/login.go:538.2,538.61 1 1
github.com/muety/wakapi/routes/login.go:539.3,541.1 2 0
github.com/muety/wakapi/routes/login.go:542.2,542.51 1 1
github.com/muety/wakapi/routes/login.go:546.2,546.22 1 1
github.com/muety/wakapi/routes/login.go:547.3,548.1 1 0
github.com/muety/wakapi/routes/login.go:550.2,550.39 1 1
github.com/muety/wakapi/routes/login.go:551.3,554.1 3 0
github.com/muety/wakapi/routes/login.go:556.2,557.25 2 1
github.com/muety/wakapi/routes/login.go:558.3,561.1 3 0
github.com/muety/wakapi/routes/login.go:563.2,564.16 2 1
github.com/muety/wakapi/routes/login.go:565.3,568.1 3 1
github.com/muety/wakapi/routes/login.go:570.2,571.16 2 1
github.com/muety/wakapi/routes/login.go:572.3,575.1 3 0
github.com/muety/wakapi/routes/login.go:576.2,576.71 1 1
github.com/muety/wakapi/routes/login.go:577.3,579.32 3 1
github.com/muety/wakapi/routes/login.go:580.4,581.1 1 0
github.com/muety/wakapi/routes/login.go:583.3,583.69 1 1
github.com/muety/wakapi/routes/login.go:584.4,585.1 1 0
github.com/muety/wakapi/routes/login.go:587.3,587.19 1 1
github.com/muety/wakapi/routes/login.go:589.2,590.16 2 1
github.com/muety/wakapi/routes/login.go:591.3,595.1 4 1
github.com/muety/wakapi/routes/login.go:597.2,598.1 2 1
github.com/muety/wakapi/routes/login.go:599.2,599.43 2 1
github.com/muety/wakapi/routes/login.go:602.3,603.1 1 0
github.com/muety/wakapi/routes/login.go:605.2,605.30 1 1
github.com/muety/wakapi/routes/login.go:606.3,609.1 3 0
github.com/muety/wakapi/routes/login.go:611.2,612.16 2 1
github.com/muety/wakapi/routes/login.go:613.3,617.1 4 0
github.com/muety/wakapi/routes/login.go:619.2,620.92 2 1
github.com/muety/wakapi/routes/login.go:624.2,625.1 2 1
github.com/muety/wakapi/routes/login.go:626.2,633.132 2 1
github.com/muety/wakapi/routes/login.go:634.4,638.1 2 1
github.com/muety/wakapi/routes/login.go:642.2,642.17 1 1
github.com/muety/wakapi/routes/login.go:643.3,644.1 1 0
github.com/muety/wakapi/routes/login.go:646.2,646.49 1 1
github.com/muety/wakapi/routes/login.go:650.2,652.16 3 1
github.com/muety/wakapi/routes/login.go:653.3,656.1 3 1
github.com/muety/wakapi/routes/login.go:657.2,657.17 1 1
github.com/muety/wakapi/routes/login.go:661.2,661.19 1 1
github.com/muety/wakapi/routes/login.go:662.3,663.17 2 1
github.com/muety/wakapi/routes/login.go:664.4,668.1 4 0
github.com/muety/wakapi/routes/login.go:669.3,669.28 1 1
github.com/muety/wakapi/routes/login.go:672.2,673.25 2 1
github.com/muety/wakapi/routes/login.go:677.2,677.56 1 1
github.com/muety/wakapi/routes/login.go:678.3,679.1 1 0
github.com/muety/wakapi/routes/login.go:680.2,680.17 1 1
github.com/muety/wakapi/routes/misc.go:21.2,24.1 1 0
github.com/muety/wakapi/routes/misc.go:28.2,29.1 1 0
github.com/muety/wakapi/routes/misc.go:32.2,33.17 2 0
github.com/muety/wakapi/routes/misc.go:34.3,37.1 3 0
github.com/muety/wakapi/routes/misc.go:39.2,40.16 2 0
github.com/muety/wakapi/routes/misc.go:41.3,44.1 3 0
github.com/muety/wakapi/routes/misc.go:46.2,47.51 2 0
github.com/muety/wakapi/routes/misc.go:48.3,52.1 4 0
github.com/muety/wakapi/routes/misc.go:54.2,55.84 2 0
github.com/muety/wakapi/routes/projects.go:25.2,30.1 1 0
github.com/muety/wakapi/routes/projects.go:34.2,41.1 4 0
github.com/muety/wakapi/routes/projects.go:42.2,43.1 4 0
github.com/muety/wakapi/routes/projects.go:46.2,46.22 1 0
github.com/muety/wakapi/routes/projects.go:47.3,48.1 1 0
github.com/muety/wakapi/routes/projects.go:49.2,49.92 1 0
github.com/muety/wakapi/routes/projects.go:50.3,51.1 1 0
github.com/muety/wakapi/routes/projects.go:55.2,56.17 2 0
github.com/muety/wakapi/routes/projects.go:57.3,59.1 2 0
github.com/muety/wakapi/routes/projects.go:61.2,62.1 6 0
github.com/muety/wakapi/routes/projects.go:65.2,66.1 6 0
github.com/muety/wakapi/routes/projects.go:67.2,69.1 6 0
github.com/muety/wakapi/routes/projects.go:70.2,71.16 6 0
github.com/muety/wakapi/routes/projects.go:72.3,78.1 2 0
github.com/muety/wakapi/routes/projects.go:81.2,89.1 2 0
github.com/muety/wakapi/routes/projects.go:90.2,90.49 2 0
github.com/muety/wakapi/routes/routes.go:20.2,21.1 1 1
github.com/muety/wakapi/routes/routes.go:24.2,45.24 1 1
github.com/muety/wakapi/routes/routes.go:46.4,47.1 1 0
github.com/muety/wakapi/routes/routes.go:49.4,50.1 1 1
github.com/muety/wakapi/routes/routes.go:52.4,53.1 1 1
github.com/muety/wakapi/routes/routes.go:55.4,56.1 1 1
github.com/muety/wakapi/routes/routes.go:58.4,59.1 1 1
github.com/muety/wakapi/routes/routes.go:61.4,62.45 2 1
github.com/muety/wakapi/routes/routes.go:63.5,64.1 1 1
github.com/muety/wakapi/routes/routes.go:65.4,65.34 1 0
github.com/muety/wakapi/routes/routes.go:68.4,69.1 1 0
github.com/muety/wakapi/routes/routes.go:71.4,72.1 1 0
github.com/muety/wakapi/routes/routes.go:74.4,75.1 1 0
github.com/muety/wakapi/routes/routes.go:77.4,78.1 1 1
github.com/muety/wakapi/routes/routes.go:80.4,81.1 1 1
github.com/muety/wakapi/routes/routes.go:86.2,86.32 1 1
github.com/muety/wakapi/routes/routes.go:87.3,88.1 1 1
github.com/muety/wakapi/routes/routes.go:89.2,89.33 1 1
github.com/muety/wakapi/routes/routes.go:90.3,91.1 1 1
github.com/muety/wakapi/routes/routes.go:92.2,92.31 1 1
github.com/muety/wakapi/routes/routes.go:93.3,94.1 1 1
github.com/muety/wakapi/routes/routes.go:95.2,95.27 1 1
github.com/muety/wakapi/routes/routes.go:96.3,97.1 1 1
github.com/muety/wakapi/routes/routes.go:98.2,98.32 1 1
github.com/muety/wakapi/routes/routes.go:99.3,100.1 1 1
github.com/muety/wakapi/routes/routes.go:101.2,101.30 1 1
github.com/muety/wakapi/routes/routes.go:102.3,103.1 1 1
github.com/muety/wakapi/routes/routes.go:104.2,104.31 1 1
github.com/muety/wakapi/routes/routes.go:105.3,106.1 1 1
github.com/muety/wakapi/routes/routes.go:107.2,107.31 1 1
github.com/muety/wakapi/routes/routes.go:108.3,109.1 1 1
github.com/muety/wakapi/routes/routes.go:110.2,110.33 1 1
github.com/muety/wakapi/routes/routes.go:111.3,112.1 1 1
github.com/muety/wakapi/routes/routes.go:113.2,113.18 1 0
github.com/muety/wakapi/routes/routes.go:118.2,119.86 2 1
github.com/muety/wakapi/routes/routes.go:120.3,121.1 1 1
github.com/muety/wakapi/routes/routes.go:122.3,122.13 1 0
github.com/muety/wakapi/routes/routes.go:127.2,128.1 1 1
github.com/muety/wakapi/routes/routes.go:131.2,132.1 1 0
github.com/muety/wakapi/routes/routes.go:135.2,136.1 1 0
github.com/muety/wakapi/routes/settings.go:82.2,98.1 1 1
github.com/muety/wakapi/routes/settings.go:102.2,111.1 6 1
github.com/muety/wakapi/routes/settings.go:112.2,113.1 6 1
github.com/muety/wakapi/routes/settings.go:116.2,116.22 1 1
github.com/muety/wakapi/routes/settings.go:117.3,118.1 1 0
github.com/muety/wakapi/routes/settings.go:119.2,120.16 2 1
github.com/muety/wakapi/routes/settings.go:121.3,121.13 1 0
github.com/muety/wakapi/routes/settings.go:126.2,126.22 1 1
github.com/muety/wakapi/routes/settings.go:127.3,128.1 1 0
github.com/muety/wakapi/routes/settings.go:130.2,130.38 1 1
github.com/muety/wakapi/routes/settings.go:131.3,133.17 3 0
github.com/muety/wakapi/routes/settings.go:134.4,134.14 1 0
github.com/muety/wakapi/routes/settings.go:136.3,136.9 1 0
github.com/muety/wakapi/routes/settings.go:139.2,141.1 4 1
github.com/muety/wakapi/routes/settings.go:142.2,143.23 4 1
github.com/muety/wakapi/routes/settings.go:144.3,148.1 4 0
github.com/muety/wakapi/routes/settings.go:150.2,151.1 2 1
github.com/muety/wakapi/routes/settings.go:153.2,153.23 2 1
github.com/muety/wakapi/routes/settings.go:154.3,155.1 1 0
github.com/muety/wakapi/routes/settings.go:157.2,157.24 1 1
github.com/muety/wakapi/routes/settings.go:158.3,161.1 3 1
github.com/muety/wakapi/routes/settings.go:162.2,162.26 1 1
github.com/muety/wakapi/routes/settings.go:163.3,166.1 3 1
github.com/muety/wakapi/routes/settings.go:167.2,167.84 1 0
github.com/muety/wakapi/routes/settings.go:171.2,171.16 1 1
github.com/muety/wakapi/routes/settings.go:173.3,173.32 1 0
github.com/muety/wakapi/routes/settings.go:175.3,175.30 1 0
github.com/muety/wakapi/routes/settings.go:177.3,177.28 1 0
github.com/muety/wakapi/routes/settings.go:179.3,179.29 1 0
github.com/muety/wakapi/routes/settings.go:181.3,181.29 1 0
github.com/muety/wakapi/routes/settings.go:183.3,183.26 1 0
github.com/muety/wakapi/routes/settings.go:185.3,185.26 1 0
github.com/muety/wakapi/routes/settings.go:187.3,187.29 1 0
github.com/muety/wakapi/routes/settings.go:189.3,189.39 1 0
github.com/muety/wakapi/routes/settings.go:191.3,191.36 1 0
github.com/muety/wakapi/routes/settings.go:193.3,193.31 1 0
github.com/muety/wakapi/routes/settings.go:195.3,195.35 1 0
github.com/muety/wakapi/routes/settings.go:197.3,197.35 1 0
github.com/muety/wakapi/routes/settings.go:199.3,199.32 1 0
github.com/muety/wakapi/routes/settings.go:201.3,201.37 1 0
github.com/muety/wakapi/routes/settings.go:203.3,203.27 1 0
github.com/muety/wakapi/routes/settings.go:205.3,205.28 1 0
github.com/muety/wakapi/routes/settings.go:207.3,207.32 1 0
github.com/muety/wakapi/routes/settings.go:209.3,209.46 1 0
github.com/muety/wakapi/routes/settings.go:211.3,211.41 1 0
github.com/muety/wakapi/routes/settings.go:213.3,213.42 1 0
github.com/muety/wakapi/routes/settings.go:215.3,215.27 1 0
github.com/muety/wakapi/routes/settings.go:217.3,217.30 1 0
github.com/muety/wakapi/routes/settings.go:219.3,219.29 1 1
github.com/muety/wakapi/routes/settings.go:221.3,221.32 1 1
github.com/muety/wakapi/routes/settings.go:223.2,223.12 1 0
github.com/muety/wakapi/routes/settings.go:227.2,227.22 1 1
github.com/muety/wakapi/routes/settings.go:228.3,229.1 1 0
github.com/muety/wakapi/routes/settings.go:230.2,231.30 2 1
github.com/muety/wakapi/routes/settings.go:232.3,234.1 2 1
github.com/muety/wakapi/routes/settings.go:236.2,236.68 1 1
github.com/muety/wakapi/routes/settings.go:237.3,240.1 3 0
github.com/muety/wakapi/routes/settings.go:242.2,245.16 2 1
github.com/muety/wakapi/routes/settings.go:246.3,249.1 3 0
github.com/muety/wakapi/routes/settings.go:251.2,251.68 1 1
github.com/muety/wakapi/routes/settings.go:252.3,255.1 3 0
github.com/muety/wakapi/routes/settings.go:256.2,256.59 1 1
github.com/muety/wakapi/routes/settings.go:260.2,260.22 1 0
github.com/muety/wakapi/routes/settings.go:261.3,262.1 1 0
github.com/muety/wakapi/routes/settings.go:264.2,265.1 3 0
github.com/muety/wakapi/routes/settings.go:266.2,267.38 3 0
github.com/muety/wakapi/routes/settings.go:268.3,269.1 1 0
github.com/muety/wakapi/routes/settings.go:270.2,270.72 1 0
github.com/muety/wakapi/routes/settings.go:271.3,272.1 1 0
github.com/muety/wakapi/routes/settings.go:274.2,274.24 1 0
github.com/muety/wakapi/routes/settings.go:275.3,276.1 1 0
github.com/muety/wakapi/routes/settings.go:278.2,278.57 1 0
github.com/muety/wakapi/routes/settings.go:279.3,280.1 1 0
github.com/muety/wakapi/routes/settings.go:282.2,285.1 9 0
github.com/muety/wakapi/routes/settings.go:286.2,291.1 9 0
github.com/muety/wakapi/routes/settings.go:292.2,292.51 9 0
github.com/muety/wakapi/routes/settings.go:293.3,293.68 1 0
github.com/muety/wakapi/routes/settings.go:294.4,295.1 1 0
github.com/muety/wakapi/routes/settings.go:296.3,296.92 1 0
github.com/muety/wakapi/routes/settings.go:299.2,299.15 1 0
github.com/muety/wakapi/routes/settings.go:300.3,300.37 1 0
github.com/muety/wakapi/routes/settings.go:301.4,302.1 1 0
github.com/muety/wakapi/routes/settings.go:304.3,304.47 1 0
github.com/muety/wakapi/routes/settings.go:305.4,306.54 2 0
github.com/muety/wakapi/routes/settings.go:307.5,308.1 1 0
github.com/muety/wakapi/routes/settings.go:311.3,311.189 1 0
github.com/muety/wakapi/routes/settings.go:314.2,314.74 1 0
github.com/muety/wakapi/routes/settings.go:318.2,318.22 1 0
github.com/muety/wakapi/routes/settings.go:319.3,320.1 1 0
github.com/muety/wakapi/routes/settings.go:322.2,323.1 2 0
github.com/muety/wakapi/routes/settings.go:324.2,324.30 2 0
github.com/muety/wakapi/routes/settings.go:325.3,326.1 1 0
github.com/muety/wakapi/routes/settings.go:328.2,329.38 2 0
github.com/muety/wakapi/routes/settings.go:330.3,331.1 1 0
github.com/muety/wakapi/routes/settings.go:332.2,332.76 1 0
github.com/muety/wakapi/routes/settings.go:333.3,334.1 1 0
github.com/muety/wakapi/routes/settings.go:336.2,336.100 1 0
github.com/muety/wakapi/routes/settings.go:337.3,338.1 1 0
github.com/muety/wakapi/routes/settings.go:340.2,340.28 1 0
github.com/muety/wakapi/routes/settings.go:341.3,342.1 1 0
github.com/muety/wakapi/routes/settings.go:344.2,345.96 2 0
github.com/muety/wakapi/routes/settings.go:346.3,347.1 1 0
github.com/muety/wakapi/routes/settings.go:348.3,349.1 1 0
github.com/muety/wakapi/routes/settings.go:351.2,351.51 1 0
github.com/muety/wakapi/routes/settings.go:352.3,353.1 1 0
github.com/muety/wakapi/routes/settings.go:355.2,355.82 1 0
github.com/muety/wakapi/routes/settings.go:359.2,359.22 1 0
github.com/muety/wakapi/routes/settings.go:360.3,361.1 1 0
github.com/muety/wakapi/routes/settings.go:363.2,364.1 3 0
github.com/muety/wakapi/routes/settings.go:365.2,366.65 3 0
github.com/muety/wakapi/routes/settings.go:367.3,368.1 1 0
github.com/muety/wakapi/routes/settings.go:369.2,369.71 1 0
github.com/muety/wakapi/routes/settings.go:370.3,371.1 1 0
github.com/muety/wakapi/routes/settings.go:373.2,373.68 1 0
github.com/muety/wakapi/routes/settings.go:374.3,375.1 1 0
github.com/muety/wakapi/routes/settings.go:377.2,378.51 2 0
github.com/muety/wakapi/routes/settings.go:380.3,381.1 1 0
github.com/muety/wakapi/routes/settings.go:383.2,386.38 4 0
github.com/muety/wakapi/routes/settings.go:390.2,390.22 1 0
github.com/muety/wakapi/routes/settings.go:391.3,392.1 1 0
github.com/muety/wakapi/routes/settings.go:394.2,395.56 2 0
github.com/muety/wakapi/routes/settings.go:396.3,397.1 1 0
github.com/muety/wakapi/routes/settings.go:399.2,400.50 2 0
github.com/muety/wakapi/routes/settings.go:404.2,404.22 1 0
github.com/muety/wakapi/routes/settings.go:405.3,406.1 1 0
github.com/muety/wakapi/routes/settings.go:408.2,411.1 5 0
github.com/muety/wakapi/routes/settings.go:412.2,413.1 5 0
github.com/muety/wakapi/routes/settings.go:414.2,414.16 5 0
github.com/muety/wakapi/routes/settings.go:415.3,416.1 1 0
github.com/muety/wakapi/routes/settings.go:417.2,417.51 1 0
github.com/muety/wakapi/routes/settings.go:418.3,419.1 1 0
github.com/muety/wakapi/routes/settings.go:420.2,420.65 1 0
github.com/muety/wakapi/routes/settings.go:424.2,424.22 1 0
github.com/muety/wakapi/routes/settings.go:425.3,426.1 1 0
github.com/muety/wakapi/routes/settings.go:428.2,431.1 5 0
github.com/muety/wakapi/routes/settings.go:432.2,433.1 5 0
github.com/muety/wakapi/routes/settings.go:434.2,434.16 5 0
github.com/muety/wakapi/routes/settings.go:435.3,436.1 1 0
github.com/muety/wakapi/routes/settings.go:437.2,437.51 1 0
github.com/muety/wakapi/routes/settings.go:438.3,439.1 1 0
github.com/muety/wakapi/routes/settings.go:441.2,441.36 1 0
github.com/muety/wakapi/routes/settings.go:442.3,443.1 1 0
github.com/muety/wakapi/routes/settings.go:445.2,445.46 1 0
github.com/muety/wakapi/routes/settings.go:446.3,447.53 2 0
github.com/muety/wakapi/routes/settings.go:448.4,449.1 1 0
github.com/muety/wakapi/routes/settings.go:452.2,452.96 1 0
github.com/muety/wakapi/routes/settings.go:456.2,456.22 1 0
github.com/muety/wakapi/routes/settings.go:457.3,458.1 1 0
github.com/muety/wakapi/routes/settings.go:460.2,463.1 6 0
github.com/muety/wakapi/routes/settings.go:464.2,466.90 6 0
github.com/muety/wakapi/routes/settings.go:467.3,468.1 1 0
github.com/muety/wakapi/routes/settings.go:469.2,470.1 2 0
github.com/muety/wakapi/routes/settings.go:471.2,471.51 2 0
github.com/muety/wakapi/routes/settings.go:472.3,473.1 1 0
github.com/muety/wakapi/routes/settings.go:475.2,475.135 1 0
github.com/muety/wakapi/routes/settings.go:479.2,479.22 1 0
github.com/muety/wakapi/routes/settings.go:480.3,481.1 1 0
github.com/muety/wakapi/routes/settings.go:483.2,485.1 4 0
github.com/muety/wakapi/routes/settings.go:486.2,487.1 4 0
github.com/muety/wakapi/routes/settings.go:488.2,488.51 4 0
github.com/muety/wakapi/routes/settings.go:489.3,490.1 1 0
github.com/muety/wakapi/routes/settings.go:492.2,492.65 1 0
github.com/muety/wakapi/routes/settings.go:496.2,496.22 1 0
github.com/muety/wakapi/routes/settings.go:497.3,498.1 1 0
github.com/muety/wakapi/routes/settings.go:500.2,502.1 12 0
github.com/muety/wakapi/routes/settings.go:503.2,504.1 12 0
github.com/muety/wakapi/routes/settings.go:505.2,513.1 12 0
github.com/muety/wakapi/routes/settings.go:514.2,514.16 12 0
github.com/muety/wakapi/routes/settings.go:515.3,516.1 1 0
github.com/muety/wakapi/routes/settings.go:518.2,518.51 1 0
github.com/muety/wakapi/routes/settings.go:519.3,520.1 1 0
github.com/muety/wakapi/routes/settings.go:522.2,522.65 1 0
github.com/muety/wakapi/routes/settings.go:526.2,526.22 1 0
github.com/muety/wakapi/routes/settings.go:527.3,528.1 1 0
github.com/muety/wakapi/routes/settings.go:530.2,533.16 4 0
github.com/muety/wakapi/routes/settings.go:534.3,535.1 1 0
github.com/muety/wakapi/routes/settings.go:537.2,537.105 1 0
github.com/muety/wakapi/routes/settings.go:538.3,539.1 1 0
github.com/muety/wakapi/routes/settings.go:539.9,539.64 1 0
github.com/muety/wakapi/routes/settings.go:540.3,541.1 1 0
github.com/muety/wakapi/routes/settings.go:543.2,543.77 1 0
github.com/muety/wakapi/routes/settings.go:547.2,547.22 1 0
github.com/muety/wakapi/routes/settings.go:548.3,549.1 1 0
github.com/muety/wakapi/routes/settings.go:550.2,554.16 5 0
github.com/muety/wakapi/routes/settings.go:555.3,556.1 1 0
github.com/muety/wakapi/routes/settings.go:558.2,563.1 2 0
github.com/muety/wakapi/routes/settings.go:565.2,565.53 2 0
github.com/muety/wakapi/routes/settings.go:567.3,568.1 1 0
github.com/muety/wakapi/routes/settings.go:570.2,570.73 1 0
github.com/muety/wakapi/routes/settings.go:574.2,574.22 1 0
github.com/muety/wakapi/routes/settings.go:575.3,576.1 1 0
github.com/muety/wakapi/routes/settings.go:577.2,578.1 3 0
github.com/muety/wakapi/routes/settings.go:579.2,580.1 3 0
github.com/muety/wakapi/routes/settings.go:581.2,581.36 3 0
github.com/muety/wakapi/routes/settings.go:582.3,586.1 2 0
github.com/muety/wakapi/routes/settings.go:587.3,588.1 2 0
github.com/muety/wakapi/routes/settings.go:590.2,590.31 1 0
github.com/muety/wakapi/routes/settings.go:591.3,592.23 2 0
github.com/muety/wakapi/routes/settings.go:593.4,594.1 1 0
github.com/muety/wakapi/routes/settings.go:595.3,595.61 1 0
github.com/muety/wakapi/routes/settings.go:597.4,598.1 1 0
github.com/muety/wakapi/routes/settings.go:600.2,600.84 1 0
github.com/muety/wakapi/routes/settings.go:604.2,604.22 1 0
github.com/muety/wakapi/routes/settings.go:605.3,606.1 1 0
github.com/muety/wakapi/routes/settings.go:608.2,611.1 5 0
github.com/muety/wakapi/routes/settings.go:612.2,613.16 5 0
github.com/muety/wakapi/routes/settings.go:614.3,615.1 1 0
github.com/muety/wakapi/routes/settings.go:617.2,617.27 1 0
github.com/muety/wakapi/routes/settings.go:618.3,618.56 1 0
github.com/muety/wakapi/routes/settings.go:619.4,619.55 1 0
github.com/muety/wakapi/routes/settings.go:620.5,621.1 1 0
github.com/muety/wakapi/routes/settings.go:622.4,622.77 1 0
github.com/muety/wakapi/routes/settings.go:625.2,625.70 1 0
github.com/muety/wakapi/routes/settings.go:629.2,629.22 1 0
github.com/muety/wakapi/routes/settings.go:630.3,631.1 1 0
github.com/muety/wakapi/routes/settings.go:633.2,635.16 3 0
github.com/muety/wakapi/routes/settings.go:636.3,637.1 1 0
github.com/muety/wakapi/routes/settings.go:639.2,640.34 2 0
github.com/muety/wakapi/routes/settings.go:641.3,642.1 1 0
github.com/muety/wakapi/routes/settings.go:642.9,642.38 1 0
github.com/muety/wakapi/routes/settings.go:643.3,644.1 1 0
github.com/muety/wakapi/routes/settings.go:646.2,646.62 1 0
github.com/muety/wakapi/routes/settings.go:647.3,648.1 1 0
github.com/muety/wakapi/routes/settings.go:650.2,650.77 1 0
github.com/muety/wakapi/routes/settings.go:654.2,654.22 1 0
github.com/muety/wakapi/routes/settings.go:655.3,656.1 1 0
github.com/muety/wakapi/routes/settings.go:657.2,660.1 4 0
github.com/muety/wakapi/routes/settings.go:661.2,661.25 4 0
github.com/muety/wakapi/routes/settings.go:662.3,663.1 1 0
github.com/muety/wakapi/routes/settings.go:665.2,669.1 2 0
github.com/muety/wakapi/routes/settings.go:671.2,671.65 2 0
github.com/muety/wakapi/routes/settings.go:672.3,673.1 1 0
github.com/muety/wakapi/routes/settings.go:675.2,675.75 1 0
github.com/muety/wakapi/routes/settings.go:679.2,679.22 1 0
github.com/muety/wakapi/routes/settings.go:680.3,681.1 1 0
github.com/muety/wakapi/routes/settings.go:683.2,686.51 4 0
github.com/muety/wakapi/routes/settings.go:687.3,688.1 1 0
github.com/muety/wakapi/routes/settings.go:691.2,691.127 1 0
github.com/muety/wakapi/routes/settings.go:692.3,693.1 1 0
github.com/muety/wakapi/routes/settings.go:695.2,695.86 1 0
github.com/muety/wakapi/routes/settings.go:696.3,697.1 1 0
github.com/muety/wakapi/routes/settings.go:699.2,699.86 1 0
github.com/muety/wakapi/routes/settings.go:703.2,703.22 1 0
github.com/muety/wakapi/routes/settings.go:704.3,705.1 1 0
github.com/muety/wakapi/routes/settings.go:707.2,707.33 1 0
github.com/muety/wakapi/routes/settings.go:708.3,709.1 1 0
github.com/muety/wakapi/routes/settings.go:711.2,712.31 2 0
github.com/muety/wakapi/routes/settings.go:713.3,714.1 1 0
github.com/muety/wakapi/routes/settings.go:716.2,719.1 5 0
github.com/muety/wakapi/routes/settings.go:720.2,721.48 5 0
github.com/muety/wakapi/routes/settings.go:722.3,723.1 1 0
github.com/muety/wakapi/routes/settings.go:725.2,725.23 1 0
github.com/muety/wakapi/routes/settings.go:726.3,727.92 2 0
github.com/muety/wakapi/routes/settings.go:728.4,733.1 1 0
github.com/muety/wakapi/routes/settings.go:736.3,737.94 2 0
github.com/muety/wakapi/routes/settings.go:738.4,743.1 1 0
github.com/muety/wakapi/routes/settings.go:747.2,747.82 1 0
github.com/muety/wakapi/routes/settings.go:748.3,749.1 4 0
github.com/muety/wakapi/routes/settings.go:750.3,751.1 4 0
github.com/muety/wakapi/routes/settings.go:752.3,756.121 4 0
github.com/muety/wakapi/routes/settings.go:757.4,758.1 1 0
github.com/muety/wakapi/routes/settings.go:760.4,761.1 1 0
github.com/muety/wakapi/routes/settings.go:762.3,762.25 1 0
github.com/muety/wakapi/routes/settings.go:763.4,765.1 2 0
github.com/muety/wakapi/routes/settings.go:768.3,772.1 4 0
github.com/muety/wakapi/routes/settings.go:773.3,775.1 4 0
github.com/muety/wakapi/routes/settings.go:776.3,776.45 4 0
github.com/muety/wakapi/routes/settings.go:777.4,777.61 1 0
github.com/muety/wakapi/routes/settings.go:778.5,779.1 1 0
github.com/muety/wakapi/routes/settings.go:782.3,782.26 1 0
github.com/muety/wakapi/routes/settings.go:783.4,785.1 3 0
github.com/muety/wakapi/routes/settings.go:786.4,786.50 3 0
github.com/muety/wakapi/routes/settings.go:787.5,789.1 2 0
github.com/muety/wakapi/routes/settings.go:791.3,791.21 1 0
github.com/muety/wakapi/routes/settings.go:792.4,793.1 1 0
github.com/muety/wakapi/routes/settings.go:795.3,797.1 4 0
github.com/muety/wakapi/routes/settings.go:798.3,799.1 4 0
github.com/muety/wakapi/routes/settings.go:800.3,800.20 4 0
github.com/muety/wakapi/routes/settings.go:801.4,802.53 2 0
github.com/muety/wakapi/routes/settings.go:803.5,804.1 1 0
github.com/muety/wakapi/routes/settings.go:807.3,807.23 1 0
github.com/muety/wakapi/routes/settings.go:808.4,808.118 1 0
github.com/muety/wakapi/routes/settings.go:809.5,810.1 1 0
github.com/muety/wakapi/routes/settings.go:811.5,812.1 1 0
github.com/muety/wakapi/routes/settings.go:816.2,820.1 2 0
github.com/muety/wakapi/routes/settings.go:821.2,821.127 2 0
github.com/muety/wakapi/routes/settings.go:825.2,825.22 1 0
github.com/muety/wakapi/routes/settings.go:826.3,827.1 1 0
github.com/muety/wakapi/routes/settings.go:829.2,830.1 2 0
github.com/muety/wakapi/routes/settings.go:831.2,831.36 2 0
github.com/muety/wakapi/routes/settings.go:832.3,833.1 1 0
github.com/muety/wakapi/routes/settings.go:835.2,835.46 1 0
github.com/muety/wakapi/routes/settings.go:836.3,837.53 2 0
github.com/muety/wakapi/routes/settings.go:838.4,839.1 1 0
github.com/muety/wakapi/routes/settings.go:842.2,842.154 1 0
github.com/muety/wakapi/routes/settings.go:846.2,846.22 1 0
github.com/muety/wakapi/routes/settings.go:847.3,848.1 1 0
github.com/muety/wakapi/routes/settings.go:850.2,852.1 3 0
github.com/muety/wakapi/routes/settings.go:853.2,853.46 3 0
github.com/muety/wakapi/routes/settings.go:854.3,855.61 2 0
github.com/muety/wakapi/routes/settings.go:856.4,857.1 1 0
github.com/muety/wakapi/routes/settings.go:859.3,860.59 2 0
github.com/muety/wakapi/routes/settings.go:861.4,862.1 1 0
github.com/muety/wakapi/routes/settings.go:864.3,865.60 2 0
github.com/muety/wakapi/routes/settings.go:866.4,867.1 1 0
github.com/muety/wakapi/routes/settings.go:870.2,870.110 1 0
github.com/muety/wakapi/routes/settings.go:874.2,874.22 1 0
github.com/muety/wakapi/routes/settings.go:875.3,876.1 1 0
github.com/muety/wakapi/routes/settings.go:878.2,879.46 2 0
github.com/muety/wakapi/routes/settings.go:880.3,881.1 2 0
github.com/muety/wakapi/routes/settings.go:882.3,882.49 2 0
github.com/muety/wakapi/routes/settings.go:883.4,884.1 1 0
github.com/muety/wakapi/routes/settings.go:885.4,886.1 1 0
github.com/muety/wakapi/routes/settings.go:889.2,892.38 4 0
github.com/muety/wakapi/routes/settings.go:896.2,896.22 1 0
github.com/muety/wakapi/routes/settings.go:897.3,898.1 1 0
github.com/muety/wakapi/routes/settings.go:900.2,902.1 3 0
github.com/muety/wakapi/routes/settings.go:903.2,906.17 3 0
github.com/muety/wakapi/routes/settings.go:907.3,908.1 1 0
github.com/muety/wakapi/routes/settings.go:910.2,917.1 1 0
github.com/muety/wakapi/routes/settings.go:921.2,922.1 1 0
github.com/muety/wakapi/routes/settings.go:925.2,925.19 1 0
github.com/muety/wakapi/routes/settings.go:926.3,927.1 1 0
github.com/muety/wakapi/routes/settings.go:929.2,934.1 3 0
github.com/muety/wakapi/routes/settings.go:936.2,941.16 3 0
github.com/muety/wakapi/routes/settings.go:942.3,943.1 1 0
github.com/muety/wakapi/routes/settings.go:945.2,946.1 2 0
github.com/muety/wakapi/routes/settings.go:947.2,947.73 2 0
github.com/muety/wakapi/routes/settings.go:948.3,949.1 1 0
github.com/muety/wakapi/routes/settings.go:951.2,951.13 1 0
github.com/muety/wakapi/routes/settings.go:955.2,956.1 2 0
github.com/muety/wakapi/routes/settings.go:957.2,957.60 2 0
github.com/muety/wakapi/routes/settings.go:958.3,960.1 2 0
github.com/muety/wakapi/routes/settings.go:962.2,962.95 1 0
github.com/muety/wakapi/routes/settings.go:963.3,965.1 2 0
github.com/muety/wakapi/routes/settings.go:967.2,967.12 1 0
github.com/muety/wakapi/routes/settings.go:971.2,971.22 1 0
github.com/muety/wakapi/routes/settings.go:972.3,973.1 1 0
github.com/muety/wakapi/routes/settings.go:975.2,976.1 2 0
github.com/muety/wakapi/routes/settings.go:977.2,982.17 2 0
github.com/muety/wakapi/routes/settings.go:983.3,984.1 1 0
github.com/muety/wakapi/routes/settings.go:986.2,987.50 2 0
github.com/muety/wakapi/routes/settings.go:991.2,991.22 1 0
github.com/muety/wakapi/routes/settings.go:992.3,993.1 1 0
github.com/muety/wakapi/routes/settings.go:995.2,997.1 3 0
github.com/muety/wakapi/routes/settings.go:998.2,998.32 3 0
github.com/muety/wakapi/routes/settings.go:999.3,1000.1 1 0
github.com/muety/wakapi/routes/settings.go:1002.2,1003.16 2 0
github.com/muety/wakapi/routes/settings.go:1004.3,1005.1 1 0
github.com/muety/wakapi/routes/settings.go:1007.2,1007.28 1 0
github.com/muety/wakapi/routes/settings.go:1008.3,1008.30 1 0
github.com/muety/wakapi/routes/settings.go:1009.4,1009.49 1 0
github.com/muety/wakapi/routes/settings.go:1010.5,1011.1 1 0
github.com/muety/wakapi/routes/settings.go:1012.4,1012.79 1 0
github.com/muety/wakapi/routes/settings.go:1015.2,1015.72 1 0
github.com/muety/wakapi/routes/settings.go:1019.2,1019.22 1 1
github.com/muety/wakapi/routes/settings.go:1020.3,1021.1 1 0
github.com/muety/wakapi/routes/settings.go:1023.2,1023.39 1 1
github.com/muety/wakapi/routes/settings.go:1024.3,1025.1 1 0
github.com/muety/wakapi/routes/settings.go:1027.2,1028.30 2 1
github.com/muety/wakapi/routes/settings.go:1029.3,1030.1 1 0
github.com/muety/wakapi/routes/settings.go:1032.2,1032.68 1 1
github.com/muety/wakapi/routes/settings.go:1033.3,1035.1 2 0
github.com/muety/wakapi/routes/settings.go:1036.2,1037.29 2 1
github.com/muety/wakapi/routes/settings.go:1038.3,1039.1 1 0
github.com/muety/wakapi/routes/settings.go:1041.2,1041.37 1 1
github.com/muety/wakapi/routes/settings.go:1042.3,1042.34 1 1
github.com/muety/wakapi/routes/settings.go:1043.4,1044.1 1 1
github.com/muety/wakapi/routes/settings.go:1047.2,1049.16 3 1
github.com/muety/wakapi/routes/settings.go:1050.3,1051.1 1 0
github.com/muety/wakapi/routes/settings.go:1054.2,1055.16 2 1
github.com/muety/wakapi/routes/settings.go:1056.3,1058.1 2 0
github.com/muety/wakapi/routes/settings.go:1059.2,1060.16 2 1
github.com/muety/wakapi/routes/settings.go:1061.3,1063.1 2 0
github.com/muety/wakapi/routes/settings.go:1064.2,1065.16 2 1
github.com/muety/wakapi/routes/settings.go:1066.3,1067.1 1 0
github.com/muety/wakapi/routes/settings.go:1069.2,1069.90 1 1
github.com/muety/wakapi/routes/settings.go:1073.2,1073.22 1 1
github.com/muety/wakapi/routes/settings.go:1074.3,1075.1 1 0
github.com/muety/wakapi/routes/settings.go:1077.2,1077.39 1 1
github.com/muety/wakapi/routes/settings.go:1078.3,1079.1 1 0
github.com/muety/wakapi/routes/settings.go:1081.2,1082.30 2 1
github.com/muety/wakapi/routes/settings.go:1083.3,1084.1 1 0
github.com/muety/wakapi/routes/settings.go:1086.2,1088.37 3 1
github.com/muety/wakapi/routes/settings.go:1089.3,1090.1 1 0
github.com/muety/wakapi/routes/settings.go:1091.2,1091.68 1 1
github.com/muety/wakapi/routes/settings.go:1092.3,1093.1 1 0
github.com/muety/wakapi/routes/settings.go:1094.2,1094.92 1 1
github.com/muety/wakapi/routes/settings.go:1098.2,1099.1 4 1
github.com/muety/wakapi/routes/settings.go:1101.2,1102.1 4 1
github.com/muety/wakapi/routes/settings.go:1104.2,1105.16 4 1
github.com/muety/wakapi/routes/settings.go:1106.3,1112.1 2 0
github.com/muety/wakapi/routes/settings.go:1114.2,1115.28 2 1
github.com/muety/wakapi/routes/settings.go:1116.3,1117.32 2 0
github.com/muety/wakapi/routes/settings.go:1118.4,1119.1 1 0
github.com/muety/wakapi/routes/settings.go:1120.4,1121.1 1 0
github.com/muety/wakapi/routes/settings.go:1124.2,1125.29 2 1
github.com/muety/wakapi/routes/settings.go:1126.3,1130.1 2 0
github.com/muety/wakapi/routes/settings.go:1131.3,1131.23 2 0
github.com/muety/wakapi/routes/settings.go:1132.4,1133.1 1 0
github.com/muety/wakapi/routes/settings.go:1134.3,1134.48 1 0
github.com/muety/wakapi/routes/settings.go:1138.2,1139.16 2 1
github.com/muety/wakapi/routes/settings.go:1140.3,1146.1 2 0
github.com/muety/wakapi/routes/settings.go:1149.2,1150.29 2 1
github.com/muety/wakapi/routes/settings.go:1151.3,1154.1 2 0
github.com/muety/wakapi/routes/settings.go:1155.3,1155.24 2 0
github.com/muety/wakapi/routes/settings.go:1156.4,1157.1 1 0
github.com/muety/wakapi/routes/settings.go:1158.3,1158.46 1 0
github.com/muety/wakapi/routes/settings.go:1160.2,1160.49 1 1
github.com/muety/wakapi/routes/settings.go:1161.3,1162.1 1 0
github.com/muety/wakapi/routes/settings.go:1165.2,1166.16 2 1
github.com/muety/wakapi/routes/settings.go:1167.3,1173.1 2 0
github.com/muety/wakapi/routes/settings.go:1177.2,1178.36 2 1
github.com/muety/wakapi/routes/settings.go:1179.3,1180.1 1 0
github.com/muety/wakapi/routes/settings.go:1183.2,1184.16 2 1
github.com/muety/wakapi/routes/settings.go:1185.3,1191.1 2 0
github.com/muety/wakapi/routes/settings.go:1195.2,1197.1 5 1
github.com/muety/wakapi/routes/settings.go:1199.2,1205.1 5 1
github.com/muety/wakapi/routes/settings.go:1207.2,1208.16 5 1
github.com/muety/wakapi/routes/settings.go:1209.3,1215.1 2 0
github.com/muety/wakapi/routes/settings.go:1217.2,1217.33 1 1
github.com/muety/wakapi/routes/settings.go:1218.3,1223.1 1 0
github.com/muety/wakapi/routes/settings.go:1225.2,1225.56 1 1
github.com/muety/wakapi/routes/settings.go:1226.3,1232.1 2 0
github.com/muety/wakapi/routes/settings.go:1236.2,1237.85 2 1
github.com/muety/wakapi/routes/settings.go:1238.3,1239.1 1 0
github.com/muety/wakapi/routes/settings.go:1241.2,1259.1 2 1
github.com/muety/wakapi/routes/settings.go:1261.2,1261.49 2 1
github.com/muety/wakapi/routes/settings.go:1265.2,1267.32 3 0
github.com/muety/wakapi/routes/settings.go:1268.3,1269.1 1 0
github.com/muety/wakapi/routes/settings.go:1270.2,1271.13 2 0
github.com/muety/wakapi/routes/settings.go:1275.2,1278.1 3 0
github.com/muety/wakapi/routes/settings.go:1281.2,1285.1 4 0
github.com/muety/wakapi/routes/settings.go:1288.2,1288.19 1 1
github.com/muety/wakapi/routes/settings.go:1289.3,1290.1 1 1
github.com/muety/wakapi/routes/settings.go:1291.2,1293.9 3 0
github.com/muety/wakapi/routes/settings.go:1294.3,1295.1 1 0
github.com/muety/wakapi/routes/settings.go:1296.2,1296.16 1 0
github.com/muety/wakapi/routes/setup.go:20.2,23.1 1 0
github.com/muety/wakapi/routes/setup.go:27.2,28.1 5 0
github.com/muety/wakapi/routes/setup.go:29.2,33.1 5 0
github.com/muety/wakapi/routes/setup.go:34.2,36.1 5 0
github.com/muety/wakapi/routes/setup.go:37.2,38.1 5 0
github.com/muety/wakapi/routes/setup.go:41.2,41.22 1 0
github.com/muety/wakapi/routes/setup.go:42.3,43.1 1 0
github.com/muety/wakapi/routes/setup.go:45.2,45.66 1 0
github.com/muety/wakapi/routes/setup.go:49.2,54.1 1 0
github.com/muety/wakapi/routes/subscription.go:53.2,55.1 3 0
github.com/muety/wakapi/routes/subscription.go:56.2,56.34 3 0
github.com/muety/wakapi/routes/subscription.go:57.3,58.1 3 0
github.com/muety/wakapi/routes/subscription.go:59.3,60.17 3 0
github.com/muety/wakapi/routes/subscription.go:61.4,62.1 1 0
github.com/muety/wakapi/routes/subscription.go:63.3,64.1 2 0
github.com/muety/wakapi/routes/subscription.go:65.3,65.103 2 0
github.com/muety/wakapi/routes/subscription.go:68.2,74.1 3 0
github.com/muety/wakapi/routes/subscription.go:76.2,77.33 3 0
github.com/muety/wakapi/routes/subscription.go:78.3,78.31 1 0
github.com/muety/wakapi/routes/subscription.go:79.4,80.37 2 0
github.com/muety/wakapi/routes/subscription.go:81.5,81.13 1 0
github.com/muety/wakapi/routes/subscription.go:84.4,85.63 2 0
github.com/muety/wakapi/routes/subscription.go:86.5,87.1 1 0
github.com/muety/wakapi/routes/subscription.go:88.5,89.1 1 0
github.com/muety/wakapi/routes/subscription.go:93.2,93.16 1 0
github.com/muety/wakapi/routes/subscription.go:99.2,99.37 1 0
github.com/muety/wakapi/routes/subscription.go:100.3,101.1 1 0
github.com/muety/wakapi/routes/subscription.go:103.2,107.1 10 0
github.com/muety/wakapi/routes/subscription.go:108.2,116.1 10 0
github.com/muety/wakapi/routes/subscription.go:117.2,118.48 10 0
github.com/muety/wakapi/routes/subscription.go:122.2,122.22 1 0
github.com/muety/wakapi/routes/subscription.go:123.3,124.1 1 0
github.com/muety/wakapi/routes/subscription.go:126.2,127.22 2 0
github.com/muety/wakapi/routes/subscription.go:128.3,131.1 3 0
github.com/muety/wakapi/routes/subscription.go:133.2,133.38 1 0
github.com/muety/wakapi/routes/subscription.go:134.3,137.1 3 0
github.com/muety/wakapi/routes/subscription.go:139.2,151.1 2 0
github.com/muety/wakapi/routes/subscription.go:153.2,153.33 2 0
github.com/muety/wakapi/routes/subscription.go:154.3,155.1 1 0
github.com/muety/wakapi/routes/subscription.go:156.3,157.1 1 0
github.com/muety/wakapi/routes/subscription.go:159.2,160.16 2 0
github.com/muety/wakapi/routes/subscription.go:161.3,165.1 4 0
github.com/muety/wakapi/routes/subscription.go:167.2,167.55 1 0
github.com/muety/wakapi/routes/subscription.go:171.2,171.22 1 0
github.com/muety/wakapi/routes/subscription.go:172.3,173.1 1 0
github.com/muety/wakapi/routes/subscription.go:175.2,176.33 2 0
github.com/muety/wakapi/routes/subscription.go:177.3,180.1 3 0
github.com/muety/wakapi/routes/subscription.go:182.2,185.1 3 0
github.com/muety/wakapi/routes/subscription.go:187.2,188.16 3 0
github.com/muety/wakapi/routes/subscription.go:189.3,193.1 4 0
github.com/muety/wakapi/routes/subscription.go:195.2,195.55 1 0
github.com/muety/wakapi/routes/subscription.go:199.2,201.16 3 0
github.com/muety/wakapi/routes/subscription.go:202.3,205.1 3 0
github.com/muety/wakapi/routes/subscription.go:207.2,210.16 2 0
github.com/muety/wakapi/routes/subscription.go:211.3,214.1 3 0
github.com/muety/wakapi/routes/subscription.go:216.2,216.20 1 0
github.com/muety/wakapi/routes/subscription.go:221.3,222.17 2 0
github.com/muety/wakapi/routes/subscription.go:223.4,224.1 1 0
github.com/muety/wakapi/routes/subscription.go:225.3,226.1 3 0
github.com/muety/wakapi/routes/subscription.go:228.3,229.17 3 0
github.com/muety/wakapi/routes/subscription.go:230.4,231.1 3 0
github.com/muety/wakapi/routes/subscription.go:233.4,234.18 3 0
github.com/muety/wakapi/routes/subscription.go:235.5,238.1 3 0
github.com/muety/wakapi/routes/subscription.go:240.4,241.18 2 0
github.com/muety/wakapi/routes/subscription.go:242.5,245.1 3 0
github.com/muety/wakapi/routes/subscription.go:246.4,246.12 1 0
github.com/muety/wakapi/routes/subscription.go:249.3,249.71 1 0
github.com/muety/wakapi/routes/subscription.go:250.4,253.1 3 0
github.com/muety/wakapi/routes/subscription.go:257.3,258.17 2 0
github.com/muety/wakapi/routes/subscription.go:259.4,260.1 1 0
github.com/muety/wakapi/routes/subscription.go:261.3,262.1 3 0
github.com/muety/wakapi/routes/subscription.go:263.3,264.17 3 0
github.com/muety/wakapi/routes/subscription.go:265.4,267.1 2 0
github.com/muety/wakapi/routes/subscription.go:269.3,269.34 1 0
github.com/muety/wakapi/routes/subscription.go:270.4,271.53 2 0
github.com/muety/wakapi/routes/subscription.go:272.5,273.1 1 0
github.com/muety/wakapi/routes/subscription.go:274.5,275.1 1 0
github.com/muety/wakapi/routes/subscription.go:276.10,276.66 1 0
github.com/muety/wakapi/routes/subscription.go:277.4,278.1 1 0
github.com/muety/wakapi/routes/subscription.go:281.3,281.81 1 0
github.com/muety/wakapi/routes/subscription.go:284.2,284.30 1 0
github.com/muety/wakapi/routes/subscription.go:288.2,290.1 2 0
github.com/muety/wakapi/routes/subscription.go:293.2,294.1 1 0
github.com/muety/wakapi/routes/subscription.go:297.2,298.1 2 0
github.com/muety/wakapi/routes/subscription.go:299.2,299.29 2 0
github.com/muety/wakapi/routes/subscription.go:301.3,302.1 2 0
github.com/muety/wakapi/routes/subscription.go:303.3,303.80 2 0
github.com/muety/wakapi/routes/subscription.go:304.4,308.1 4 0
github.com/muety/wakapi/routes/subscription.go:310.3,310.104 1 0
github.com/muety/wakapi/routes/subscription.go:311.4,313.1 2 0
github.com/muety/wakapi/routes/subscription.go:315.3,317.154 3 0
github.com/muety/wakapi/routes/subscription.go:319.3,320.13 2 0
github.com/muety/wakapi/routes/subscription.go:323.2,324.33 2 0
github.com/muety/wakapi/routes/subscription.go:325.3,326.1 1 0
github.com/muety/wakapi/routes/subscription.go:327.2,327.12 1 0
github.com/muety/wakapi/routes/subscription.go:331.2,332.70 2 0
github.com/muety/wakapi/routes/subscription.go:333.3,336.1 3 0
github.com/muety/wakapi/routes/subscription.go:337.2,337.27 1 0
github.com/muety/wakapi/routes/subscription.go:341.2,342.73 2 0
github.com/muety/wakapi/routes/subscription.go:343.3,346.1 3 0
github.com/muety/wakapi/routes/subscription.go:348.2,348.30 1 0
github.com/muety/wakapi/routes/subscription.go:353.2,354.16 2 0
github.com/muety/wakapi/routes/subscription.go:355.3,356.1 1 0
github.com/muety/wakapi/routes/subscription.go:357.2,358.12 2 0
github.com/muety/wakapi/routes/subscription.go:362.2,366.1 3 0
github.com/muety/wakapi/routes/subscription.go:368.2,369.38 3 0
github.com/muety/wakapi/routes/subscription.go:370.3,371.1 1 0
github.com/muety/wakapi/routes/subscription.go:373.2,373.20 1 0
github.com/muety/wakapi/routes/subscription.go:374.3,375.1 1 0
github.com/muety/wakapi/routes/subscription.go:376.3,377.1 1 0
github.com/muety/wakapi/routes/subscription.go:381.2,389.1 4 0
github.com/muety/wakapi/routes/subscription.go:390.2,391.1 4 0
github.com/muety/wakapi/routes/subscription.go:392.2,392.62 4 0
github.com/muety/wakapi/routes/subscription.go:393.3,394.1 1 0
github.com/muety/wakapi/routes/subscription.go:395.2,395.86 1 0
github.com/muety/wakapi/routes/subscription.go:399.2,400.57 2 0
github.com/muety/wakapi/routes/subscription.go:401.3,402.1 1 0
github.com/muety/wakapi/routes/summary.go:35.2,42.1 1 0
github.com/muety/wakapi/routes/summary.go:46.2,52.1 4 0
github.com/muety/wakapi/routes/summary.go:53.2,54.1 4 0
github.com/muety/wakapi/routes/summary.go:57.2,57.22 1 0
github.com/muety/wakapi/routes/summary.go:58.3,59.1 1 0
github.com/muety/wakapi/routes/summary.go:61.2,63.52 3 0
github.com/muety/wakapi/routes/summary.go:66.3,66.89 1 0
github.com/muety/wakapi/routes/summary.go:67.4,70.1 3 0
github.com/muety/wakapi/routes/summary.go:72.3,73.30 2 0
github.com/muety/wakapi/routes/summary.go:74.9,74.36 1 0
github.com/muety/wakapi/routes/summary.go:76.3,78.1 2 0
github.com/muety/wakapi/routes/summary.go:80.2,82.16 3 0
github.com/muety/wakapi/routes/summary.go:83.3,87.1 4 0
github.com/muety/wakapi/routes/summary.go:89.2,90.16 2 0
github.com/muety/wakapi/routes/summary.go:91.3,95.1 4 0
github.com/muety/wakapi/routes/summary.go:96.2,97.1 3 0
github.com/muety/wakapi/routes/summary.go:98.2,99.17 3 0
github.com/muety/wakapi/routes/summary.go:100.3,103.1 3 0
github.com/muety/wakapi/routes/summary.go:106.2,107.16 2 0
github.com/muety/wakapi/routes/summary.go:108.3,112.1 4 0
github.com/muety/wakapi/routes/summary.go:115.2,116.120 2 0
github.com/muety/wakapi/routes/summary.go:117.3,118.17 2 0
github.com/muety/wakapi/routes/summary.go:119.4,120.1 1 0
github.com/muety/wakapi/routes/summary.go:121.4,122.1 1 0
github.com/muety/wakapi/routes/summary.go:126.2,128.35 3 0
github.com/muety/wakapi/routes/summary.go:129.3,130.1 1 0
github.com/muety/wakapi/routes/summary.go:131.2,131.148 1 0
github.com/muety/wakapi/routes/summary.go:134.3,134.28 1 0
github.com/muety/wakapi/routes/summary.go:135.4,135.126 1 0
github.com/muety/wakapi/routes/summary.go:136.5,138.1 2 0
github.com/muety/wakapi/routes/summary.go:141.3,142.1 1 0
github.com/muety/wakapi/routes/summary.go:144.2,161.1 2 0
github.com/muety/wakapi/routes/summary.go:163.2,163.48 2 0
github.com/muety/wakapi/routes/summary.go:167.2,174.1 2 0
github.com/muety/wakapi/routes/summary.go:177.2,179.37 3 0
github.com/muety/wakapi/routes/summary.go:180.3,181.17 2 0
github.com/muety/wakapi/routes/summary.go:182.4,183.1 1 0
github.com/muety/wakapi/routes/summary.go:184.3,184.44 1 0
github.com/muety/wakapi/routes/summary.go:186.2,186.23 1 0
github.com/muety/wakapi/routes/summary.go:191.2,192.91 1 0
github.com/muety/wakapi/routes/summary.go:192.93,192.110 1 0
github.com/muety/wakapi/routes/summary.go:193.94,193.111 1 0
github.com/muety/wakapi/routes/summary.go:194.93,194.110 1 0
github.com/muety/wakapi/routes/summary.go:195.91,195.108 1 0
github.com/muety/wakapi/routes/summary.go:196.95,196.112 1 0
github.com/muety/wakapi/routes/test_utils.go:15.2,21.1 6 1
github.com/muety/wakapi/routes/test_utils.go:32.2,38.1 2 1
github.com/muety/wakapi/routes/test_utils.go:41.2,41.53 2 1
github.com/muety/wakapi/routes/test_utils.go:42.3,42.26 1 1
github.com/muety/wakapi/routes/test_utils.go:43.4,44.1 1 1
github.com/muety/wakapi/routes/test_utils.go:45.3,45.27 1 1
github.com/muety/wakapi/routes/test_utils.go:46.4,47.1 1 1
github.com/muety/wakapi/routes/test_utils.go:48.3,48.31 1 1
github.com/muety/wakapi/routes/test_utils.go:49.4,50.1 1 1
github.com/muety/wakapi/routes/test_utils.go:51.3,51.33 1 1
github.com/muety/wakapi/routes/test_utils.go:52.4,53.1 1 1
github.com/muety/wakapi/routes/test_utils.go:54.3,54.32 1 1
github.com/muety/wakapi/routes/test_utils.go:55.4,56.1 1 1
github.com/muety/wakapi/routes/test_utils.go:57.3,57.22 1 1
github.com/muety/wakapi/routes/test_utils.go:58.4,59.1 1 1
github.com/muety/wakapi/routes/test_utils.go:60.3,60.25 1 1
github.com/muety/wakapi/routes/test_utils.go:61.4,62.1 1 0
github.com/muety/wakapi/routes/test_utils.go:65.2,66.23 2 1
